"""ClassificationCode""","""ClassificationCode"" Descriptions"
10,WEAPONS
1000,
1005,"GUNS, THROUGH 30MM"
1005,"GUNS, THROUGH 30 MM"
1010,"GUNS, OVER 30MM UP TO 75MM"
1010,"GUNS, OVER 30 MM UP TO 75 MM"
1015,"GUNS, 75MM THROUGH 125MM"
1015,"GUNS, 75 MM THROUGH 125 MM"
1020,"GUNS, OVER 125MM THROUGH 150MM"
1020,60
1025,"GUNS, OVER 150MM THROUGH 200MM"
1025,GUNS OVER 150 MM THROUGH 200 MM
1030,"GUNS, OVER 200MM THROUGH 300MM"
1030,GUNS OVER 200 MM THROUGH 300 MM
1035,"GUNS, OVER 300MM"
1035,"GUNS, OVER 300 MM"
1040,CHEMICAL WEAPONS AND EQUIPMENT
1045,"LAUNCHERS, TORPEDO AND DEPTH CHARGE"
1055,"LAUNCHERS, ROCKET AND PYROTECHNIC"
1070,"NETS AND BOOMS, ORDNANCE"
1075,DEGAUSSING AND MINE SWEEPING EQUIPMENT
1075,DEGAUSSING & MINE SWEEPING EQUIPMEN
1080,CAMOUFLAGE AND DECEPTION EQUIPMENT
1090,ASSEMBLIES INTERCHANGEABLE BETWEEN WEAPONS IN TWO OR MORE CLASSES
1090,WPNS ASSY INTERCHANGE BETWN 2/MORE
1095,MISCELLANEOUS WEAPONS
11,NUCLEAR ORDNANCE
1105,NUCLEAR BOMBS
1110,NUCLEAR PROJECTILES
1115,NUCLEAR WARHEADS & WARHEAD SECTIONS
1115,NUCLEAR WARHEADS AND WARHEAD SECTIONS
1120,NUCLEAR DEPTH CHARGES
1125,NUCLEAR DEMOLITION CHARGES
1127,NUCLEAR ROCKETS
1130,"CONVERSION KITS, NUCLEAR ORDNANCE"
1135,"FUZING AND FIRING DEVICES, NUCLEAR ORDNANCE"
1135,"FUZING & FIRING DEVICES, NUCLEAR OR"
1140,NUCLEAR COMPONENTS
1145,"EXPLOSIVE & PYROTECHNIC COMPS, NUCL"
1145,"EXPLOSIVE AND PYROTECHNIC COMPONENTS, NUCLEAR ORDNANCE"
1190,"SPEC TEST & HANDLING EQ, NUCLEAR EQ"
1190,"SPECIALIZED TEST AND HANDLING EQUIPMENT, NUCLEAR ORDNANCE"
1195,MISCELLANEOUS NUCLEAR ORDNANCE
12,FIRE CONTROL EQPT.
1210,FIRE CONTROL DIRECTORS
1220,FIRE CONTROL COMPUTING SIGHTS AND DEVICES
1220,FIRE CONT COMPUTING SIGHTS & DEVICE
1230,"FIRE CONTROL SYSTEMS, COMPLETE"
1240,OPTICAL SIGHTING AND RANGING EQUIPMENT
1240,OPTICAL SIGHTING & RANGING EQUIPMEN
1250,FIRE CONTROL STABILIZING MECHANISMS
1260,FIRE CONT DESIGNATING-INDICATING EQ
1260,FIRE CONTROL DESIGNATING AND INDICATING EQUIPMENT
1265,FIRE CONT EQ EXCEPT AIRBORNE
1265,"FIRE CONTROL TRANSMITTING AND RECEIVING EQUIPMENT, EXCEPT AIRBORNE"
1270,AIRCRAFT GUNNERY FIRE CONT COMPS
1270,AIRCRAFT GUNNERY FIRE CONTROL COMPONENTS
1280,AIRCRAFT BOMBING FIRE CONT COMPS
1280,AIRCRAFT BOMBING FIRE CONTROL COMPONENTS
1285,"FIRE CONTROL RADAR EQUIPMENT, EXCEPT AIRBORNE"
1285,FIRE CONT RADAR EQ EXCEPT AIRBORNE
1287,FIRE CONTROL SONAR EQUIPMENT
1290,MISCELLANEOUS FIRE CONTROL EQUIPMENT
1290,MISC FIRE CONT EQUIPMENT
13,AMMUNITION AND EXPLOSIVES
1305,"AMMUNITION, THROUGH 30 MM"
1305,"AMMUNITION, THROUGH 30MM"
1310,"AMMUNITION, OVER 30MM UP TO 75MM"
1310,"AMMUNITION, OVER 30 MM UP TO 75 MM"
1315,"AMMUNITION, 75 MM THROUGH 125 MM."
1315,"AMMUNITION, 75MM THROUGH 125MM"
1320,"AMMUNITION, OVER 125 MM"
1320,"AMMUNITION, OVER 125MM"
1325,BOMBS
1330,GRENADES
1336,GUIDED MISSILE WARHEADS AND EXPLOSIVE COMPONENTS
1336,GUIDED MSL WARHDS-EXPLOSIVE COMPS
1337,MSL & SPACE VEH EXPLOSIVE PROPULSN
1337,"GUIDED MISSILE AND SPACE VEHICLE EXPLOSIVE PROPULSION UNITS, SOLID FUEL; AND COMPONENTS"
1338,"GUIDED MISSILE AND SPACE VEHICLE INERT PROPULSION UNITS, SOLID FUEL; AND COMPONENTS"
1338,MSL & SPACE VEH INERT PROPULSION
1340,"ROCKETS, ROCKET AMMUNITION AND ROCKET COMPONENTS"
1340,ROCKETS & ROCKET AMMUNITION
1345,LAND MINES
1346,REMOTE MUNITIONS
1350,UNDERWATER MINE INERT COMPONENTS
1350,"UNDERWATER MINE AND COMPONENTS, INERT"
1351,UNDERWATER MINE EXPLOSIVE COMPS
1351,"UNDERWATER MINES AND COMPONENTS, EXPLOSIVE"
1352,UNDERWATER MINE DISPOSAL INERT DEVICES
1352,UNDERWATER MINE DISPOAL INERT DEVICES
1353,UNDERWATER MINE DISPOSAL EXPLOSIVE DEVICES
1353,UNDERWATER MINE DISPOAL EXPLOSIVE DEVICES
1355,"TORPEDOS AND COMPONENTS, INERT"
1355,TORPEDO INERT COMPONENTS
1356,"TORPEDOS AND COMPONENTS, EXPLOSIVE"
1356,TORPEDO EXPLOSIVE COMPONENTS
1360,"DEPTH CHARGES AND COMPONENTS, INERT"
1360,DEPTH CHARGE INERT COMPONENTS
1361,"DEPTH CHARGES AND COMPONENTS, EXPLOSIVE"
1361,DEPTH CHARGE EXPLOSIVE COMPONENTS
1365,MILITARY CHEMICAL AGENTS
1367,"TACTICAL SETS, KITS, AND OUTFITS"
1370,PYROTECHNICS
1375,DEMOLITION MATERIALS
1376,BULK EXPLOSIVES
1377,CARTRIDGE & PROPELLANT DEVICES
1377,CARTRIDGE AND PROPELLANT ACTUATED DEVICES AND COMPONENTS
1380,MILITARY BIOLOGICAL AGENTS
1385,SURFACE USE EXPLOSIVE ORDNANCE DISPOSAL TOOLS AND EQUIPMENT
1385,SURFACE EXPLOSIVE ORD DISPOSAL TOOL
1386,UNDERWATER USE EXPLOSIVE ORDNANCE DISPOSAL AND SWIMMER WEAPONS SYSTEMS TOOLS AND EQUIPMENT
1386,UNDERWATER EXPLOSIVE ORD DISPOSAL
1390,FUZES AND PRIMERS
1395,MISCELLANEOUS AMMUNITION
1398,AMMUNITION HANDLING & SERVICING EQ
1398,SPECIALIZED AMMUNITION HANDLING AND SERVICING EQUIPMENT
14,GUIDED MISSLES
1410,GUIDED MISSILES
1420,GUIDED MISSILE COMPONENTS
1425,"GUIDED MISSILE SYSTEMS, COMPLETE"
1427,GUIDED MISSILE SUBSYSTEMS
1430,GUIDED MISSILE REMOTE CONTROL SYSTEMS
1430,GUIDED MISSILE REMOTE CONT SYSTEMS
1440,"LAUNCHERS, GUIDED MISSILE"
1450,GUIDED MISSILE HANDLING SERVICE EQ
1450,GUIDED MISSILE HANDLING AND SERVICING EQUIPMENT
15,AIRCRAFT/AIRFRAME STRUCTURE COMPTS
15,AEROSPACE CRAFT AND STRUCTURAL COMPONENTS
1510,"AIRCRAFT, FIXED WING"
1520,"AIRCRAFT, ROTARY WING"
1540,GLIDERS
1550,DRONES
1550,UNMANNED AIRCRAFT
1555,SPACE VEHICLES
1560,AIRFRAME STRUCTURAL COMPONENTS
16,AIRCRAFT COMPONENTS/ACCESSORIES
16,AEROSPACE CRAFT COMPONENTS AND ACCESSORIES
1610,AIRCRAFT PROPELLERS AND COMPONENTS
1615,"HELICOPTER ROTOR BLADES, DRIVE MECHANISMS AND COMPONENTS"
1615,HELICOPTER ROTOR BLADES-DRIVE MECH
1620,AIRCRAFT LANDING GEAR COMPONENTS
1630,AIRCRAFT WHEEL AND BRAKE SYSTEMS
1640,AIRCRAFT CONTROL CABLE PRODUCTS
1650,"AIRCRAFT HYDRAULIC, VACUUM, AND DE-ICING SYSTEM COMPONENTS"
1650,AIRCRAFT HYDRAULIC VACUUM DE-ICING
1660,"AIRCRAFT AIR CONDITIONING, HEATING, AND PRESSURIZING EQUIPMENT"
1660,AIRCRAFT AIR CONDITION HEATING EQ
1670,"PARACHUTES; AERIAL PICK UP, DELIVERY, RECOVERY SYSTEMS; AND CARGO TIE DOWN EQUIPMENT"
1670,PARACHUTE RECOVER SYS & TIE DOWN EQ
1675,SPACE VEHICLE COMPONENTS
1677,SPACE VEHICLE REMOTE CONTROL SYSTEMS
1680,MISCELLANEOUS AIRCRAFT ACCESSORIES AND COMPONENTS
1680,MISCL AIRCRAFT ACCESSORIES COMPS
17,AIRCRAFT LAUNCH/LAND/GROUND HANDLE
17,"AEROSPACE CRAFT LAUNCHING, LANDING, GROUND HANDLING AND SERVICING EQUIPMENT"
1710,AIRCRAFT LANDING EQUIPMENT
1720,AIRCRAFT LAUNCHING EQUIPMENT
1725,SPACE VEHICLE LAUNCHERS
1730,AIRCRAFT GROUND SERVICING EQUIPMENT
1735,SPACE VEHICLE HANDLING AND SERVICING EQUIPMENT
1740,AIRFIELD SPECIAL TRUCKS & TRAILERS
1740,AIRFIELD SPECIALIZED TRUCKS AND TRAILERS
18,SPACE VEHICLES
1810,SPACE VEHICLES
1820,SPACE VEHICLE COMPONENTS
1830,SPACE VEHICLE REMOTE CONTROL SYSTEMS
1830,SPACE VEHICLE REMOTE CONT SYSTEMS
1840,SPACE VEHICLE LAUNCHERS
1850,SPACE VEHICLE HANDLING & SERVICE EQ
1850,SPACE VEHICLE HANDLING AND SERVICING EQUIPMENT
1860,SPACE SURVIVAL EQUIPMENT
19,"SHIPS, SMALL CRAFT, PONTOON, DOCKS"
1900,FRIGATES ANS CORVETTES
1901,AIRCRAFT CARRIERS
1902,CRUISERS
1903,DESTROYERS
1904,SUBMARINES
1905,COMBAT SHIPS AND LANDING VESSELS
1906,MINELAYERS ADN MINESWEEPERS
1907,LANDING CRAFT
1908,TORPEDO BOATS AND GUN BOATS
1909,HYDROFOILS
1910,TRANSPORT VESSELS-PASSENGER & TROOP
1910,"TRANSPORT VESSELS, PASSENGER AND TROOP"
1911,AMPHIBIOUS ASSAULT SHIPS
1915,CARGO AND TANKER VESSELS
1920,FISHING VESSELS
1921,TUGS AND TOWBOATS
1922,FIRE BOATS
1923,ICE BREAKERS
1924,REPAIR SHIPS
1925,SPECIAL SERVICE VESSELS
1926,LIGHTSHIPS
1927,CABLE SHIPS
1928,SALVAGE VESSELS
1929,RESCUE VESSELS
1930,"BARGES AND LIGHTERS, CARGO"
1935,BARGES & LIGHTERS SPECIAL PURPOSE
1935,"BARGES AND LIGHTERS, SPECIAL PURPOSE"
1940,SMALL CRAFT
1945,PONTOONS AND FLOATING DOCKS
1950,FLOATING DRYDOCKS
1955,DREDGES
1990,MISCELLANEOUS VESSELS
20,SHIP AND MARINE EQUIPMENT
2010,SHIP AND BOAT PROPULSION COMPONENTS
2020,RIGGING AND RIGGING GEAR
2030,DECK MACHINERY
2040,MARINE HARDWARE AND HULL ITEMS
2050,BUOYS
2060,COMMERCIAL FISHING EQUIPMENT
2090,MISC SHIP & MARINE EQ
2090,MISCELLANEOUS SHIP AND MARINE EQUIPMENT
22,RAILWAY EQUIPMENT
2210,LOCOMOTIVES
2220,RAIL CARS
2230,RAILROAD RIGHT OF WAY CONSTR EQ
2230,"RIGHT-OF-WAY CONSTRUCTION AND MAINTENANCE EQUIPMENT, RAILROAD"
2240,LOCOMOTIVE AND RAIL CAR ACCESSORIES AND COMPONENTS
2240,LOCOMOTIVE & RAIL CAR ACCESSORIES
2250,"TRACK MATERIAL, RAILROAD"
23,"MOTOR VEHICLES, CYCLES, TRAILERS"
2305,GROUND EFFECT VEHICLES
2310,PASSENGER MOTOR VEHICLES
2320,"TRUCKS AND TRUCK TRACTORS, WHEELED"
2330,TRAILERS
2340,"MOTORCYCLES, MOTOR SCOOTERS, AND BICYCLES"
2340,"MOTORCYCLE,MOTOR SCOOTERS & BIKES"
2350,"COMBAT, ASSAULT, AND TACTICAL VEHICLES, TRACKED"
2350,COMBAT ASSAULT & TACTICAL VEH
2355,COMBAT ASSAULT AND TACTICAL VEHICLES WHEELED
2355,"COMBAT, ASSAULT, AND TACTICAL VEHICLES, WHEELED"
24,TRACTORS
2410,"TRACTOR, FULL TRACKED, LOW SPEED"
2410,"TRACTORS, FULL TRACKED, LOW SPEED"
2420,"TRACTORS, WHEELED"
2430,"TRACTORS, FULL TRACKED, HIGH SPEED"
25,VEHICULAR EQUIPMENT COMPONENTS
2510,"VEHICULAR CAB, BODY, AND FRAME STRUCTURAL COMPONENTS"
2510,VEH CAB BODY FRAME STRUCTURAL COMP
2520,VEHICULAR POWER TRANSMISSION COMPONENTS
2520,VEH POWER TRANSMISSION COMPONENTS
2530,VEH BRAKE STEERING AXLE WHEEL COMP
2530,"VEHICULAR BRAKE, STEERING, AXLE, WHEEL, AND TRACK COMPONENTS"
2540,VEHICULAR FURNITURE AND ACCESSORIES
2541,WEAPONS SYSTEMS SPECIFIC VEHICULAR ACCESSORIES
2541,VEH ACCESSORY/WEAPONS SYS SPECIFIC
2590,MISCELLANEOUS VEHICULAR COMPONENTS
26,TIRES AND TUBES
2610,TIRES & TUBES PNEUMATIC EXCEPT AIR
2610,"TIRES AND TUBES, PNEUMATIC, EXCEPT AIRCRAFT"
2620,"TIRES AND TUBES, PNEUMATIC, AIRCRAFT"
2620,TIRES & TUBES PNEUMATIC AIRCRAFT
2630,"TIRES, SOLID AND CUSHION"
2640,TIRE REBUILDING AND TIRE AND TUBE REPAIR MATERIALS
2640,TIRES & TUBES REBUILDING-REP MTL
28,ENGINES AND TURBINES AND COMPONENT
2805,"GASOLINE RECIPROCATING ENGINES, EXCEPT AIRCRAFT; AND COMPONENTS"
2805,GAS RECIPROCATING ENG - EXCEPT AIR
2810,"GASOLINE RECIPROCATING ENGINES, AIRCRAFT PRIME MOVER; AND COMPONENTS"
2810,GAS RECIPROCATING ENG - AIRCRAFT
2815,DIESEL ENGINES AND COMPONENTS
2820,"STEAM ENGINES, RECIPROCATING; AND COMPONENTS"
2820,STEAM ENGINES RECIPROCATING & COMPS
2825,STEAM TURBINES AND COMPONENTS
2830,WATER TURBINES AND WATER WHEELS; AND COMPONENTS
2830,"WATER TURBINES,WATER WHEELS & COMPS"
2835,"GAS TURBINES AND JET ENGINES; NON-AIRCRAFT PRIME MOVER, AIRCRAFT NON-PRIME MOVER, AND COMPONENTS"
2835,GAS TURBINES & JET ENG EXCEPT AIR
2840,"GAS TURBINES AND JET ENGINES, AIRCRAFT, PRIME MOVING; AND COMPONENTS"
2840,GAS TURBINES & JET ENGINES AIRCRAFT
2845,ROCKET ENGINES AND COMPONENTS
2850,GASOLINE ROTARY ENGINES AND COMPONENTS
2850,GASOLINE ROTORY ENGINES & COMPS
2895,MISCELLANEOUS ENGINES AND COMPONENTS
2895,MISC ENGINES & COMPONENTS
29,ENGINE ACCESSORIES
2910,"ENGINE FUEL SYSTEM COMPONENTS, NONAIRCRAFT"
2910,ENGINE FUEL SYS COMPONENTS NONAIR
2915,"ENGINE FUEL SYSTEM COMPONENTS, AIRCRAFT AND MISSILE PRIME MOVERS"
2915,ENGINE FUEL SYSTEM COMPONENTS AIR
2920,"ENGINE ELECTRICAL SYSTEM COMPONENTS, NONAIRCRAFT"
2920,ENGINE ELECT SYS COMPS NONAIRCRAFT
2925,"ENGINE ELECTRICAL SYSTEM COMPONENTS, AIRCRAFT PRIME MOVING"
2925,ENGINE ELECT SYS COMPS - AIRCRAFT
2930,"ENGINE COOLING SYSTEM COMPONENTS, NONAIRCRAFT"
2930,ENGINE COOLING SYS COMPS - NONAIR
2935,"ENGINE SYSTEM COOLING COMPONENTS, AIRCRAFT PRIME MOVING"
2935,ENGINE COOLING SYS COMPONENTS - AIR
2940,"ENGINE AIR AND OIL FILTERS, STRAINERS, AND CLEANERS, NONAIRCRAFT"
2940,ENGINE AIR & OIL FILTERS - NONAIR
2945,"ENGINE AIR AND OIL FILTERS, CLEANERS, AIRCRAFT PRIME MOVING"
2945,ENGINE AIR & OIL FILTERS - AIR
2950,TURBOSUPERCHARGER AND COMPONENTS
2950,TURBOSUPERCHARGERS AND COMPONENTS
2990,"MISCELLANEOUS ENGINE ACCESSORIES, NONAIRCRAFT"
2990,MISC ENGINE ACCESSORIES - NONAIR
2995,"MISCELLANEOUS ENGINE ACCESSORIES, AIRCRAFT"
2995,MISC ENGINE ACCESSORIES - AIRCRAFT
30,MECHANICAL POWER TRANSMISSION EQPT
3010,TORQUE CONVERTERS & SPEED CHANGERS
3010,TORQUE CONVERTERS AND SPEED CHANGERS
3020,"GEARS, PULLEYS, SPROCKETS, AND TRANSMISSION CHAIN"
3020,GEAR PULLEY SPROCKET & TRAN CHAIN
3030,"BELTING, DRIVE BELTS, FAN BELTS, AND ACCESSORIES"
3030,BELTING DRIVE BELTS FAN BELTS & ACC
3040,MISCELLANEOUS POWER TRANSMISSION EQUIPMENT
3040,MISC POWER TRANSMISSION EQ
31,BEARINGS
3110,"BEARINGS, ANTIFRICTION, UNMOUNTED"
3120,"BEARINGS, PLAIN, UNMOUNTED"
3130,"BEARINGS, MOUNTED"
32,WOODWORKING MACHINERY AND EQPT
3210,SAWMILL AND PLANING MILL MACHINERY
3220,WOODWORKING MACHINES
3230,TOOLS - ATTACHS FOR WOODWORK MACH
3230,TOOLS AND ATTACHMENTS FOR WOODWORKING MACHINERY
34,METALWORKING MACHINERY
3405,SAWS AND FILING MACHINES
3408,MACHINING CENTERS AND WAY-TYPE MACHINES
3408,MACHING CENTERS & WAY-TYPE MACHINES
3410,ELECT & ULTRASONIC EROSION MACHINES
3410,ELECTRICAL AND ULTRASONIC EROSION MACHINES
3411,BORING MACHINES.
3411,BORING MACHINES
3412,BROACHING MACHINES
3413,DRILLING AND TAPPING MACHINES
3414,GEAR CUTTING AND FINISHING MACHINES
3415,GRINDING MACHINES
3416,LATHES
3417,MILLING MACHINES
3418,PLANERS AND SHAPERS
3419,MISCELLANEOUS MACHINE TOOLS
3422,ROLLING MILLS AND DRAWING MACHINES
3424,METAL HEAT TREATING AND NON-THERMAL TREATING EQUIPMENT
3424,METAL HEAT TREATING EQ
3426,METAL FINISHING EQUIPMENT
3431,ELECTRIC ARC WELDING EQUIPMENT
3432,ELECTRIC RESISTANCE WELDING EQUIPMENT
3432,ELECTRIC RESISTANCE WELDING EQ
3433,"GAS WELDING, HEAT CUTTING, AND METALIZING EQUIPMENT"
3433,GAS WELD HEAT CUT - METALIZING EQ
3436,WELDING POSITIONERS & MANIPULATORS
3436,WELDING POSITIONERS AND MANIPULATORS
3438,MISCELLANEOUS WELDING EQUIPMENT
3439,MISC WELD SOLDER & BRAZING SUPPLY
3439,"MISCELLANEOUS WELDING, SOLDERING, AND BRAZING SUPPLIES AND ACCESSORIES"
3441,BENDING AND FORMING MACHINES
3442,"HYDRAULIC AND PNEUMATIC PRESSES, POWER DRIVEN"
3442,HYDRAULIC/PNEUMATIC POWER PRESS DR
3443,"MECHANICAL PRESSES, POWER DRIVEN"
3444,MANUAL PRESSES
3445,PUNCHING AND SHEARING MACHINES
3446,FORGING MACHINERY AND HAMMERS
3447,WIRE AND METAL RIBBON FORMING MACHINES
3447,WIRE & METAL RIBBON FORMING MACHS
3448,RIVETING MACHINES
3449,MISCELLANEOUS SECONDARY METAL FORMING AND CUTTING MACHINES
3449,MSC SECONDARY METAL FORM-CUT MACH
3450,"MACHINE TOOLS, PORTABLE"
3455,CUTTING TOOLS FOR MACHINE TOOLS
3456,CUTTING AND FORMING TOOLS FOR SECONDARY METALWORKING MACHINERY
3456,SECONDARY METAL MACH-CUTTING TOOLS
3460,MACHINE TOOL ACCESSORIES
3461,ACCESSORIES FOR SECONDARY METALWORKING MACHINERY
3461,SECONDARY METALWORKING MACH-ACCESS
3465,"PRODUCTION JIGS, FIXTURES, AND TEMPLATES"
3465,PRODUCTION JIGS FIXTURES & TEMPLATE
3470,"MACHINE SHOP SETS, KITS, AND OUTFITS"
3470,MACHINE SHOP SETS KITS & OUTFITS
35,SERVICE AND TRADE EQPT
3510,LAUNDRY AND DRY CLEANING EQUIPMENT
3520,SHOE REPAIRING EQUIPMENT
3530,INDUSTRIAL SEWING MACHINES AND MOBILE TEXTILE REPAIR SHOPS
3530,IND SEW MACH & MOBILE TEXTILE SHOPS
3540,WRAPPING AND PACKAGING MACHINERY
3550,VENDING AND COIN OPERATED MACHINES
3590,MISC SERVICE & TRADE EQ
3590,MISCELLANEOUS SERVICE AND TRADE EQUIPMENT
36,SPECIAL INDUSTRY MACHINERY
3605,FOOD PRODUCTS MACHINE & EQ
3605,FOOD PRODUCTS MACHINERY AND EQUIPMENT
3610,"PRINTING, DUPLICATING, AND BOOKBINDING EQUIPMENT"
3610,"PRINTING,DUPLICATING & BOOKBIND EQ"
3611,INDUSTRIAL MARKING MACHINES
3615,PULP AND PAPER INDUSTRIES MACHINERY
3620,RUBBER AND PLASTICS WORKING MACHINERY
3620,RUBBER & PLASTIC WORKING MACHINE
3625,TEXTILE INDUSTRIES MACHINERY
3630,CLAY AND CONCRETE PRODUCTS INDUSTRIES MACHINERY
3630,CLAY-CONCRETE PRODUCTS MACH
3635,CRYSTAL & GLASS INDUSTRIES MACHINE
3635,CRYSTAL AND GLASS INDUSTRIES MACHINERY
3640,TOBACCO MANUFACTURING MACHINERY
3645,LEATHER TANNING AND LEATHER WORKING INDUSTRIES MACHINERY
3645,LEATHER TANNING & WORKING MACHINE
3650,CHEMICAL AND PHARMACEUTICAL PRODUCTS MANUFACTURING MACHINERY
3650,CHEMICAL & PHARMACEUTICAL MACHINE
3655,"GAS GENERATING AND DISPENSING SYSTEMS, FIXED OR MOBILE"
3655,GAS GENERATING & DISPENSING SYSTEM
3660,INDUSTRIAL SIZE REDUCTION MACHINERY
3670,"SPECIALIZED SEMICONDUCTOR, MICROCIRCUIT, AND PRINTED CIRCUIT BOARD MANUFACTURING MACHINERY"
3670,PRINTED CIRCUIT BOARD MFG MACH
3680,"FOUNDRY MACHINERY, RELATED EQUIPMENT AND SUPPLIES"
3680,FOUNDRY MACHINE - RELATED EQ & SUP
3685,SPECIAL METAL CONTAINER MFG MACH
3685,SPECIALIZED METAL CONTAINER MANUFACTURING MACHINERY AND RELATED EQUIPMENT
3690,SPECIALIZED AMMUNITION AND ORDNANCE MACHINERY AND RELATED EQUIPMENT
3690,SPECIAL AMMUNITION & ORDNANCE MACH
3693,INDUSTRIAL ASSEMBLY MACHINES
3694,"CLEAN WORK STATIONS, CONTROLLED ENVIRONMENT, AND RELATED EQUIPMENT"
3694,CLEAN WORK STATIONS ENVIRONMENT EQ
3695,MISC SPECIAL INDUSTRY MACHINE
3695,MISCELLANEOUS SPECIAL INDUSTRY MACHINERY
37,AGRICULTURAL MACHINERY AND EQPT
3710,SOIL PREPARATION EQUIPMENT
3720,HARVESTING EQUIPMENT
3730,"DAIRY, POULTRY, AND LIVESTOCK EQUIPMENT"
3730,DAIRY POULTRY & LIVESTOCK EQ
3740,"PEST, DISEASE, AND FROST CONTROL EQUIPMENT"
3740,PEST DISEASE & FROST CONT EQ
3750,GARDENING IMPLEMENTS AND TOOLS
3760,ANIMAL DRAWN VEHICLE & FARM TRAILER
3770,"SADDLERY, HARNESS, WHIPS & FURNISHING"
3770,"SADDLERY, HARNESS, WHIPS, AND RELATED ANIMAL FURNISHINGS"
38,CONSTRUCT/MINE/EXCAVATE/HIGHWY EQPT
3805,EARTH MOVING AND EXCAVATING EQUIPMENT
3805,EARTH MOVING & EXCAVATING EQ
3810,CRANES AND CRANE-SHOVELS
3815,CRANE AND CRANE-SHOVEL ATTACHMENTS
3820,"MINING, ROCK DRILLING, EARTH BORING, AND RELATED EQUIPMENT"
3820,"MINING,ROCK DRILLING,EARTH BORE EQ"
3825,"ROAD CLEARING, CLEANING, AND MARKING EQUIPMENT"
3825,ROAD CLEARING & CLEANING EQ
3830,TRUCK AND TRACTOR ATTACHMENTS
3835,PETROLEUM PRODUCTION AND DISTRIBUTION EQUIPMENT
3835,PETROLEUM PRODUCTION-DISTRIB EQ
3895,MISCELLANEOUS CONSTRUCTION EQUIPMENT
3895,MISC CONTRUCT EQ
39,MATERIALS HANDLING EQPT
3910,CONVEYORS
3915,MATERIALS FEEDERS
3920,MAT HANDLING EQ - NONSELF-PROPELLED
3920,"MATERIAL HANDLING EQUIPMENT, NONSELF-PROPELLED"
3930,WAREHOUSE TRKS & TRACTORS SELF-PROP
3930,"WAREHOUSE TRUCKS AND TRACTORS, SELF-PROPELLED"
3940,"BLOCKS, TACKLE, RIGGING, AND SLINGS"
3950,"WINCHES, HOISTS, CRANES, AND DERRICKS"
3950,WINCHES HOISTS CRANES & DERRICKS
3960,FREIGHT ELEVATORS
3990,MISC MATERIALS HANDLING EQ
3990,MISCELLANEOUS MATERIALS HANDLING EQUIPMENT
40,"ROPE, CABLE, CHAIN, FITTINGS"
4010,CHAIN AND WIRE ROPE
4020,"FIBER ROPE, CORDAGE, AND TWINE"
4030,"FITTINGS FOR ROPE, CABLE, AND CHAIN"
41,"REFRIG, AIR CONDIT/CIRCULAT EQPT"
4110,REFRIGERATION EQUIPMENT
4120,AIR CONDITIONING EQUIPMENT
4130,REFRIGERATION AND AIR CONDITIONING COMPONENTS
4130,REFRIGERATION & AIR CONDITION COMP
4140,"FANS, AIR CIRCULATORS, AND BLOWER EQUIPMENT"
4140,FANS AIR CIRCULATORS & BLOWER EQ
4150,VORTEX TUBES AND REL. COOLING TUBES
4150,VORTEX TUBES AND OTHER RELATED COOLING TUBES
42,FIRE/RESCUE/SAFETY; ENVIRO PROTECT
4210,FIRE FIGHTING EQUIPMENT
4220,MARINE LIFESAVING & DIVING EQ
4220,MARINE LIFESAVING AND DIVING EQUIPMENT
4230,DECONTAMINATING & IMPREGNATING EQ
4230,DECONTAMINATING AND IMPREGNATING EQUIPMENT
4235,Haz. Mat. Spill Cntnmnt. & Clean-up
4235,HAZARDOUS MATERIAL SPILL CONTAINMENT AND CLEAN-UP EQUIPMENT AND MATERIAL
4240,SAFETY AND RESCUE EQUIPMENT
4250,RECYCLING AND RECLAMATION EQUIPMENT
43,PUMPS AND COMPRESSORS
4310,COMPRESSORS AND VACUUM PUMPS
4320,POWER AND HAND PUMPS
4330,"CENTRIFUGALS, SEPARATORS, AND PRESSURE AND VACUUM FILTERS"
4330,CENTRIFUGALS SEPARATORS & FILTERS
44,FURNACE/STEAM/DRYING; NUCL REACTOR
4410,INDUSTRIAL BOILERS
4420,HEAT EXCHANGERS AND STEAM CONDENSERS
4420,HEAT EXCHANGERS & STEAM CONDENSERS
4430,"INDUSTRIAL FURNACES,KILNS & OVENS"
4430,"INDUSTRIAL FURNACES, KILNS, LEHRS, AND OVENS"
4440,DRIERS DEHYDRATORS & ANHYDRATORS
4440,"DRIERS, DEHYDRATORS, AND ANHYDRATORS"
4460,AIR PURIFICATION EQUIPMENT
4470,NUCLEAR REACTORS
45,"PLUMBING, HEATING, WASTE DISPOSAL"
4510,PLUMBING FIXTURES AND ACCESSORIES
4520,SPACE AND WATER HEATING EQUIPMENT
4530,FUEL BURNING EQUIPMENT UNITS
4540,WASTE DISPOSAL EQUIPMENT
46,WATER PURIFICATION/SEWAGE TREATMENT
4610,WATER PURIFICATION EQUIPMENT
4620,"WATER DISTILLATION EQUIPMENT, MARINE AND INDUSTRIAL"
4620,WATER DISTILL EQ-MARINE & INDUST
4630,SEWAGE TREATMENT EQUIPMENT
47,"PIPE, TUBING, HOSE, AND FITTINGS"
4710,"PIPE, TUBE AND RIGID TUBING"
4720,HOSE AND FLEXIBLE TUBING
4730,FITTINGS - HOSE PIPE & TUBE
4730,"HOSE, PIPE, TUBE, LUBRICATION, AND RAILING FITTINGS"
48,VALVES
4810,"VALVES, POWERED"
4820,"VALVES, NONPOWERED"
49,MAINT/REPAIR SHOP EQPT
4910,MOTOR VEHICLE MAINT EQ
4910,MOTOR VEHICLE MAINTENANCE AND REPAIR SHOP SPECIALIZED EQUIPMENT
4920,AIRCRAFT MAINTENANCE AND REPAIR SHOP SPECIALIZED EQUIPMENT
4920,AIRCRAFT MAINT & REP SHOP EQ
4921,TORPEDO MAINT REP & CHECKOUT EQ
4921,"TORPEDO MAINTENANCE, REPAIR, AND CHECKOUT SPECIALIZED EQUIPMENT"
4923,"DEPTH CHARGES AND UNDERWATER MINES MAINTENANCE, REPAIR, AND CHECKOUT SPECIALIZED EQUIPMENT"
4923,DEPTH CHARGES-MINES MAINT & REP EQ
4925,"AMMUNITION MAINTENANCE, REPAIR, AND CHECKOUT SPECIALIZED EQUIPMENT"
4925,AMMUNITION MAINT - CHECKOUT EQ
4927,"ROCKET MAINTENANCE, REPAIR AND CHECKOUT SPECIALIZED EQUIPMENT"
4927,ROCKET MAINT & REP EQ
4930,LUBRICATION AND FUEL DISPENSING EQUIPMENT
4930,LUBRICATION & FUEL DISPENSING EQ
4931,FIRE CONTROL MAINTENANCE AND REPAIR SHOP SPECIALIZED EQUIPMENT
4931,FIRE CONT MAINT EQ
4933,WEAPONS MAINT EQ
4933,WEAPONS MAINTENANCE AND REPAIR SHOP SPECIALIZED EQUIPMENT
4935,"GUIDED MISSILE MAINTENANCE, REPAIR, AND CHECKOUT SPECIALIZED EQUIPMENT"
4935,GUIDED MISSILE MAINT EQ
4940,MISCELLANEOUS MAINTENANCE AND REPAIR SHOP SPECIALIZED EQUIPMENT
4940,MISC MAINT EQ
4960,"SPACE VEHICLE MAINTENANCE, REPAIR, AND CHECKOUT SPECIALIZED EQUIPMENT"
4960,SPACE VEHICLE MAINT EQ
4970,"MULTIPLE GUIDED WEAPONS, SPECIALIZED MAINTENANCE AND REPAIR SHOP EQUIPMENT"
4970,MULTI GUIDED WEAPON/SPEC MAINT EQ
51,HAND TOOLS
5110,"HAND TOOLS, EDGED, NONPOWERED"
5120,"HAND TOOLS, NONEDGED, NONPOWERED"
5130,"HAND TOOLS, POWER DRIVEN"
5133,"DRILL BITS, COUNTERBORES, AND COUNTERSINKS: HAND AND MACHINE"
5133,"DRILL BITS,COUNTERBORES & SINKS"
5136,"TAPS, DIES, AND COLLETS; HAND AND MACHINE"
5136,"TAPS,DIES & COLLETS-HAND & MACHINE"
5140,TOOL AND HARDWARE BOXES
5180,SETS KITS & OUTFITS OF HAND TOOLS
5180,"SETS, KITS, AND OUTFITS OF HAND TOOLS"
52,MEASURING TOOLS
5210,"MEASURING TOOLS, CRAFTSMEN'S"
5220,GAGES & PRECISION LAYOUT TOOL
5220,INSPECTION GAGES AND PRECISION LAYOUT TOOLS
5280,"SETS, KITS, AND OUTFITS OF MEASURING TOOLS"
5280,"SETS, KITS & OUTFITS OF MEASURING T"
53,HARDWARE AND ABRASIVES
5305,SCREWS
5306,BOLTS
5307,STUDS
5310,NUTS AND WASHERS
5315,"NAILS, MACHINE KEYS, AND PINS"
5320,RIVETS
5325,FASTENING DEVICES
5330,PACKING AND GASKET MATERIALS
5331,O-RING
5335,METAL SCREENING
5340,"HARDWARE, COMMERCIAL"
5340,HARDWARE
5341,BRACKETS
5342,"HARDWARE, WEAPON SYSTEM"
5345,"DISKS AND STONES, ABRASIVE"
5350,ABRASIVE MATERIALS
5355,KNOBS AND POINTERS
5360,"COIL, FLAT, LEAF, AND WIRE SPRINGS"
5365,"BUSHINGS, RINGS, SHIMS AND SPACERS"
5365,"BUSHINGS, RINGS, SHIMS, AND SPACERS"
54,PREFAB STRUCTURES/SCAFFOLDING
5410,PREFABRICATED AND PORTABLE BUILDINGS
5410,PREFABRICATED & PORTABLE BUILDINGS
5411,RIGID WALL SHELTERS
5419,COLLECTIVE MODULAR SUPPORT SYSTEM
5420,"BRIDGES, FIXED AND FLOATING"
5430,STORAGE TANKS
5440,SCAFFOLDING EQUIPMENT AND CONCRETE FORMS
5440,SCAFFOLDING EQ & CONCRETE FORMS
5445,PREFABRICATED TOWER STRUCTURES
5450,MISC PREFABRICATED STRUCTURES
5450,MISCELLANEOUS PREFABRICATED STRUCTURES
55,"LUMBER, MILLWORK, PLYWOOD, VENEER"
5510,LUMBER AND RELATED BASIC WOOD MATERIALS
5510,LUMBER & RELATED WOOD MATERIALS
5520,MILLWORK
5530,PLYWOOD AND VENEER
56,CONSTRUCTION AND BUILDING MATERIAL
5610,"MINERAL CONSTRUCTION MATERIALS, BULK"
5610,MINERAL CONTRUCT MATERIALS BULK
5620,"TILE, BRICK AND BLOCK"
5620,"TILE, BRICK, AND BLOCK"
5630,"PIPE AND CONDUIT, NONMETALLIC"
5640,"WALLBOARD, BUILDING PAPER, AND THERMAL INSULATION MATERIALS"
5640,WALLBOARD BLDG & THERMAL INSULATION
5650,ROOFING AND SIDING MATERIALS
5660,"FENCING, FENCES, GATES AND COMPONENTS"
5660,FENCING FENCES & GATES
5670,"BUILDING COMPONENTS, PREFABRICATED"
5675,NONWOOD CONSTRUCT MATERIAL
5675,NONWOOD CONSTRUCTION LUMBER AND RELATED MATERIALS
5680,MISCELLANEOUS CONSTRUCTION MATERIALS
5680,MISC CONTRUCT MATERIALS
58,COMM/DETECT/COHERENT RADIATION
5805,TELEPHONE AND TELEGRAPH EQUIPMENT
5805,TELEPHONE AND TELEGRAPH EQUIPMENT
5810,COMMUNICATIONS SECURITY EQUIPMENT AND COMPONENTS
5810,COMM SECURITY EQ & COMPS
5811,OTHER CRYPTOLOGIC EQUIPMENT AND COMPONENTS
5811,OTHER CRYPTOLOGIC EQUIPMENT AND COMPONENTS
5811,OTHER CRYPTOLOGIC EQ & COMPONENTS
5815,TELETYPE AND FACSIMILE EQUIPMENT
5820,"RADIO AND TELEVISION COMMUNICATION EQUIPMENT, EXCEPT AIRBORNE"
5820,RADIO TV EQ EXCEPT AIRBORNE
5821,RADIO & TV EQ AIRBORNE
5821,"RADIO AND TELEVISION COMMUNICATION EQUIPMENT, AIRBORNE"
5825,RADIO NAVIGATION EQ - EXCEPT AIR
5825,"RADIO NAVIGATION EQUIPMENT, EXCEPT AIRBORNE"
5826,RADIO NAVIGATION EQ AIR
5826,"RADIO NAVIGATION EQUIPMENT, AIRBORNE"
5830,"INTERCOMMUNICATION AND PUBLIC ADDRESS SYSTEMS, EXCEPT AIRBORNE"
5830,INTERCOMM PUBLIC ADDRESS SYS EX AIR
5831,"INTERCOMMUNICATION AND PUBLIC ADDRESS SYSTEMS, AIRBORNE"
5831,INTERCOMM PUBLIC ADDRESS SYS - AIR
5835,SOUND RECORDING AND REPRODUCING EQUIPMENT
5835,SOUND RECORDING & REPRODUCING EQ
5836,VIDEO RECORDING AND REPRODUCING EQUIPMENT
5836,VIDEO RECORDING AND REPRODUCING EQU
5840,"RADAR EQUIPMENT, EXCEPT AIRBORNE"
5841,"RADAR EQUIPMENT, AIRBORNE"
5845,UNDERWATER SOUND EQUIPMENT
5850,VISIBLE AND INVISIBLE LIGHT COMMUNICATION EQUIPMENT
5850,VISIBLE AND INVISIBLE LIGHT COMMUNICATION EQUIPMENT
5850,VISIBLE INVISIBLE LIGHT COMMUN EQ
5855,"NIGHT VISION EQUIPMENT, EMITTED AND REFLECTED RADIATION"
5855,NIGHT VISION EQ
5860,STIMULATED COHERENT RADIATION DEV
5860,"STIMULATED COHERENT RADIATION DEVICES, COMPONENTS, AND ACCESSORIES"
5865,"ELECTRONIC COUNTERMEASURES, COUNTER-COUNTERMEASURES AND QUICK REACTION CAPABILITY EQUIPMENT"
5865,ELEC COUNTERMEASURE & QUICK REAC EQ
5895,MISC COMMUNICATION EQ
5895,MISCELLANEOUS COMMUNICATION EQUIPMENT
5895,MISCELLANEOUS COMMUNICATION EQUIPMENT
59,ELECTRICAL/ELECTRONIC EQPT COMPNTS
5905,RESISTORS
5910,CAPACITORS
5915,FILTERS AND NETWORKS
5920,"FUSES, ARRESTORS, ABSORBERS, AND PROTECTORS"
5920,FUSES ARRESTERS ABORBERS & PROTECTO
5925,CIRCUIT BREAKERS
5930,SWITCHES
5935,"CONNECTORS, ELECTRICAL"
5940,LUGS TERMINALS & TERMINAL STRIPS
5940,"LUGS, TERMINALS, AND TERMINAL STRIPS"
5945,RELAYS AND SOLENOIDS
5950,COILS AND TRANSFORMERS
5955,OSCILLATORS AND PIEZOELECTRIC CRYSTALS
5955,OSCILLATORS PIEZOELECTRIC CRYSTALS
5960,ELECTRON TUBES & ASSOC HARDWARE
5960,ELECTRON TUBES AND ASSOCIATED HARDWARE
5961,SEMICONDUCTOR DEVICES AND ASSOCIATED HARDWARE
5961,SEMI CONDUCTOR DEVICES
5962,"MICROCIRCUITS, ELECTRONIC"
5963,ELECTRONIC MODULES
5965,"HEADSETS, HANDSETS, MICROPHONES AND SPEAKERS"
5965,"HEADSET,HANDSET,MICROPHONE & SPEAK"
5970,ELECTRICAL INSULATORS AND INSULATING MATERIALS
5970,ELECT INSULATORS & INSULATING MAT
5975,ELECTRICAL HARDWARE AND SUPPLIES
5977,ELECT CONTACT BRUSHES & ELECTRODES
5977,ELECTRICAL CONTACT BRUSHES AND ELECTRODES
5980,OPTOELECTRICAL DEVICES/ASSOC HARDWA
5980,OPTOELECTRONIC DEVICES AND ASSOCIATED HARDWARE
5985,"ANTENNAS, WAVEGUIDES, AND RELATED EQUIPMENT"
5985,ANTENNAS WAVEGUIDES & RELATED EQ
5990,SYNCHROS AND RESOLVERS
5995,CABLE CORD WIRE ASSEMBLY - COMM EQ
5995,"CABLE, CORD, AND WIRE ASSEMBLIES: COMMUNICATION EQUIPMENT"
5996,AMPLIFIERS
5998,"ELECTRICAL AND ELECTRONIC ASSEMBLIES, BOARDS, CARDS, AND ASSOCIATED HARDWARE"
5998,ELE ASSEMB-BDS CARDS-ASSOC HARDWARE
5999,MSC ELECT & ELECTRONIC COMPONENTS
5999,MISCELLANEOUS ELECTRICAL AND ELECTRONIC COMPONENTS
60,FIBER OPTIC
6004,ROTARY JOINTS
6005,"COUPLERS, SPLITTERS, & MIXERS"
6006,ATTENUATORS
6007,FILTERS
6008,OPTICAL MULTIPLEXERS/DEMULTIPLEXERS
6010,FIBER OPTIC CONDUCTORS
6010,FIBER OPTIC CONDUCTORS
6015,FIBER OPTIC CABLES
6015,FIBER OPTIC CABLES
6020,FIBER OPTIC CABLE ASSEMBLY & HARNES
6020,FIBER OPTIC CABLE ASSEMBLIES AND HARNESSES
6020,FIBER OPTIC CABLE ASSEMBLIES AND HARNESSES
6021,FIBER OPTIC SWITCHES
6021,FIBER OPTIC SWITCHES
6025,FIBER OPTIC TRANSMITTERS
6026,FIBER OPTIC RECEIVERS
6029,FIBER OPTIC REPEATERS
6030,FIBER OPTIC DEVICES
6030,FIBER OPTIC DEVICES
6031,INTEGRATED OPTICAL CIRCUITS
6032,FIBER OPTIC LIGHT SOURCES AND PHOTO DETECTORS
6032,FIBER OPTIC LIGHT SOURCES AND PHOTO DETECTORS
6032,FIBER OPTIC LIGHT SOURCES
6033,FIBER OPTIC PHOTO DETECTORS
6034,FIBER OPTIC MOD/DEMODULATORS
6035,FIBER OPTIC LIGHT TRANSFER AND IMAGE TRANSFER DEVICES
6035,FIBER OPTIC LIGHT TRANSFER AND IMAGE TRANSFER DEVICES
6035,FIBER OPTIC LIGHT/IMAGE TRANSFER
6040,FIBER OPTIC SENSORS
6050,FIBER OPTIC PASSIVE DEVICES
6060,FIBER OPTIC INTERCONNECTORS
6060,FIBER OPTIC INTERCONNECTORS
6070,FIBER OPTIC ACCESSORIES & SUPPLIES
6070,FIBER OPTIC ACCESSORIES AND SUPPLIES
6070,FIBER OPTIC ACCESSORIES AND SUPPLIES
6080,FIBER OPTIC KITS AND SETS
6080,FIBER OPTIC KITS AND SETS
6099,MISC FIBER OPTIC COMPONENTS
6099,MISCELLANEOUS FIBER OPTIC COMPONENTS
6099,MISCELLANEOUS FIBER OPTIC COMPONENTS
61,"ELECTRIC WIRE, POWER DISTRIB EQPT"
6105,"MOTORS, ELECTRICAL"
6110,ELECTRICAL CONTROL EQUIPMENT
6115,"GENERATORS AND GENERATOR SETS, ELECTRICAL"
6115,GENERATORS & GENERATOR SETS ELECT
6116,"FUEL CELL POWER UNITS, COMPONENTS, AND ACCESSORIES"
6116,"FUEL CELL POWER UNITS, COMP, ACC"
6117,SOLAR ELECTRIC POWER SYSTEMS
6120,TRANSFORMERS: DISTRIBUTION AND POWER STATION
6120,TRANSFORMERS - DISTRIB & POWER STA
6125,"CONVERTERS, ELECTRICAL, ROTATING"
6130,"CONVERTERS, ELECTRICAL, NONROTATING"
6135,"BATTERIES, NONRECHARGEABLE"
6140,"BATTERIES, RECHARGEABLE"
6145,"WIRE AND CABLE, ELECTRICAL"
6150,MISCELLANEOUS ELECTRIC POWER AND DISTRIBUTION EQUIPMENT
6150,MISC ELECTRIC POWER & DISTRIB EQ
6160,MISC BATTERY RET FIXTURES & LINERS
6160,"MISCELLANEOUS BATTERY RETAINING FIXTURES, LINERS AND ANCILLARY ITEMS"
62,"LIGHTING FIXTURES, LAMPS"
6210,INDOOR AND OUTDOOR ELECTRIC LIGHTING FIXTURES
6210,INDOOR & OUTDOOR ELEC LIGHTING FIXT
6220,ELECTRIC VEHICULAR LIGHTS AND FIXTURES
6220,ELEC VEHICULAR LIGHTS & FIXTURES
6230,ELEC PORTABLE & HAND LIGHTING EQ
6230,ELECTRIC PORTABLE AND HAND LIGHTING EQUIPMENT
6240,ELECTRIC LAMPS
6250,"BALLASTS, LAMPHOLDERS, AND STARTERS"
6260,NONELECTRICAL LIGHTING FIXTURES
63,"ALARM, SIGNAL, SECURITY DETECTION"
6310,TRAFFIC AND TRANSIT SIGNAL SYSTEMS
6320,SHIPBOARD ALARM AND SIGNAL SYSTEMS
6320,SHIPBOARD ALARM AND SIGNALS SYSTEMS
6330,RAILROAD SIGNAL AND WARNING DEVICES
6340,AIRCRAFT ALARM AND SIGNAL SYSTEMS
6350,"MISC ALARM, SIGNAL, SEC SYSTEMS"
6350,"MISCELLANEOUS ALARM, SIGNAL, AND SECURITY DETECTION SYSTEMS"
65,MEDICAL/DENTAL/VETERINARY EQPT/SUPP
6505,DRUGS AND BIOLOGICALS
6506,BLOOD
6506,BLOOD AND BLOOD PRODUCTS
6507,BLOOD DERIVATIVES
6508,MEDICATED COSMETICS AND TOILETRIES
6509,"DRUGS AND BIOLOGICALS, VETERINARY USE"
6510,SURGICAL DRESSING MATERIALS
6515,"MEDICAL AND SURGICAL INSTRUMENTS, EQUIPMENT, AND SUPPLIES"
6515,"MED & SURGICAL INSTRUMENTS,EQ & SUP"
6520,"DENTAL INSTRUMENTS, EQUIPMENT, AND SUPPLIES"
6520,DENTAL INSTRUMENTS EQ & SUPPLIES
6525,"IMAGING EQUIPMENT AND SUPPLIES: MEDICAL, DENTAL, VETERINARY"
6525,"X-RAY EQ SUPPLIES - MED, DENTAL & V"
6530,"HOSP FURNITURE,EQ,UTENSILS & SUP"
6530,"HOSPITAL FURNITURE, EQUIPMENT, UTENSILS, AND SUPPLIES"
6532,HOSPITAL & SURGICAL CLOTHING
6532,HOSPITAL AND SURGICAL CLOTHING AND RELATED SPECIAL PURPOSE ITEMS
6540,"OPHTHALMIC INSTRUMENTS, EQUIPMENT, AND SUPPLIES"
6540,OPTHALMIC INSTRUMENTS EQ & SUPPLIES
6545,"REPLENISHABLE FIELD MEDICAL SETS, KITS, AND OUTFITS"
6545,MEDICAL SETS KITS & OUTFITS
6550,"IN VITRO DIAGNOSTIC SUBSTANCES, REAGENTS, TEST KITS AND SETS"
6550,"IN VITRO DIAGNO SUBSTANCES,REAGENTS"
6555,HUMAN TISSUE AND CADAVERS
66,INSTRUMENTS AND LABORATORY EQPT
6605,NAVIGATIONAL INSTRUMENTS
6610,FLIGHT INSTRUMENTS
6615,AUTO PILOT MECHANISMS AIRBORNE GYRO
6615,AUTOMATIC PILOT MECHANISMS AND AIRBORNE GYRO COMPONENTS
6620,ENGINE INSTRUMENTS
6625,ELECT ELECTRONIC MEASURING INSTRUMT
6625,ELECTRICAL AND ELECTRONIC PROPERTIES MEASURING AND TESTING INSTRUMENTS
6630,CHEMICAL ANALYSIS INSTRUMENTS
6632,"ANALYSIS INSTRUMENTS, MEDICAL LABORATORY USE"
6635,PHYSICAL PROPERTIES TESTING AND INSPECTION
6635,PHYSICAL PROPERTIES TEST EQ
6636,ENVIRONMENTAL CHAMBERS & RELATED EQ
6636,ENVIRONMENTAL CHAMBERS AND RELATED EQUIPMENT
6640,LABORATORY EQUIPMENT AND SUPPLIES
6645,TIME MEASURING INSTRUMENTS
6650,OPTICAL INSTRUMENTS
6650,"OPTICAL INSTRUMENTS, TEST EQUIPMENT, COMPONENTS AND ACCESSORIES"
6655,GEOPHYSICAL INSTRUMENTS
6660,METEOROLOG INSTRUMENTS & APPARATUS
6660,METEOROLOGICAL INSTRUMENTS AND APPARATUS
6665,HAZARD-DETECTING INSTRU & APPARATUS
6665,HAZARD-DETECTING INSTRUMENTS AND APPARATUS
6670,SCALES AND BALANCES
6675,"DRAFTING, SURVEYING, AND MAPPING INSTRUMENTS"
6675,DRAFTING SURVEYING & MAPPING INSTRU
6680,"LIQUID AND GAS FLOW, LIQUID LEVEL, AND MECHANICAL MOTION MEASURING INSTRUMENTS"
6680,LIQUID-GAS-MOTION MEASURING INSTRU
6685,"PRESSURE, TEMPERATURE, AND HUMIDITY MEASURING AND CONTROLLING INSTRUMENTS"
6685,PRESSURE TEMP HUMIDITY INSTRUMENTS
6695,COMBINATION AND MISCELLANEOUS INSTRUMENTS
6695,COMBINATION & MISC INSTRUMENTS
67,PHOTOGRAPHIC EQPT
6710,"CAMERAS, MOTION PICTURE"
6720,"CAMERAS, STILL PICTURE"
6730,PHOTOGRAPHIC PROJECTION EQUIPMENT
6740,PHOTOGRAPHIC DEVELOPING AND FINISHING EQUIPMENT
6740,PHOTO DEVELOPLNG & FINISHING EQ
6750,PHOTOGRAPHIC SUPPLIES
6760,PHOTOGRAPHIC EQUIPMENT AND ACCESSORIES
6760,PHOTOGRAPHIC EQ & ACCESSORIES
6770,"FILM, PROCESSED"
6780,"PHOTOGRAPHIC SETS, KITS, AND OUTFITS"
6780,PHOTOGRAPHIC SETS KITS & OUTFITS
68,CHEMICALS AND CHEMICAL PRODUCTS
6810,CHEMICALS
6820,DYES
6830,GASES: COMPRESSED AND LIQUEFIED
6830,GASES: COMPRESSED AND LIQUEFIED
6835,MEDICAL GASES
6840,PEST CONTROL AGENTS AND DISINFECTANTS
6840,PEST CONT AGENTS & DISINFECTANTS
6850,MISCELLANEOUS CHEMICAL SPECIALTIES
69,TRAINING AIDS AND DEVICES
6910,TRAINING AIDS
6920,ARMAMENT TRAINING DEVICES
6930,OPERATION TRAINING DEVICES
6940,COMMUNICATION TRAINING DEVICES
7,IT AND TELECOM - INFORMATION TECHNOLOGY AND TELECOMMUNICATIONS
70,ADP EQPT/SOFTWARE/SUPPLIES AND EQPT
70,"INFORMATION TECHNOLOGY EQUIPMENT (INCLD FIRMWARE) SOFTWARE,SUPPLIES& SUPPORT EQUIPMENT"
7010,ADPE SYSTEM CONFIGURATION
7010,INFORMATION TECHNOLOGY EQUIPMENT SYSTEM CONFIGURATION
7020,"ADP CENTRAL PROCESSING UNIT (CPU, COMPUTER), ANALOG"
7020,"INFORMATION TECHNOLOGY CENTRAL PROCESSING UNIT (CPU, COMPUTER), ANALOG"
7020,ADP CENTRAL PROCESSING UNIT-ANALOG
7021,"ADP CENTRAL PROCESSING UNIT (CPU, COMPUTER), DIGITAL"
7021,"INFORMATION TECHNOLOGY CENTRAL PROCESSING UNIT (CPU, COMPUTER), DIGITAL"
7021,ADP CENTRAL PROCESSING UNIT-DIGITAL
7022,"ADP CENTRAL PROCESSING UNIT (CPU, COMPUTER), HYBRID"
7022,"INFORMATION TECHNOLOGY CENTRAL PROCESSING UNIT (CPU, COMPUTER), HYBRID"
7022,ADP CENTRAL PROCESSING UNIT-HYBRID
7025,ADP INPUT/OUTPUT AND STORAGE DEVICES
7025,INFORMATION TECHNOLOGY INPUT/OUTPUT AND STORAGE DEVICES
7025,ADP INPUT/OUTPUT & STORAGE DEVICES
7030,ADP SOFTWARE
7030,INFORMATION TECHNOLOGY SOFTWARE
7035,ADP SUPPORT EQUIPMENT
7035,INFORMATION TECHNOLOGY SUPPORT EQUIPMENT
7040,PUNCHED CARD EQUIPMENT
7042,MINI AND MICRO COMPUTER CONTROL DEVICES
7042,MINI & MICRO COMPUTER CONT DEVICES
7045,ADP SUPPLIES
7045,INFORMATION TECHNOLOGY SUPPLIES
7050,ADP COMPONENTS
7050,INFORMATION TECHNOLOGY COMPONENTS
7A,IT AND TELECOM - APLLICATIONS
7A20,IT AND TELECOM - APPLICATION DEVELOPMENT SOFTWARE (PERPETUAL LICENSE SOFTWARE)
7A21,IT AND TELECOM - BUSINESS APPLICATION SOFTWARE (PERPETUAL LICENSE SOFTWARE)
7B,IT AND TELECOM - COMPUTE
7B20,IT AND TELECOM - HIGH PERFORMANCE COMPUTE (HARDWARE AND PERPETUAL LICENSE SOFTWARE)
7B21,IT AND TELECOM - COMPUTE: MAINFRAME (HARDWARE AND PERPETUAL LICENSE SOFTWARE)
7B22,IT AND TELECOM - COMPUTE: SERVERS (HARDWARE AND PERPETUAL LICENSE SOFTWARE)
7C,IT AND TELECOM - DATA CENTER
7C20,IT AND TELECOM - DATA CENTER PRODUCTS (HARDWARE AND PERPETUAL LICENSE SOFTWARE)
7C21,IT AND TELECOM - OTHER DATA CENTER FACILITIES PRODUCTS (HARDWARE AND PERPETUAL LICENSE SOFTWARE)
7D,IT AND TELECOM - DELIVERY
7D20,IT AND TELECOM - SERVICE DELIVERY MANAGEMENT (HARDWARE AND PERPETUAL LICENSE SOFTWARE)
7E,IT AND TELECOM - END USER
7E20,"IT and Telecom - End User: Help Desk; Tier 1-2, Workspace, Print, Productivity Tool (HW/Perpetual SW)"
7E20,"IT and Telecom - End User: Help Desk;Tier 1-2,Workspace,Print,Output,Productivity Tools (HW/Perp SW)"
7E21,IT AND TELECOM - MOBILE DEVICE PRODUCTS (HARDWARE AND PERPETUAL LICENSE SOFTWARE)
7F,IT AND TELECOM - IT MANAGEMENT
7F20,IT AND TELECOM - IT MANAGEMENT TOOLS/PRODUCTS (HARDWARE AND PERPETUAL LICENSE SOFTWARE)
7G,IT AND TELECOM - NETWORK
7G20,IT AND TELECOM - NETWORK: ANALOG VOICE PRODUCTS (HARDWARE AND PERPETUAL LICENSE SOFTWARE)
7G21,IT AND TELECOM - NETWORK: DIGITAL NETWORK PRODUCTS (HARDWARE AND PERPETUAL LICENSE SOFTWARE)
7G22,"IT AND TELECOM - NETWORK: SATELLITE AND RF COMMUNICATIONS PRODUCTS (HW, PERPETUAL LICENSE SOFTWARE)"
7H,IT AND TELECOM - PLATFORM
7H20,"IT AND TELECOM - PLATFORM PRODUCTS: DATABASE, MAINFRAME, MIDDLEWARE (HW, PERPETUAL LICENSE SOFTWARE)"
7J,IT AND TELECOM - SECURITY AND COMPLIANCE
7J20,IT AND TELECOM - SECURITY AND COMPLIANCE PRODUCTS (HARDWARE AND PERPETUAL LICENSE SOFTWARE)
7K,IT AND TELECOM - STORAGE
7K20,IT AND TELECOM - STORAGE PRODUCTS (HARDWARE AND PERPETUAL LICENSE SOFTWARE)
71,FURNITURE
7105,HOUSEHOLD FURNITURE
7110,OFFICE FURNITURE
7125,"CABINETS, LOCKERS, BINS, AND SHELVING"
7125,CABINETS LOCKERS BINS & SHELVING
7195,MISC FURNITURE & FIXTURES
7195,MISCELLANEOUS FURNITURE AND FIXTURES
72,HOUSEHOLD/COMMERC FURNISH/APPLIANCE
7210,HOUSEHOLD FURNISHINGS
7220,FLOOR COVERINGS
7230,"DRAPERIES, AWNINGS, AND SHADES"
7240,HOUSEHOLD AND COMMERCIAL UTILITY CONTAINERS
7240,HOUSEHOLD & COMM UTIL CONTAINERS
7290,MSC HOUSEHOLD FURNISHINGS APPLIANCE
7290,MISCELLANEOUS HOUSEHOLD AND COMMERCIAL FURNISHINGS AND APPLIANCES
73,FOOD PREPARATION/SERVING EQPT
7310,"FOOD COOKING, BAKING, AND SERVING EQUIPMENT"
7310,FOOD COOKING BAKING SERVING EQ
7320,KITCHEN EQUIPMENT AND APPLIANCES
7330,KITCHEN HAND TOOLS AND UTENSILS
7340,CUTLERY AND FLATWARE
7350,TABLEWARE
7360,SET KIT & OUTFIT FOOD PREP & SERV
7360,"SETS, KITS, OUTFITS AND MODULES, FOOD PREPERATION AND SERVING"
74,OFFICE MACH/TEXT PROCESS/VISIB REC
7420,ACCOUNTING AND CALCULATING MACHINES
7430,TYPEWRITERS AND OFFICE TYPE COMPOSING MACHINES
7430,TYPEWRITER & OFFICE COMPOSING MACH
7435,OFFICE INFORMATION SYSTEM EQUIPMENT
7450,OFFICE SOUND RECORDING REPRO MACH
7450,OFFICE TYPE SOUND RECORDING AND REPRODUCING MACHINES
7460,VISIBLE RECORD EQUIPMENT
7490,MISCELLANEOUS OFFICE MACHINES
75,OFFICE SUPPLIES AND DEVICES
7510,OFFICE SUPPLIES
7520,OFFICE DEVICES AND ACCESSORIES
7530,STATIONERY AND RECORD FORMS
7540,STANDARD FORMS
76,"BOOKS, MAPS, OTHER PUBLICATIONS"
7610,BOOKS AND PAMPHLETS
7630,NEWSPAPERS AND PERIODICALS
7640,"MAPS, ATLASES, CHARTS, AND GLOBES"
7641,"AERONAUTICAL MAPS, CHARTS AND GEODETIC PRODUCTS"
7641,"AERO MAPS, CHARTS, GEODETIC PRODS"
7642,"HYDROGRAPHIC MAPS, CHARTS AND GEODETIC PRODUCTS"
7642,"HYDRO MAPS, CHARTS, GEODESIC PROJ"
7643,"Topographic Maps, Charts & Geodesic Pr"
7643,"TOPOGRAPHIC MAPS, CHARTS AND GEODETIC PRODUCTS"
7644,"DIGITAL MAPS, CHARTS, GEODETIC PROD"
7644,"DIGITAL MAPS, CHARTS AND GEODETIC PRODUCTS"
7650,DRAWINGS AND SPECIFICATIONS
7660,SHEET AND BOOK MUSIC
7670,"MICROFILM, PROCESSED"
7690,MISCELLANEOUS PRINTED MATTER
77,MUSICAL INST/PHONOGRAPH/HOME RADIO
7710,MUSICAL INSTRUMENTS
7720,MUSICAL INSTRUMENT PARTS AND ACCESSORIES
7720,MUSICAL INSTRUMENT PARTS & ACC
7730,"PHONOGRAPHS, RADIOS, AND TELEVISION SETS: HOME TYPE"
7730,"PHONOGRAPH,RADIO & TV-HOME TYPE"
7735,"PARTS AND ACCESSORIES OF PHONOGRAPHS, RADIOS, AND TELEVISION SET: HOME TYPE"
7740,PHONOGRAPH RECORDS
78,RECREATIONAL/ATHLETIC EQPT
7810,ATHLETIC AND SPORTING EQUIPMENT
7820,"GAMES, TOYS, AND WHEELED GOODS"
7830,RECREATIONAL & GYMNASTIC EQ
7830,RECREATIONAL AND GYMNASTIC EQUIPMENT
79,CLEANING EQPT AND SUPPLIES
7910,FLOOR POLISHERS AND VACUUM CLEANING EQUIPMENT
7910,FLOOR POLISHERS & VACUUM CLEANERS
7920,"BROOMS, BRUSHES, MOPS, AND SPONGES"
7930,CLEANING AND POLISHING COMPOUNDS AND PREPARATIONS
7930,CLEANING/POLISHING COMPOUNDS & PREP
80,"BRUSHES, PAINTS, SEALERS, ADHESIVES"
8010,"PAINTS, DOPES, VARNISHES, AND RELATED PRODUCTS"
8010,"PAINT,DOPE,VARNISH & RELATED PROD"
8020,PAINT AND ARTISTS' BRUSHES
8030,PRESERVATIVE AND SEALING COMPOUNDS
8040,ADHESIVES
81,CONTAINERS/PACKAGING/PACKING SUPPL
8105,BAGS AND SACKS
8110,DRUMS AND CANS
8115,"BOXES, CARTONS, AND CRATES"
8120,COMMERCIAL AND INDUSTRIAL GAS CYLINDERS
8120,GAS CYLINDERS
8125,BOTTLES AND JARS
8130,REELS AND SPOOLS
8135,PACKAGING & PACKING BULK MATERIALS
8135,PACKAGING AND PACKING BULK MATERIALS
8140,AMMUNITION & NUCLEAR ORDNANCE BOXES
8140,"AMMUNITION AND NUCLEAR ORDNANCE BOXES, PACKAGES AND SPECIAL CONTAINERS"
8145,SPECIAL SHIPPING & STORAGE CONTAIN
8145,SPECIALIZED SHIPPING AND STORAGE CONTAINERS
8150,FREIGHT CONTAINERS
83,TEXTILE/LEATHER/FUR; TENT; FLAG
8305,TEXTILE FABRICS
8310,YARN AND THREAD
8310,YARD AND THREAD
8315,NOTIONS AND APPAREL FINDINGS
8320,PADDING AND STUFFING MATERIALS
8325,FUR MATERIALS
8330,LEATHER
8335,SHOE FINDINGS AND SOLING MATERIALS
8340,TENTS AND TARPAULINS
8345,FLAGS AND PENNANTS
84,"CLOTHING/INDIVIDUAL EQPT, INSIGNIA"
84,"CLOTHING, INDIVIDUAL EQUIPMENT, INSIGNA, AND JEWELRY"
8405,"OUTERWEAR, MEN'S"
8410,"OUTERWEAR, WOMEN'S"
8415,"CLOTHING, SPECIAL PURPOSE"
8420,"UNDERWEAR AND NIGHTWEAR, MEN'S"
8425,"UNDERWEAR AND NIGHTWEAR, WOMEN'S"
8430,"FOOTWEAR, MEN'S"
8435,"FOOTWEAR, WOMEN'S"
8440,"HOSIERY, HANDWEAR, AND CLOTHING ACCESSORIES, MEN'S"
8440,HOSIERY HANDWEAR & CLOTHING ACC-MEN
8445,"HOSIERY, HANDWEAR, AND CLOTHING ACCESSORIES, WOMEN'S"
8445,HOSIERY HANDWEAR-CLOTHING ACC-WOMEN
8450,CHILDREN & INFANTS APPAREL & ACC
8450,CHILDREN'S AND INFANTS' APPAREL AND ACCESSORIES
8455,BADGES AND INSIGNIA
8457,JEWELRY
8460,LUGGAGE
8465,INDIVIDUAL EQUIPMENT
8470,"ARMOR, PERSONAL"
8475,SPEC FLIGHT CLOTHING & ACCESSORIES
8475,SPECIALIZED FLIGHT CLOTHING AND ACCESSORIES
85,TOILETRIES
8510,"PERFUMES, TOILET PREPARATIONS, AND POWDERS"
8510,"PERFUME,TOILET PREPARATION & POWDER"
8520,"TOILET SOAP,SHAVE PREP & DENTIFRICE"
8520,"TOILET SOAP, SHAVING PREPARATIONS, AND DENTIFRICES"
8530,PERSONAL TOILETRY ARTICLES
8540,TOILETRY PAPER PRODUCTS
87,AGRICULTURAL SUPPLIES
8710,FORAGE AND FEED
8720,FERTILIZERS
8730,SEEDS AND NURSERY STOCK
88,LIVE ANIMALS
8810,"LIVE ANIMALS, RAISED FOR FOOD"
8820,"LIVE ANIMALS, NOT RAISED FOR FOOD"
89,SUBSISTENCE
8900,PERISHABLE SUBSISTENCE $10K TO $25K
8905,"MEAT, POULTRY, AND FISH"
8910,DAIRY FOODS AND EGGS
8915,FRUITS AND VEGETABLES
8920,BAKERY AND CEREAL PRODUCTS
8925,"SUGAR, CONFECTIONERY, AND NUTS"
8930,"JAMS, JELLIES, AND PRESERVES"
8935,SOUPS AND BOUILLONS
8940,SPECIAL DIETARY FOOD & SPECIAL PREP
8940,SPECIAL DIETARY FOODS AND FOOD SPECIALTY PREPARATIONS
8945,"FOOD, OILS AND FATS"
8950,CONDIMENTS AND RELATED PRODUCTS
8955,"COFFEE, TEA, AND COCOA"
8960,"BEVERAGES, NONALCOHOLIC"
8965,"BEVERAGES, ALCOHOLIC"
8970,COMPOSITE FOOD PACKAGES
8975,TOBACCO PRODUCTS
8999,FOOD ITEMS FOR RESALE
91,"FUELS, LUBRICANTS, OILS, WAXES"
9105,ELECTRIC POWER SUPPLY FROM A THIRD PARTY GENERATION ENTITY
9110,"FUELS, SOLID"
9130,"LIQUID PROPELLANTS AND FUELS, PETROLEUM BASE"
9130,LIQUID PROPELLANTS -PETROLEUM BASE
9135,LIQUID PROPELLANTS - CHEMICAL BASE
9135,"LIQUID PROPELLANT FUELS AND OXIDIZERS, CHEMICAL BASE"
9140,FUEL OILS
9150,"OIL & GREASE-CUT,LUBR & HYDRAULIC"
9150,"OILS AND GREASES: CUTTING, LUBRICATING, AND HYDRAULIC"
9160,"MISCELLANEOUS WAXES, OILS, AND FATS"
93,NONMETALLIC FABRICATED MATERIALS
9310,PAPER AND PAPERBOARD
9320,RUBBER FABRICATED MATERIALS
9330,PLASTICS FABRICATED MATERIALS
9340,GLASS FABRICATED MATERIALS
9350,REFRACTORIES & FIRE SURFACING MAT
9350,REFRACTORIES AND FIRE SURFACING MATERIALS
9390,MISC FABRICATED NONMETAL MATERIALS
9390,MISCELLANEOUS FABRICATED NONMETALLIC MATERIALS
94,NONMETALLIC CRUDE MATERIALS
9410,CRUDE GRADES OF PLANT MATERIALS
9420,FIBERS VEGETABLE ANIMAL & SYNTHETIC
9420,"FIBERS: VEGETABLE, ANIMAL, AND SYNTHETIC"
9430,MISC CRUDE ANIMAL PRODS - INEDIBLE
9430,"MISCELLANEOUS CRUDE ANIMAL PRODUCTS, INEDIBLE"
9440,MISC CRUDE AGRI & FORESTRY PROD
9440,MISCELLANEOUS CRUDE AGRICULTURAL AND FORESTRY PRODUCTS
9450,"NONMETALLIC SCRAP, EXCEPT TEXTILE"
95,"METAL BARS, SHEETS, SHAPES"
9505,"WIRE, NONELECTRICAL"
9510,BARS AND RODS
9515,"PLATE, SHEET, STRIP, FOIL, AND LEAF"
9520,STRUCTURAL SHAPES
9525,"WIRE, NONELECTRICAL, NONFERROUS BASE METAL"
9525,WIRE NONELECT NONFERROUS BASE METAL
9530,"BARS AND RODS, NONFERROUS BASE METAL"
9530,BARS & RODS NONFERROUS BASE METAL
9535,PLATE SHEET STRIP-NONFERROUS METAL
9535,"PLATE, SHEET, STRIP, AND FOIL; NONFERROUS BASE METAL"
9540,"STRUCTURAL SHAPES, NONFERROUS BASE METAL"
9540,STRUCTURAL SHAPES NONFERROUS METAL
9545,"PLATE, SHEET, STRIP, FOIL, AND WIRE: PRECIOUS METAL"
9545,"PLATE,SHEET,STRIP & WIRE-PREC METAL"
96,"ORES, MINERALS AND PRIMARY PRODUCTS"
9610,ORES
9620,"MINERALS, NATURAL AND SYNTHETIC"
9630,ADDITIVE METAL MATERIALS
9640,IRON & STEEL PRIMARY & SEMIFINISHED
9640,IRON AND STEEL PRIMARY AND SEMIFINISHED PRODUCTS
9650,NONFERROUS BASE METAL REFINERY
9650,NONFERROUS BASE METAL REFINERY AND INTERMEDIATE FORMS
9660,PRECIOUS METALS PRIMARY FORMS
9670,IRON AND STEEL SCRAP
9680,NONFERROUS SCRAP
99,MISCELLANEOUS
9905,"SIGNS,AD DISPLAYS & IDENT PLATES"
9905,"SIGNS, ADVERTISING DISPLAYS, AND IDENTIFICATION PLATES"
9910,JEWELRY
9915,COLLECTORS' AND/OR HISTORICAL ITEMS
9915,COLLECTORS AND/OR HISTORICAL ITEMS
9920,SMOKERS' ARTICLES AND MATCHES
9925,"ECCLESIASTICAL EQUIPMENT, FURNISHINGS, AND SUPPLIES"
9925,ECCLESIASTICAL EQ FURNISHING & SUP
9930,MEMORIALS-CEMETERY & MORTUARY EQ
9930,MEMORIALS; CEMETERIAL AND MORTUARY EQUIPMENT AND SUPPLIES
9998,NON-FOOD ITEMS FOR RESALE
9999,MISCELLANEOUS ITEMS
A,RESEARCH AND DEVELOPMENT
AA,AGRICULTURE R&D
AA,AGRICULTURE R&D SERVICES
AA10,R&D-INSECT & DIS CONT
AA11,R&D- AGRICULTURE: INSECT AND DISEASE CONTROL (BASIC RESEARCH)
AA11,R&D-INSECT & DIS CONT-B RES
AA11,AGRICULTURE R&D SERVICES; AGRICULTURAL RESEARCH AND SERVICES; BASIC RESEARCH
AA12,R&D- AGRICULTURE: INSECT AND DISEASE CONTROL (APPLIED RESEARCH/EXPLORATORY DEVELOPMENT)
AA12,R&D-INSECT & DIS CONT-A RES/EXPL DE
AA12,AGRICULTURE R&D SERVICES; AGRICULTURAL RESEARCH AND SERVICES; APPLIED RESEARCH
AA13,R&D- AGRICULTURE: INSECT AND DISEASE CONTROL (ADVANCED DEVELOPMENT)
AA13,R&D-INSECT & DIS CONT-ADV DEV
AA13,AGRICULTURE R&D SERVICES; AGRICULTURAL RESEARCH AND SERVICES; EXPERIMENTAL DEVELOPMENT
AA14,R&D- AGRICULTURE: INSECT AND DISEASE CONTROL (ENGINEERING DEVELOPMENT)
AA14,R&D-INSECT & DIS CONT-ENG DEV
AA14,AGRICULTURE R&D SERVICES; AGRICULTURAL RESEARCH AND SERVICES; R&D ADMINISTRATIVE EXPENSES
AA15,R&D- AGRICULTURE: INSECT AND DISEASE CONTROL (OPERATIONAL SYSTEMS DEVELOPMENT)
AA15,R&D-INSECT & DIS CONT-OPSY DEV
AA15,AGRICULTURE R&D SVCS; AGRICULTURAL RESEARCH & SVCS; R&D FACILITIES & MAJ EQUIP
AA16,R&D-INSECT & DIS CONT-MGMT SUP
AA16,R&D- AGRICULTURE: INSECT AND DISEASE CONTROL (MANAGEMENT/SUPPORT)
AA17,R&D- AGRICULTURE: INSECT AND DISEASE CONTROL (COMMERCIALIZED)
AA17,R&D-INSECT & DISEASE CNTL-COMERCLIZ
AA20,R&D-AGRI MARKETING
AA21,AGRICULTURE MARKETING (BASIC)
AA21,R&D- AGRICULTURE: MARKETING (BASIC RESEARCH)
AA22,R&D- AGRICULTURE: MARKETING (APPLIED RESEARCH/EXPLORATORY DEVELOPMENT)
AA22,R&D-AGRI MARKETING-A RES/EXPL DEV
AA23,AGRICULTURE MARKETING (ADVANCED)
AA23,R&D- AGRICULTURE: MARKETING (ADVANCED DEVELOPMENT)
AA24,AGRICULTURE MARKETING (ENGINEERING)
AA24,R&D- AGRICULTURE: MARKETING (ENGINEERING DEVELOPMENT)
AA25,AGRICULTURE MARKETING (OPERATIONAL)
AA25,R&D- AGRICULTURE: MARKETING (OPERATIONAL SYSTEMS DEVELOPMENT)
AA26,R&D- AGRICULTURE: MARKETING (MANAGEMENT/SUPPORT)
AA26,R&D-AGRI MARKETING-MGMT SUP
AA27,R&D- AGRICULTURE: MARKETING (COMMERCIALIZED)
AA27,R&D-AGRI MARKETING-COMERCLIZ
AA30,R&D-AGRI PRODUCTION
AA31,AGRICULTURE PRODUCTION (BASIC)
AA31,R&D- AGRICULTURE: PRODUCTION (BASIC RESEARCH)
AA32,R&D- AGRICULTURE: PRODUCTION (APPLIED RESEARCH/EXPLORATORY DEVELOPMENT)
AA32,R&D-AGRI PRODUCTION-A RES/EXPL DEV
AA33,R&D- AGRICULTURE: PRODUCTION (ADVANCED DEVELOPMENT)
AA33,AGRICULTURE PRODUCTION (ADVANCED)
AA34,R&D-AGRI PRODUCTION-ENG DEV
AA34,R&D- AGRICULTURE: PRODUCTION (ENGINEERING DEVELOPMENT)
AA35,R&D-AGRI PRODUCTION-OPSY DEV
AA35,R&D- AGRICULTURE: PRODUCTION (OPERATIONAL SYSTEMS DEVELOPMENT)
AA36,R&D- AGRICULTURE: PRODUCTION (MANAGEMENT/SUPPORT)
AA36,R&D-AGRI PRODUCTION-MGMT SUP
AA37,R&D- AGRICULTURE: PRODUCTION (COMMERCIALIZED)
AA37,R&D-AGRI PRODUCTION-COMERCLIZ
AA40,
AA41,R&D-AQUACUL/HYDROPONICS-B RES
AA42,R&D-AQUACUL/HYDROPONICS-A RES/EXPL
AA43,R&D-AQUACUL/HYDROPONICS-ADV DEV
AA44,R&D-AQUACUL/HYDROPONICS-ENG DEV
AA45,R&D-AQUACUL/HYDROPONICS-OPSY DEV
AA46,R&D-AQUACUL/HYDROPONICS-MGMT SUP
AA47,RDTE/AQUACULTURE & HYDROPONICS-OP SYSTEM DEVELOP
AA90,R&D-OTHER AGRI
AA91,OTHER AGRICULTURE (BASIC)
AA91,R&D- AGRICULTURE: OTHER (BASIC RESEARCH)
AA92,R&D- AGRICULTURE: OTHER (APPLIED RESEARCH/EXPLORATORY DEVELOPMENT)
AA92,R&D-OTHER AGRI-A RES/EXPL DEV
AA93,OTHER AGRICULTURE (ADVANCED)
AA93,R&D- AGRICULTURE: OTHER (ADVANCED DEVELOPMENT)
AA94,OTHER AGRICULTURE (ENGINEERING)
AA94,R&D- AGRICULTURE: OTHER (ENGINEERING DEVELOPMENT)
AA95,OTHER AGRICULTURE (OPERATIONAL)
AA95,R&D- AGRICULTURE: OTHER (OPERATIONAL SYSTEMS DEVELOPMENT)
AA96,R&D- AGRICULTURE: OTHER (MANAGEMENT/SUPPORT)
AA96,R&D-OTHER AGRI-MGMT SUP
AA97,R&D- AGRICULTURE: OTHER (COMMERCIALIZED)
AA97,R&D-OTHER AGRI-COMERCLIZ
AB,COMMUNITY SERVICE/DEVELOPMENT R&D
AB,Community and Regional Development R&D Services
AB10,R&D-CRIME PREVENT & CONT
AB11,R&D- COMMUNITY SVC/DEVELOP: CRIME PREVENTION/CONTROL (BASIC RESEARCH)
AB11,R&D-CRIME PREVENT & CONT-B RES
AB11,COMMUNITY AND REGIONAL DEVELOPMENT R&D SERVICES; COMMUNITY DEVELOPMENT; BASIC RESEARCH
AB12,R&D- COMMUNITY SVC/DEVELOP: CRIME PREVENTION/CONTROL (APPLIED RESEARCH/EXPLORATORY DEVELOPMENT)
AB12,R&D-CRIME PREVENT & CONT-A RES/EXPL
AB12,COMMUNITY AND REGIONAL DEVELOPMENT R&D SERVICES; COMMUNITY DEVELOPMENT; APPLIED RESEARCH
AB13,R&D-CRIME PREVENT & CONT-ADV DEV
AB13,R&D- COMMUNITY SVC/DEVELOP: CRIME PREVENTION/CONTROL (ADVANCED DEVELOPMENT)
AB13,COMMUNITY AND REGIONAL DEVELOPMENT R&D SERVICES; COMMUNITY DEVELOPMENT; EXPERIMENTAL DEVELOPMENT
AB14,R&D- COMMUNITY SVC/DEVELOP: CRIME PREVENTION/CONTROL (ENGINEERING DEVELOPMENT)
AB14,R&D-CRIME PREVENT & CONT-ENG DEV
AB14,COMMUNITY AND REGIONAL DEVELOPMENT R&D SERVICES; COMMUNITY DEVELOPMENT; R&D ADMINISTRATIVE EXPENSES
AB15,R&D-CRIME PREVENT & CONT-OPSY DEV
AB15,R&D- COMMUNITY SVC/DEVELOP: CRIME PREVENTION/CONTROL (OPERATIONAL SYSTEMS DEVELOPMENT)
AB15,COMMUNITY & REGIONAL DEVELOPMENT R&D SVCS; COMMUNITY DEVELOPMENT; R&D FACILITIES & MAJ EQUIP
AB16,R&D-CRIME PREVENT & CONT-MGMT SUP
AB16,R&D- COMMUNITY SVC/DEVELOP: CRIME PREVENTION/CONTROL (MANAGEMENT/SUPPORT)
AB17,R&D-CRIME PREVENT & CONT-COMERCLIZ
AB17,R&D- COMMUNITY SVC/DEVELOP: CRIME PREVENTION/CONTROL (COMMERCIALIZED)
AB20,R&D-FIRE PREVENT & CONT
AB21,FIRE PREVENTION AND CONTROL (BASIC)
AB21,R&D- COMMUNITY SVC/DEVELOP: FIRE PREVENTION/CONTROL (BASIC RESEARCH)
AB21,COMMUNITY AND REGIONAL DEVELOPMENT R&D SERVICES; AREA AND REGIONAL DEVELOPMENT; BASIC RESEARCH
AB22,R&D- COMMUNITY SVC/DEVELOP: FIRE PREVENTION/CONTROL (APPLIED RESEARCH/EXPLORATORY DEVELOPMENT)
AB22,R&D-FIRE PREVENT & CONT-A RES/EXPL
AB22,COMMUNITY AND REGIONAL DEVELOPMENT R&D SERVICES; AREA AND REGIONAL DEVELOPMENT; APPLIED RESEARCH
AB23,R&D- COMMUNITY SVC/DEVELOP: FIRE PREVENTION/CONTROL (ADVANCED DEVELOPMENT)
AB23,R&D-FIRE PREVENT & CONT-ADV DEV
AB23,COMMUNITY & REGIONAL DEVELOPMENT R&D SVCS; AREA & REGIONAL DEVELOPMENT; EXPERIMENTAL DEVELOPMENT
AB24,R&D- COMMUNITY SVC/DEVELOP: FIRE PREVENTION/CONTROL (ENGINEERING DEVELOPMENT)
AB24,R&D-FIRE PREVENT & CONT-ENG DEV
AB24,COMMUNITY & REGIONAL DEVELOPMENT R&D SVCS; AREA & REGIONAL DEVELOPMENT; R&D ADMINISTRATIVE EXPENSES
AB25,R&D- COMMUNITY SVC/DEVELOP: FIRE PREVENTION/CONTROL (OPERATIONAL SYSTEMS DEVELOPMENT)
AB25,R&D-FIRE PREVENT & CONT-OPSY DEV
AB25,COMMUNITY & REGIONAL DEVELOPMENT R&D SVCS; AREA & REGIONAL DEVELOPMENT; R&D FACILITIES & MAJ EQUIP
AB26,R&D- COMMUNITY SVC/DEVELOP: FIRE PREVENTION/CONTROL (MANAGEMENT/SUPPORT)
AB26,R&D-FIRE PREVENT & CONT-MGMT SUP
AB27,R&D-FIRE PREVENT & CONT-COMERCLIZ
AB27,R&D- COMMUNITY SVC/DEVELOP: FIRE PREVENTION/CONTROL (COMMERCIALIZED)
AB30,R&D-RURAL SVCS & DEVELOP
AB31,R&D- COMMUNITY SERVICE/DEVELOPMENT: RURAL (BASIC RESEARCH)
AB31,R&D-RURAL SVCS & DEVELOP-B RES
AB32,R&D-RURAL SVCS & DEVELOP-A RES/EXPL
AB32,R&D- COMMUNITY SERVICE/DEVELOPMENT: RURAL (APPLIED RESEARCH/EXPLORATORY DEVELOPMENT)
AB33,R&D- COMMUNITY SERVICE/DEVELOPMENT: RURAL (ADVANCED DEVELOPMENT)
AB33,R&D-RURAL SVCS & DEVELOP-ADV DEV
AB34,R&D- COMMUNITY SERVICE/DEVELOPMENT: RURAL (ENGINEERING DEVELOPMENT)
AB34,R&D-RURAL SVCS & DEVELOP-ENG DEV
AB35,R&D-RURAL SVCS & DEVELOP-OPSY DEV
AB35,R&D- COMMUNITY SERVICE/DEVELOPMENT: RURAL (OPERATIONAL SYSTEMS DEVELOPMENT)
AB36,R&D-RURAL SVCS & DEVELOP-MGMT SUP
AB36,R&D- COMMUNITY SERVICE/DEVELOPMENT: RURAL (MANAGEMENT/SUPPORT)
AB37,R&D-RURAL SVCS & DEVELOP-COMERCLIZ
AB37,R&D- COMMUNITY SERVICE/DEVELOPMENT: RURAL (COMMERCIALIZED)
AB40,R&D-URBAN SVCS & DEVELOP
AB41,R&D-URBAN SVCS & DEVELOP-B RES
AB41,R&D- COMMUNITY SERVICE/DEVELOPMENT: URBAN (BASIC RESEARCH)
AB42,R&D-URBAN SVCS & DEVELOP-A RES/EXPL
AB42,R&D- COMMUNITY SERVICE/DEVELOPMENT: URBAN (APPLIED RESEARCH/EXPLORATORY DEVELOPMENT)
AB43,R&D- COMMUNITY SERVICE/DEVELOPMENT: URBAN (ADVANCED DEVELOPMENT)
AB43,R&D-URBAN SVCS & DEVELOP-ADV DEV
AB44,R&D- COMMUNITY SERVICE/DEVELOPMENT: URBAN (ENGINEERING DEVELOPMENT)
AB44,R&D-URBAN SVCS & DEVELOP-ENG DEV
AB45,R&D-URBAN SVCS & DEVELOP-OPSY DEV
AB45,R&D- COMMUNITY SERVICE/DEVELOPMENT: URBAN (OPERATIONAL SYSTEMS DEVELOPMENT)
AB46,R&D- COMMUNITY SERVICE/DEVELOPMENT: URBAN (MANAGEMENT/SUPPORT)
AB46,R&D-URBAN SVCS & DEVELOP-MGMT SUP
AB47,R&D- COMMUNITY SERVICE/DEVELOPMENT: URBAN (COMMERCIALIZED)
AB47,R&D-URBAN SVCS & DEVELOP-COMERCLIZ
AB90,R&D-OTHER SVC & DEVELOP
AB91,R&D- COMMUNITY SERVICE/DEVELOPMENT: OTHER (BASIC RESEARCH)
AB91,R&D-OTHER SVC & DEVELOP-B RES
AB92,R&D- COMMUNITY SERVICE/DEVELOPMENT: OTHER (APPLIED RESEARCH/EXPLORATORY DEVELOPMENT)
AB92,R&D-OTHER SVC & DEVELOP-A RES/EXPL
AB93,R&D-OTHER SVC & DEVELOP-ADV DEV
AB93,R&D- COMMUNITY SERVICE/DEVELOPMENT: OTHER (ADVANCED DEVELOPMENT)
AB94,R&D-OTHER SVC & DEVELOP-ENG DEV
AB94,R&D- COMMUNITY SERVICE/DEVELOPMENT: OTHER (ENGINEERING DEVELOPMENT)
AB95,R&D- COMMUNITY SERVICE/DEVELOPMENT: OTHER (OPERATIONAL SYSTEMS DEVELOPMENT)
AB95,R&D-OTHER SVC & DEVELOP-OPSY DEV
AB96,R&D-OTHER SVC & DEVELOP-MGMT SUP
AB96,R&D- COMMUNITY SERVICE/DEVELOPMENT: OTHER (MANAGEMENT/SUPPORT)
AB97,R&D-OTHER SVC & DEVELOP-COMERCLIZ
AB97,R&D- COMMUNITY SERVICE/DEVELOPMENT: OTHER (COMMERCIALIZED)
AC,DEFENSE SYSTEMS R&D
AC,C – National Defense R&D Services
AC10,R&D-AIRCRAFT
AC11,R&D- DEFENSE SYSTEM: AIRCRAFT (BASIC RESEARCH)
AC11,DEFENSE AIRCRAFT (BASIC)
AC11,NATIONAL DEFENSE R&D SERVICES; DEPARTMENT OF DEFENSE - MILITARY; BASIC RESEARCH
AC12,R&D- DEFENSE SYSTEM: AIRCRAFT (APPLIED RESEARCH/EXPLORATORY DEVELOPMENT)
AC12,R&D-AIRCRAFT-A RES/EXPL DEV
AC12,NATIONAL DEFENSE R&D SERVICES; DEPARTMENT OF DEFENSE - MILITARY; APPLIED RESEARCH
AC13,R&D- DEFENSE SYSTEM: AIRCRAFT (ADVANCED DEVELOPMENT)
AC13,DEFENSE AIRCRAFT (ADVANCED)
AC13,NATIONAL DEFENSE R&D SERVICES; DEPARTMENT OF DEFENSE - MILITARY; EXPERIMENTAL DEVELOPMENT
AC14,R&D- DEFENSE SYSTEM: AIRCRAFT (ENGINEERING DEVELOPMENT)
AC14,DEFENSE AIRCRAFT (ENGINEERING)
AC14,NATIONAL DEFENSE R&D SERVICES; DEPARTMENT OF DEFENSE - MILITARY; R&D ADMINISTRATIVE EXPENSES
AC15,DEFENSE AIRCRAFT (OPERATIONAL)
AC15,R&D- DEFENSE SYSTEM: AIRCRAFT (OPERATIONAL SYSTEMS DEVELOPMENT)
AC15,NATIONAL DEFENSE R&D SVCS; DEPARTMENT OF DEFENSE - MILITARY; R&D FACILITIES & MAJ EQUIP
AC16,R&D-AIRCRAFT-MGMT SUP
AC16,R&D- DEFENSE SYSTEM: AIRCRAFT (MANAGEMENT/SUPPORT)
AC17,R&D- DEFENSE SYSTEM: AIRCRAFT (COMMERCIALIZED)
AC17,R&D-AIRCRAFT-COMERCLIZ
AC20,R&D-MISSILE & SPACE SYS
AC21,R&D-MISSILE & SPACE SYS-B RES
AC21,R&D- DEFENSE SYSTEM: MISSILE/SPACE SYSTEMS (BASIC RESEARCH)
AC21,NATIONAL DEFENSE R&D SERVICES; ATOMIC ENERGY DEFENSE ACTIVITIES; BASIC RESEARCH
AC22,R&D- DEFENSE SYSTEM: MISSILE/SPACE SYSTEMS (APPLIED RESEARCH/EXPLORATORY DEVELOPMENT)
AC22,R&D-MISSILE & SPACE SYS-A RES/EXPL
AC22,NATIONAL DEFENSE R&D SERVICES; ATOMIC ENERGY DEFENSE ACTIVITIES; APPLIED RESEARCH
AC23,R&D-MISSILE & SPACE SYS-ADV DEV
AC23,NATIONAL DEFENSE R&D SERVICES; ATOMIC ENERGY DEFENSE ACTIVITIES; EXPERIMENTAL DEVELOPMENT
AC24,R&D-MISSILE & SPACE SYS-ENG DEV
AC24,R&D- DEFENSE SYSTEM: MISSILE/SPACE SYSTEMS (ENGINEERING DEVELOPMENT)
AC24,NATIONAL DEFENSE R&D SERVICES; ATOMIC ENERGY DEFENSE ACTIVITIES; R&D ADMINISTRATIVE EXPENSES
AC25,R&D- DEFENSE SYSTEM: MISSILE/SPACE SYSTEMS (OPERATIONAL SYSTEMS DEVELOPMENT)
AC25,R&D-MISSILE & SPACE SYS-OPSY DEV
AC25,NATIONAL DEFENSE R&D SVCS; ATOMIC ENERGY DEFENSE ACTIVITIES; R&D FACILITIES & MAJ EQUIP
AC26,R&D- DEFENSE SYSTEM: MISSILE/SPACE SYSTEMS (MANAGEMENT/SUPPORT)
AC26,R&D-MISSILE & SPACE SYS-MGMT SUP
AC27,R&D-MISSILE & SPACE SYS-COMERCLIZ
AC27,R&D- DEFENSE SYSTEM: MISSILE/SPACE SYSTEMS (COMMERCIALIZED)
AC30,R&D-SHIPS
AC31,DEFENSE SHIPS (BASIC)
AC31,R&D- DEFENSE SYSTEM: SHIPS (BASIC RESEARCH)
AC31,NATIONAL DEFENSE R&D SERVICES; DEFENSE-RELATED ACTIVITIES; BASIC RESEARCH
AC32,R&D- DEFENSE SYSTEM: SHIPS (APPLIED RESEARCH/EXPLORATORY DEVELOPMENT)
AC32,DEFENSE SHIPS (APPLIED/EXPLORATORY)
AC32,NATIONAL DEFENSE R&D SERVICES; DEFENSE-RELATED ACTIVITIES; APPLIED RESEARCH
AC33,DEFENSE SHIPS (ADVANCED)
AC33,R&D- DEFENSE SYSTEM: SHIPS (ADVANCED DEVELOPMENT)
AC33,NATIONAL DEFENSE R&D SERVICES; DEFENSE-RELATED ACTIVITIES; EXPERIMENTAL DEVELOPMENT
AC34,R&D- DEFENSE SYSTEM: SHIPS (ENGINEERING DEVELOPMENT)
AC34,DEFENSE SHIPS (ENGINEERING)
AC34,NATIONAL DEFENSE R&D SERVICES; DEFENSE-RELATED ACTIVITIES; R&D ADMINISTRATIVE EXPENSES
AC35,R&D- DEFENSE SYSTEM: SHIPS (OPERATIONAL SYSTEMS DEVELOPMENT)
AC35,DEFENSE SHIPS (OPERATIONAL)
AC35,NATIONAL DEFENSE R&D SVCS; DEFENSE-RELATED ACTIVITIES; R&D FACILITIES & MAJ EQUIP
AC36,DEFENSE SHIPS (MANAGEMENT/SUPPORT)
AC36,R&D- DEFENSE SYSTEM: SHIPS (MANAGEMENT/SUPPORT)
AC37,R&D- DEFENSE SYSTEM: SHIPS (COMMERCIALIZED)
AC37,R&D-SHIPS-COMERCLIZ
AC40,R&D-TANK - AUTOMOTIVE
AC41,DEFENSE TANK - AUTOMOTIVE (BASIC)
AC41,R&D- DEFENSE SYSTEM: TANK/AUTOMOTIVE (BASIC RESEARCH)
AC42,R&D- DEFENSE SYSTEM: TANK/AUTOMOTIVE (APPLIED RESEARCH/EXPLORATORY DEVELOPMENT)
AC42,R&D-TANK - AUTOMOTIVE-A RES/EXPL DE
AC43,R&D-TANK - AUTOMOTIVE-ADV DEV
AC43,R&D- DEFENSE SYSTEM: TANK/AUTOMOTIVE (ADVANCED DEVELOPMENT)
AC44,R&D- DEFENSE SYSTEM: TANK/AUTOMOTIVE (ENGINEERING DEVELOPMENT)
AC44,R&D-TANK - AUTOMOTIVE-ENG DEV
AC45,R&D- DEFENSE SYSTEM: TANK/AUTOMOTIVE (OPERATIONAL SYSTEMS DEVELOPMENT)
AC45,R&D-TANK - AUTOMOTIVE-OPSY DEV
AC46,R&D-TANK - AUTOMOTIVE-MGMT SUP
AC46,R&D- DEFENSE SYSTEM: TANK/AUTOMOTIVE (MANAGEMENT/SUPPORT)
AC47,R&D- DEFENSE SYSTEM: TANK/AUTOMOTIVE (COMMERCIALIZED)
AC47,R&D-TANK - AUTOMOTIVE-COMERCLIZ
AC50,R&D-WEAPONS
AC51,WEAPONS (BASIC)
AC51,R&D- DEFENSE SYSTEM: WEAPONS (BASIC RESEARCH)
AC52,R&D- DEFENSE SYSTEM: WEAPONS (APPLIED RESEARCH/EXPLORATORY DEVELOPMENT)
AC52,WEAPONS (APPLIED/EXPLORATORY)
AC53,R&D- DEFENSE SYSTEM: WEAPONS (ADVANCED DEVELOPMENT)
AC53,WEAPONS (ADVANCED)
AC54,WEAPONS (ENGINEERING)
AC54,R&D- DEFENSE SYSTEM: WEAPONS (ENGINEERING DEVELOPMENT)
AC55,WEAPONS (OPERATIONAL)
AC55,R&D- DEFENSE SYSTEM: WEAPONS (OPERATIONAL SYSTEMS DEVELOPMENT)
AC56,R&D- DEFENSE SYSTEM: WEAPONS (MANAGEMENT/SUPPORT)
AC56,WEAPONS (MANAGEMENT/SUPPORT)
AC57,R&D- DEFENSE SYSTEM: WEAPONS (COMMERCIALIZED)
AC57,R&D-WEAPONS-COMERCLIZ
AC60,R&D-ELECTRONICS & COMM EQ
AC61,R&D-ELECTRONICS & COMM EQ-B RES
AC61,R&D- DEFENSE SYSTEM: ELECTRONICS/COMMUNICATION EQUIPMENT (BASIC RESEARCH)
AC62,R&D- DEFENSE SYSTEM: ELECTRONICS/COMMUNICATION EQUIPMENT (APPLIED RESEARCH/EXPLORATORY DEVELOPMENT)
AC62,R&D-ELECTRONICS & COMM EQ-A RES/EXP
AC63,R&D-ELECTRONICS & COMM EQ-ADV DEV
AC63,R&D- DEFENSE SYSTEM: ELECTRONICS/COMMUNICATION EQUIPMENT (ADVANCED DEVELOPMENT)
AC64,R&D- DEFENSE SYSTEM: ELECTRONICS/COMMUNICATION EQUIPMENT (ENGINEERING DEVELOPMENT)
AC64,R&D-ELECTRONICS & COMM EQ-ENG DEV
AC65,R&D- DEFENSE SYSTEM: ELECTRONICS/COMMUNICATION EQUIPMENT (OPERATIONAL SYSTEMS DEVELOPMENT)
AC65,R&D-ELECTRONICS & COMM EQ-OPSY DEV
AC66,R&D-ELECTRONICS & COMM EQ-MGMT SUP
AC66,R&D- DEFENSE SYSTEM: ELECTRONICS/COMMUNICATION EQUIPMENT (MANAGEMENT/SUPPORT)
AC67,R&D- DEFENSE SYSTEM: ELECTRONICS/COMMUNICATION EQUIPMENT (COMMERCIALIZED)
AC67,R&D-ELECTRONICS & COMM EQ-COMERCLIZ
AC90,R&D-MISC HARD GOODS
AC91,R&D- DEFENSE SYSTEM: MISCELLANEOUS HARD GOODS (BASIC RESEARCH)
AC91,R&D-MISC HARD GOODS-B RES
AC92,R&D-MISC HARD GOODS-A RES/EXPL DEV
AC92,R&D- DEFENSE SYSTEM: MISCELLANEOUS HARD GOODS (APPLIED RESEARCH/EXPLORATORY DEVELOPMENT)
AC93,R&D- DEFENSE SYSTEM: MISCELLANEOUS HARD GOODS (ADVANCED DEVELOPMENT)
AC93,R&D-MISC HARD GOODS-ADV DEV
AC94,R&D-MISC HARD GOODS-ENG DEV
AC94,R&D- DEFENSE SYSTEM: MISCELLANEOUS HARD GOODS (ENGINEERING DEVELOPMENT)
AC95,R&D- DEFENSE SYSTEM: MISCELLANEOUS HARD GOODS (OPERATIONAL SYSTEMS DEVELOPMENT)
AC95,R&D-MISC HARD GOODS-OPSY DEV
AC96,R&D- DEFENSE SYSTEM: MISCELLANEOUS HARD GOODS (MANAGEMENT/SUPPORT)
AC96,R&D-MISC HARD GOODS-MGMT SUP
AC97,R&D- DEFENSE SYSTEM: MISCELLANEOUS HARD GOODS (COMMERCIALIZED)
AC97,R&D-MISC HARD GOODS-COMERCLIZ
AD,DEFENSE (OTHER) R&D
AD10,R&D-AMMUNITION
AD11,R&D- DEFENSE OTHER: AMMUNITION (BASIC RESEARCH)
AD11,AMMUNITION (BASIC)
AD12,R&D- DEFENSE OTHER: AMMUNITION (APPLIED RESEARCH/EXPLORATORY DEVELOPMENT)
AD12,AMMUNITION (APPLIED/EXPLORATORY)
AD13,R&D- DEFENSE OTHER: AMMUNITION (ADVANCED DEVELOPMENT)
AD13,AMMUNITION (ADVANCED)
AD14,R&D- DEFENSE OTHER: AMMUNITION (ENGINEERING DEVELOPMENT)
AD14,AMMUNITION (ENGINEERING)
AD15,R&D- DEFENSE OTHER: AMMUNITION (OPERATIONAL SYSTEMS DEVELOPMENT)
AD15,AMMUNITION (OPERATIONAL)
AD16,AMMUNITION (MANAGEMENT/SUPPORT)
AD16,R&D- DEFENSE OTHER: AMMUNITION (MANAGEMENT/SUPPORT)
AD17,R&D- DEFENSE OTHER: AMMUNITION (COMMERCIALIZED)
AD17,R&D-AMMUNITION-COMERCLIZ
AD20,R&D-SVCS
AD21,SERVICES (BASIC)
AD21,R&D- DEFENSE OTHER: SERVICES (BASIC RESEARCH)
AD22,SERVICES (APPLIED/EXPLORATORY)
AD22,R&D- DEFENSE OTHER: SERVICES (APPLIED RESEARCH/EXPLORATORY DEVELOPMENT)
AD23,R&D- DEFENSE OTHER: SERVICES (ADVANCED DEVELOPMENT)
AD23,SERVICES (ADVANCED)
AD24,SERVICES (ENGINEERING)
AD24,R&D- DEFENSE OTHER: SERVICES (ENGINEERING DEVELOPMENT)
AD25,R&D- DEFENSE OTHER: SERVICES (OPERATIONAL SYSTEMS DEVELOPMENT)
AD25,SERVICES (OPERATIONAL)
AD26,R&D- DEFENSE OTHER: SERVICES (MANAGEMENT/SUPPORT)
AD26,SERVICES (MANAGEMENT/SUPPORT)
AD27,R&D-SVCS-COMERCLIZ
AD27,R&D- DEFENSE OTHER: SERVICES (COMMERCIALIZED)
AD30,R&D-SUBSISTENCE
AD31,SUBSISTENCE (BASIC)
AD31,R&D- DEFENSE OTHER: SUBSISTENCE (BASIC RESEARCH)
AD32,R&D- DEFENSE OTHER: SUBSISTENCE (APPLIED RESEARCH/EXPLORATORY DEVELOPMENT)
AD32,SUBSISTENCE (APPLIED/EXPLORATORY)
AD33,R&D- DEFENSE OTHER: SUBSISTENCE (ADVANCED DEVELOPMENT)
AD33,SUBSISTENCE (ADVANCED)
AD34,SUBSISTENCE (ENGINEERING)
AD34,R&D- DEFENSE OTHER: SUBSISTENCE (ENGINEERING DEVELOPMENT)
AD35,R&D- DEFENSE OTHER: SUBSISTENCE (OPERATIONAL SYSTEMS DEVELOPMENT)
AD35,SUBSISTENCE (OPERATIONAL)
AD36,R&D- DEFENSE OTHER: SUBSISTENCE (MANAGEMENT/SUPPORT)
AD36,SUBSISTENCE (MANAGEMENT/SUPPORT)
AD37,R&D- DEFENSE OTHER: SUBSISTENCE (COMMERCIALIZED)
AD37,R&D-SUBSISTENCE-COMERCLIZ
AD40,"R&D-TEXTILES,CLOTHING,ETC"
AD41,"R&D-TEXTILES,CLOTHING,ETC-B RES"
AD41,R&D- DEFENSE OTHER: TEXTILES/CLOTHING/EQUIPAGE (BASIC RESEARCH)
AD42,R&D- DEFENSE OTHER: TEXTILES/CLOTHING/EQUIPAGE (APPLIED RESEARCH/EXPLORATORY DEVELOPMENT)
AD42,"R&D-TEXTILES,CLOTHING,ETC-A RES/EXP"
AD43,"R&D-TEXTILES,CLOTHING,ETC-ADV DEV"
AD43,R&D- DEFENSE OTHER: TEXTILES/CLOTHING/EQUIPAGE (ADVANCED DEVELOPMENT)
AD44,"R&D-TEXTILES,CLOTHING,ETC-ENG DEV"
AD44,R&D- DEFENSE OTHER: TEXTILES/CLOTHING/EQUIPAGE (ENGINEERING DEVELOPMENT)
AD45,"R&D-TEXTILES,CLOTHING,ETC-OPSY DEV"
AD45,R&D- DEFENSE OTHER: TEXTILES/CLOTHING/EQUIPAGE (OPERATIONAL SYSTEMS DEVELOPMENT)
AD46,R&D- DEFENSE OTHER: TEXTILES/CLOTHING/EQUIPAGE (MANAGEMENT/SUPPORT)
AD46,"R&D-TEXTILES,CLOTHING,ETC-MGMT SUP"
AD47,R&D- DEFENSE OTHER: TEXTILES/CLOTHING/EQUIPAGE (COMMERCIALIZED)
AD47,"R&D-TEXTILES,CLOTHING,ETC-COMERCLIZ"
AD50,R&D-FUELS & LUBRICANTS
AD51,FUELS AND LUBRICANTS (BASIC)
AD51,R&D- DEFENSE OTHER: FUELS/LUBRICANTS (BASIC RESEARCH)
AD52,R&D- DEFENSE OTHER: FUELS/LUBRICANTS (APPLIED RESEARCH/EXPLORATORY DEVELOPMENT)
AD52,R&D-FUELS & LUBRICANTS-A RES/EXPL D
AD53,FUELS AND LUBRICANTS (ADVANCED)
AD53,R&D- DEFENSE OTHER: FUELS/LUBRICANTS (ADVANCED DEVELOPMENT)
AD54,R&D- DEFENSE OTHER: FUELS/LUBRICANTS (ENGINEERING DEVELOPMENT)
AD54,FUELS AND LUBRICANTS (ENGINEERING)
AD55,R&D- DEFENSE OTHER: FUELS/LUBRICANTS (OPERATIONAL SYSTEMS DEVELOPMENT)
AD55,FUELS AND LUBRICANTS (OPERATIONAL)
AD56,R&D-FUELS & LUBRICANTS-MGMT SUP
AD56,R&D- DEFENSE OTHER: FUELS/LUBRICANTS (MANAGEMENT/SUPPORT)
AD57,R&D- DEFENSE OTHER: FUELS/LUBRICANTS (COMMERCIALIZED)
AD57,R&D-FUELS & LUBRICANTS-COMERCLIZ
AD60,R&D-CONSTRUCT
AD61,CONSTRUCTION (BASIC)
AD61,R&D- DEFENSE OTHER: CONSTRUCTION (BASIC RESEARCH)
AD62,R&D- DEFENSE OTHER: CONSTRUCTION (APPLIED RESEARCH/EXPLORATORY DEVELOPMENT)
AD62,CONSTRUCTION (APPLIED/EXPLORATORY)
AD63,CONSTRUCTION (ADVANCED)
AD63,R&D- DEFENSE OTHER: CONSTRUCTION (ADVANCED DEVELOPMENT)
AD64,R&D- DEFENSE OTHER: CONSTRUCTION (ENGINEERING DEVELOPMENT)
AD64,CONSTRUCTION (ENGINEERING)
AD65,R&D- DEFENSE OTHER: CONSTRUCTION (OPERATIONAL SYSTEMS DEVELOPMENT)
AD65,CONSTRUCTION (OPERATIONAL)
AD66,CONSTRUCTION (MANAGEMENT/SUPPORT)
AD66,R&D- DEFENSE OTHER: CONSTRUCTION (MANAGEMENT/SUPPORT)
AD67,R&D- DEFENSE OTHER: CONSTRUCTION (COMMERCIALIZED)
AD67,R&D-CONSTRUCT-COMERCLIZ
AD90,R&D-OTHER DEFENSE
AD91,OTHER DEFENSE (BASIC)
AD91,R&D- DEFENSE OTHER: OTHER (BASIC RESEARCH)
AD92,R&D- DEFENSE OTHER: OTHER (APPLIED RESEARCH/EXPLORATORY DEVELOPMENT)
AD92,OTHER DEFENSE (APPLIED/EXPLORATORY)
AD93,R&D- DEFENSE OTHER: OTHER (ADVANCED DEVELOPMENT)
AD93,OTHER DEFENSE (ADVANCED)
AD94,OTHER DEFENSE (ENGINEERING)
AD94,R&D- DEFENSE OTHER: OTHER (ENGINEERING DEVELOPMENT)
AD95,OTHER DEFENSE (OPERATIONAL)
AD95,R&D- DEFENSE OTHER: OTHER (OPERATIONAL SYSTEMS DEVELOPMENT)
AD96,R&D- DEFENSE OTHER: OTHER (MANAGEMENT/SUPPORT)
AD96,OTHER DEFENSE (MANAGEMENT/SUPPORT)
AD97,R&D- DEFENSE OTHER: OTHER (COMMERCIALIZED)
AD97,R&D-OTHER DEFENSE-COMERCLIZ
AE,ECONOMIC GROWTH/PRODUCTIVITY R&D
AE10,R&D-EMPL GROW-PRODUCTIVTY
AE11,R&D- ECONOMIC GROWTH: EMPLOYMENT GROWTH/PRODUCTIVITY (BASIC RESEARCH)
AE11,R&D-EMPL GROW-PRODUCTIVTY-B RES
AE12,R&D- ECONOMIC GROWTH: EMPLOYMENT GROWTH/PRODUCTIVITY (APPLIED RESEARCH/EXPLORATORY DEVELOPMENT)
AE12,R&D-EMPL GROW-PRODUCTIVTY-A RES/EXP
AE13,R&D- ECONOMIC GROWTH: EMPLOYMENT GROWTH/PRODUCTIVITY (ADVANCED DEVELOPMENT)
AE13,R&D-EMPL GROW-PRODUCTIVTY-ADV DEV
AE14,R&D-EMPL GROW-PRODUCTIVTY-ENG DEV
AE14,R&D- ECONOMIC GROWTH: EMPLOYMENT GROWTH/PRODUCTIVITY (ENGINEERING DEVELOPMENT)
AE15,R&D- ECONOMIC GROWTH: EMPLOYMENT GROWTH/PRODUCTIVITY (OPERATIONAL SYSTEMS DEVELOPMENT)
AE15,R&D-EMPL GROW-PRODUCTIVTY-OPSY DEV
AE16,R&D-EMPL GROW-PRODUCTIVTY-MGMT SUP
AE16,R&D- ECONOMIC GROWTH: EMPLOYMENT GROWTH/PRODUCTIVITY (MANAGEMENT/SUPPORT)
AE17,R&D-EMPL GROW-PRODUCTIVTY-COMERCLIZ
AE17,R&D- ECONOMIC GROWTH: EMPLOYMENT GROWTH/PRODUCTIVITY (COMMERCIALIZED)
AE20,R&D-PROD/SERV IMPROVEMENT
AE21,R&D-PROD/SERV IMPROVEMENT-B RES
AE21,R&D- ECONOMIC GROWTH: PRODUCT/SERVICE IMPROVEMENT (BASIC RESEARCH)
AE22,R&D-PROD/SERV IMPROVEMENT-A RES/EXP
AE22,R&D- ECONOMIC GROWTH: PRODUCT/SERVICE IMPROVEMENT (APPLIED RESEARCH/EXPLORATORY DEVELOPMENT)
AE23,R&D- ECONOMIC GROWTH: PRODUCT/SERVICE IMPROVEMENT (ADVANCED DEVELOPMENT)
AE23,R&D-PROD/SERV IMPROVEMENT-ADV DEV
AE24,R&D- ECONOMIC GROWTH: PRODUCT/SERVICE IMPROVEMENT (ENGINEERING DEVELOPMENT)
AE24,R&D-PROD/SERV IMPROVEMENT-ENG DEV
AE25,R&D- ECONOMIC GROWTH: PRODUCT/SERVICE IMPROVEMENT (OPERATIONAL SYSTEMS DEVELOPMENT)
AE25,R&D-PROD/SERV IMPROVEMENT-OPSY DEV
AE26,R&D- ECONOMIC GROWTH: PRODUCT/SERVICE IMPROVEMENT (MANAGEMENT/SUPPORT)
AE26,R&D-PROD/SERV IMPROVEMENT-MGMT SUP
AE27,R&D-PROD/SERV IMPROVEMENT-COMERCLIZ
AE27,R&D- ECONOMIC GROWTH: PRODUCT/SERVICE IMPROVEMENT (COMMERCIALIZED)
AE30,R&D-MANUFACTURING TECH
AE31,R&D- ECONOMIC GROWTH: MANUFACTURING TECHNOLOGY (BASIC RESEARCH)
AE31,MANUFACTURING TECHNOLOGY (BASIC)
AE32,R&D- ECONOMIC GROWTH: MANUFACTURING TECHNOLOGY (APPLIED RESEARCH/EXPLORATORY DEVELOPMENT)
AE32,R&D-MANUFACTURING TECH-A RES/EXPL D
AE33,R&D- ECONOMIC GROWTH: MANUFACTURING TECHNOLOGY (ADVANCED DEVELOPMENT)
AE33,MANUFACTURING TECHNOLOGY (ADVANCED)
AE34,R&D- ECONOMIC GROWTH: MANUFACTURING TECHNOLOGY (ENGINEERING DEVELOPMENT)
AE34,R&D-MANUFACTURING TECH-ENG DEV
AE35,R&D-MANUFACTURING TECH-OPSY DEV
AE35,R&D- ECONOMIC GROWTH: MANUFACTURING TECHNOLOGY (OPERATIONAL SYSTEMS DEVELOPMENT)
AE36,R&D- ECONOMIC GROWTH: MANUFACTURING TECHNOLOGY (MANAGEMENT/SUPPORT)
AE36,R&D-MANUFACTURING TECH-MGMT SUP
AE37,R&D-MANUFACTURING TECH-COMERCLIZ
AE37,R&D- ECONOMIC GROWTH: MANUFACTURING TECHNOLOGY (COMMERCIALIZED)
AE90,R&D-ECON GROW-PRODUCTIVTY
AE91,R&D- ECONOMIC GROWTH: OTHER (BASIC RESEARCH)
AE91,R&D-ECON GROW-PRODUCTIVTY-B RES
AE92,R&D- ECONOMIC GROWTH: OTHER (APPLIED RESEARCH/EXPLORATORY DEVELOPMENT)
AE92,R&D-ECON GROW-PRODUCTIVTY-A RES/EXP
AE93,R&D-ECON GROW-PRODUCTIVTY-ADV DEV
AE93,R&D- ECONOMIC GROWTH: OTHER (ADVANCED DEVELOPMENT)
AE94,R&D-ECON GROW-PRODUCTIVTY-ENG DEV
AE94,R&D- ECONOMIC GROWTH: OTHER (ENGINEERING DEVELOPMENT)
AE95,R&D-ECON GROW-PRODUCTIVTY-OPSY DEV
AE95,R&D- ECONOMIC GROWTH: OTHER (OPERATIONAL SYSTEMS DEVELOPMENT)
AE96,R&D-ECON GROW-PRODUCTIVTY-MGMT SUP
AE96,R&D- ECONOMIC GROWTH: OTHER (MANAGEMENT/SUPPORT)
AE97,R&D- ECONOMIC GROWTH: OTHER (COMMERCIALIZED)
AE97,R&D-ECON GROW-PRODUCTIVTY-COMERCLIZ
AF,EDUCATION R and D
AF,"Education, Training, Employment, and Social Services R&D Services"
AF10,R&D-EDUCATIONAL
AF11,R&D- EDUCATION: EDUCATIONAL (BASIC RESEARCH)
AF11,EDUCATION (BASIC)
AF11,"EDUCATION, TRAINING, EMPLOYMENT, & SOCIAL SVCS R&D SVCS; EDUCATION SVCS R&D; BASIC RESEARCH"
AF12,R&D- EDUCATION: EDUCATIONAL (APPLIED RESEARCH/EXPLORATORY DEVELOPMENT)
AF12,EDUCATION (APPLIED/EXPLORATORY)
AF12,"EDUCATION, TRAINING, EMPLOYMENT, & SOCIAL SVCS R&D SVCS; EDUCATION SVCS R&D; APPLIED RESEARCH"
AF13,R&D- EDUCATION: EDUCATIONAL (ADVANCED DEVELOPMENT)
AF13,EDUCATION (ADVANCED)
AF13,"EDUCATION, TRAINING, EMPLOYMENT, & SOCIAL SVCS R&D SVCS; EDUC SVCS R&D; EXPERIMENTAL DEVELOPMENT"
AF14,R&D- EDUCATION: EDUCATIONAL (ENGINEERING DEVELOPMENT)
AF14,EDUCATION (ENGINEERING)
AF14,"EDUCATION, TRAINING, EMPLOYMENT, & SOCIAL SVCS R&D SVCS; EDUC SVCS R&D; R&D ADMINISTRATIVE EXPENSES"
AF15,EDUCATION (OPERATIONAL)
AF15,R&D- EDUCATION: EDUCATIONAL (OPERATIONAL SYSTEMS DEVELOPMENT)
AF15,"EDUCATION, TRAINING, EMPLOYMENT, & SOCIAL SVCS R&D SVCS; EDUC SVCS R&D; R&D FACILITIES & MAJ EQUIP"
AF16,EDUCATION (MANAGEMENT/SUPPORT)
AF16,R&D- EDUCATION: EDUCATIONAL (MANAGEMENT/SUPPORT)
AF17,R&D- EDUCATION: EDUCATIONAL (COMMERCIALIZED)
AF17,R&D-EDUCATIONAL-COMERCLIZ
AF21,"EDUCATION, TRAINING, EMPLOYMENT, & SOCIAL SVCS R&D SVCS; TRAINING & LABOR R&D; BASIC RESEARCH"
AF22,"EDUCATION, TRAINING, EMPLOYMENT, & SOCIAL SVCS R&D SVCS; TRAINING & LABOR R&D; APPLIED RESEARCH"
AF23,"EDUCATION, TRAINING, EMPLOYMENT, & SOCIAL SVCS R&D; TRAINING & LABOR R&D; EXPERIMENTAL DEVELOPMENT"
AF24,"EDUCATION, TRAINING, EMPLOYMENT, & SOCIAL SVCS R&D SVCS; TRAINING & LABOR R&D; R&D ADMIN EXPENSES"
AF25,"EDUCATION, TRAINING, EMPLOYMENT & SOCIAL SVCS R&D; TRAINING & LABOR R&D; R&D FACILITIES & MAJ EQUIP"
AF31,"EDUCATION, TRAINING, EMPLOYMENT, & SOCIAL SVCS R&D SVCS; SOCIAL SVCS R&D; BASIC RESEARCH"
AF32,"EDUCATION, TRAINING, EMPLOYMENT, & SOCIAL SVCS R&D SVCS; SOCIAL SVCS R&D; APPLIED RESEARCH"
AF33,"EDUCATION, TRAINING, EMPLOYMENT, & SOCIAL SVCS R&D SVCS; SOCIAL SVCS R&D; EXPERIMENTAL DEVELOPMENT"
AF34,"EDUCATION, TRAINING, EMPLOYMENT & SOCIAL SVCS R&D SVCS; SOCIAL SVCS R&D; R&D ADMINISTRATIVE EXPENSES"
AF35,"EDUCATION, TRAINING, EMPLOYMENT & SOCIAL SVCS R&D SVCS; SOCIAL SVCS R&D; R&D FACILITIES & MAJ EQUIP"
AG,ENERGY R&D
AG,Energy R&D Services
AG10,R&D-ENERGY - COAL
AG11,COAL (BASIC)
AG11,R&D- ENERGY: COAL (BASIC RESEARCH)
AG11,ENERGY R&D SERVICES; ENERGY SUPPLY; BASIC RESEARCH
AG12,R&D- ENERGY: COAL (APPLIED RESEARCH/EXPLORATORY DEVELOPMENT)
AG12,COAL (APPLIED/EXPLORATORY)
AG12,ENERGY R&D SERVICES; ENERGY SUPPLY; APPLIED RESEARCH
AG13,COAL (ADVANCED)
AG13,R&D- ENERGY: COAL (ADVANCED DEVELOPMENT)
AG13,ENERGY R&D SERVICES; ENERGY SUPPLY; EXPERIMENTAL DEVELOPMENT
AG14,COAL (ENGINEERING)
AG14,R&D- ENERGY: COAL (ENGINEERING DEVELOPMENT)
AG14,ENERGY R&D SERVICES; ENERGY SUPPLY; R&D ADMINISTRATIVE EXPENSES
AG15,COAL (OPERATIONAL)
AG15,R&D- ENERGY: COAL (OPERATIONAL SYSTEMS DEVELOPMENT)
AG15,ENERGY R&D SERVICES; ENERGY SUPPLY; EXPENSES FOR R&D FACILITIES AND MAJOR EQUIPMENT
AG16,COAL (MANAGEMENT/SUPPORT)
AG16,R&D- ENERGY: COAL (MANAGEMENT/SUPPORT)
AG17,R&D- ENERGY: COAL (COMMERCIALIZED)
AG17,R&D-ENERGY - COAL-COMERCLIZ
AG20,R&D-ENERGY - GAS
AG21,GAS (BASIC)
AG21,R&D- ENERGY: GAS (BASIC RESEARCH)
AG21,ENERGY R&D SERVICES; ENERGY CONSERVATION; BASIC RESEARCH
AG22,GAS (APPLIED/EXPLORATORY)
AG22,R&D- ENERGY: GAS (APPLIED RESEARCH/EXPLORATORY DEVELOPMENT)
AG22,ENERGY R&D SERVICES; ENERGY CONSERVATION; APPLIED RESEARCH
AG23,GAS (ADVANCED)
AG23,R&D- ENERGY: GAS (ADVANCED DEVELOPMENT)
AG23,ENERGY R&D SERVICES; ENERGY CONSERVATION; EXPERIMENTAL DEVELOPMENT
AG24,R&D- ENERGY: GAS (ENGINEERING DEVELOPMENT)
AG24,GAS (ENGINEERING)
AG24,ENERGY R&D SERVICES; ENERGY CONSERVATION; R&D ADMINISTRATIVE EXPENSES
AG25,GAS (OPERATIONAL)
AG25,R&D- ENERGY: GAS (OPERATIONAL SYSTEMS DEVELOPMENT)
AG25,ENERGY R&D SERVICES; ENERGY CONSERVATION; EXPENSES FOR R&D FACILITIES AND MAJOR EQUIPMENT
AG26,R&D- ENERGY: GAS (MANAGEMENT/SUPPORT)
AG26,GAS (MANAGEMENT/SUPPORT)
AG27,R&D- ENERGY: GAS (COMMERCIALIZED)
AG27,R&D-ENERGY - GAS-COMERCLIZ
AG30,R&D-ENERGY - GEOTHERMAL
AG31,R&D- ENERGY: GEOTHERMAL (BASIC RESEARCH)
AG31,GEOTHERMAL (BASIC)
AG31,ENERGY R&D SERVICES; EMERGENCY ENERGY PREPAREDNESS; BASIC RESEARCH
AG32,R&D- ENERGY: GEOTHERMAL (APPLIED RESEARCH/EXPLORATORY DEVELOPMENT)
AG32,GEOTHERMAL (APPLIED/EXPLORATORY)
AG32,ENERGY R&D SERVICES; EMERGENCY ENERGY PREPAREDNESS; APPLIED RESEARCH
AG33,GEOTHERMAL (ADVANCED)
AG33,R&D- ENERGY: GEOTHERMAL (ADVANCED DEVELOPMENT)
AG33,ENERGY R&D SERVICES; EMERGENCY ENERGY PREPAREDNESS; EXPERIMENTAL DEVELOPMENT
AG34,GEOTHERMAL (ENGINEERING)
AG34,R&D- ENERGY: GEOTHERMAL (ENGINEERING DEVELOPMENT)
AG34,ENERGY R&D SERVICES; EMERGENCY ENERGY PREPAREDNESS; R&D ADMINISTRATIVE EXPENSES
AG35,GEOTHERMAL (OPERATIONAL)
AG35,R&D- ENERGY: GEOTHERMAL (OPERATIONAL SYSTEMS DEVELOPMENT)
AG35,ENERGY R&D SERVICES; EMERGENCY ENERGY PREPAREDNESS; EXPENSES FOR R&D FACILITIES AND MAJOR EQUIPMENT
AG36,GEOTHERMAL (MANAGEMENT/SUPPORT)
AG36,R&D- ENERGY: GEOTHERMAL (MANAGEMENT/SUPPORT)
AG37,R&D- ENERGY: GEOTHERMAL (COMMERCIALIZED)
AG37,R&D-ENERGY - GEOTHERMAL-COMERCLIZ
AG40,R&D-ENERGY - WIND
AG41,WIND ENERGY (BASIC)
AG41,R&D- ENERGY: WIND (BASIC RESEARCH)
AG41,"ENERGY R&D SERVICES; ENERGY INFORMATION, POLICY AND REGULATION; BASIC RESEARCH"
AG42,R&D- ENERGY: WIND (APPLIED RESEARCH/EXPLORATORY DEVELOPMENT)
AG42,WIND ENERGY (APPLIED/EXPLORATORY)
AG42,"ENERGY R&D SERVICES; ENERGY INFORMATION, POLICY AND REGULATION; APPLIED RESEARCH"
AG43,WIND ENERGY (ADVANCED)
AG43,R&D- ENERGY: WIND (ADVANCED DEVELOPMENT)
AG43,"ENERGY R&D SERVICES; ENERGY INFORMATION, POLICY AND REGULATION; EXPERIMENTAL DEVELOPMENT"
AG44,WIND ENERGY (ENGINEERING)
AG44,R&D- ENERGY: WIND (ENGINEERING DEVELOPMENT)
AG44,"ENERGY R&D SERVICES; ENERGY INFORMATION, POLICY AND REGULATION; R&D ADMINISTRATIVE EXPENSES"
AG45,WIND ENERGY (OPERATIONAL)
AG45,R&D- ENERGY: WIND (OPERATIONAL SYSTEMS DEVELOPMENT)
AG45,"ENERGY R&D SVCS; ENERGY INFORMATION, POLICY & REGULATION; R&D FACILITIES & MAJ EQUIP"
AG46,R&D- ENERGY: WIND (MANAGEMENT/SUPPORT)
AG46,WIND ENERGY (MANAGEMENT/SUPPORT)
AG47,R&D- ENERGY: WIND (COMMERCIALIZED)
AG47,R&D-ENERGY - WIND-COMERCLIZ
AG50,R&D-ENERGY - NUCLEAR
AG51,R&D- ENERGY: NUCLEAR (BASIC RESEARCH)
AG51,NUCLEAR (BASIC)
AG52,R&D- ENERGY: NUCLEAR (APPLIED RESEARCH/EXPLORATORY DEVELOPMENT)
AG52,NUCLEAR (APPLIED/EXPLORATORY)
AG53,NUCLEAR (ADVANCED)
AG53,R&D- ENERGY: NUCLEAR (ADVANCED DEVELOPMENT)
AG54,NUCLEAR (ENGINEERING)
AG54,R&D- ENERGY: NUCLEAR (ENGINEERING DEVELOPMENT)
AG55,NUCLEAR (OPERATIONAL)
AG55,R&D- ENERGY: NUCLEAR (OPERATIONAL SYSTEMS DEVELOPMENT)
AG56,NUCLEAR (MANAGEMENT/SUPPORT)
AG56,R&D- ENERGY: NUCLEAR (MANAGEMENT/SUPPORT)
AG57,R&D-ENERGY - NUCLEAR-COMERCLIZ
AG57,R&D- ENERGY: NUCLEAR (COMMERCIALIZED)
AG60,R&D-ENERGY - PETROLEUM
AG61,PETROLEUM (BASIC)
AG61,R&D- ENERGY: PETROLEUM (BASIC RESEARCH)
AG62,R&D- ENERGY: PETROLEUM (APPLIED RESEARCH/EXPLORATORY DEVELOPMENT)
AG62,PETROLEUM (APPLIED/EXPLORATORY)
AG63,R&D- ENERGY: PETROLEUM (ADVANCED DEVELOPMENT)
AG63,PETROLEUM (ADVANCED)
AG64,R&D- ENERGY: PETROLEUM (ENGINEERING DEVELOPMENT)
AG64,PETROLEUM (ENGINEERING)
AG65,R&D- ENERGY: PETROLEUM (OPERATIONAL SYSTEMS DEVELOPMENT)
AG65,PETROLEUM (OPERATIONAL)
AG66,PETROLEUM (MANAGEMENT/SUPPORT)
AG66,R&D- ENERGY: PETROLEUM (MANAGEMENT/SUPPORT)
AG67,R&D- ENERGY: PETROLEUM (COMMERCIALIZED)
AG67,R&D-ENERGY - PETROLEUM-COMERCLIZ
AG70,R&D-ENERGY - SOLAR/PHOTOVOLTAIC
AG71,SOLAR/PHOTOVOLTAIC (BASIC)
AG71,R&D- ENERGY: SOLAR/PHOTOVOLTAIC (BASIC RESEARCH)
AG72,R&D- ENERGY: SOLAR/PHOTOVOLTAIC (APPLIED RESEARCH/EXPLORATORY DEVELOPMENT)
AG72,R&D-ENERGY - SOLAR/PHOTOVOLTAIC-A R
AG73,SOLAR/PHOTOVOLTAIC (ADVANCED)
AG73,R&D- ENERGY: SOLAR/PHOTOVOLTAIC (ADVANCED DEVELOPMENT)
AG74,R&D- ENERGY: SOLAR/PHOTOVOLTAIC (ENGINEERING DEVELOPMENT)
AG74,SOLAR/PHOTOVOLTAIC (ENGINEERING)
AG75,R&D- ENERGY: SOLAR/PHOTOVOLTAIC (OPERATIONAL SYSTEMS DEVELOPMENT)
AG75,SOLAR/PHOTOVOLTAIC (OPERATIONAL)
AG76,R&D-ENERGY - SOLAR/PHOTOVOLTAIC-MGM
AG76,R&D- ENERGY: SOLAR/PHOTOVOLTAIC (MANAGEMENT/SUPPORT)
AG77,R&D- ENERGY: SOLAR/PHOTOVOLTAIC (COMMERCIALIZED)
AG77,R&D-ENERGY -SOLAR/PHOTOVOLTAIC-COME
AG80,R&D-CONSERV OF ENERGY
AG81,R&D- ENERGY: CONSERVATION (BASIC RESEARCH)
AG81,CONSERVATION OF ENERGY (BASIC)
AG82,R&D- ENERGY: CONSERVATION (APPLIED RESEARCH/EXPLORATORY DEVELOPMENT)
AG82,R&D-CONSERV OF ENERGY-A RES/EXPL DE
AG83,CONSERVATION OF ENERGY (ADVANCED)
AG83,R&D- ENERGY: CONSERVATION (ADVANCED DEVELOPMENT)
AG84,R&D-CONSERV OF ENERGY-ENG DEV
AG84,R&D- ENERGY: CONSERVATION (ENGINEERING DEVELOPMENT)
AG85,R&D-CONSERV OF ENERGY-OPSY DEV
AG85,R&D- ENERGY: CONSERVATION (OPERATIONAL SYSTEMS DEVELOPMENT)
AG86,R&D- ENERGY: CONSERVATION (MANAGEMENT/SUPPORT)
AG86,R&D-CONSERV OF ENERGY-MGMT SUP
AG87,R&D- ENERGY: CONSERVATION (COMMERCIALIZED)
AG87,R&D-CONSERV OF ENERGY-COMERCLIZ
AG90,R&D-OTHER ENERGY
AG91,OTHER ENERGY (BASIC)
AG91,R&D- ENERGY: OTHER (BASIC RESEARCH)
AG92,R&D- ENERGY: OTHER (APPLIED RESEARCH/EXPLORATORY DEVELOPMENT)
AG92,OTHER ENERGY (APPLIED/EXPLORATORY)
AG93,R&D- ENERGY: OTHER (ADVANCED DEVELOPMENT)
AG93,OTHER ENERGY (ADVANCED)
AG94,OTHER ENERGY (ENGINEERING)
AG94,R&D- ENERGY: OTHER (ENGINEERING DEVELOPMENT)
AG95,R&D- ENERGY: OTHER (OPERATIONAL SYSTEMS DEVELOPMENT)
AG95,OTHER ENERGY (OPERATIONAL)
AG96,R&D- ENERGY: OTHER (MANAGEMENT/SUPPORT)
AG96,OTHER ENERGY (MANAGEMENT/SUPPORT)
AG97,R&D-OTHER ENERGY-COMERCLIZ
AG97,R&D- ENERGY: OTHER (COMMERCIALIZED)
AH,ENVIRONMENTAL PROTECTION R&D
AH,Natural Resources and Environment R&D Services
AH10,R&D-POLLUTION CONT/ABATE
AH11,R&D- ENVIRONMENTAL PROTECTION: POLLUTION CONTROL/ABATEMENT (BASIC RESEARCH)
AH11,R&D-POLLUTION CONT/ABATE-B RES
AH11,NATURAL RESOURCES AND ENVIRONMENT R&D SERVICES; WATER RESOURCES; BASIC RESEARCH
AH12,R&D- ENVIRON PROTECTION: POLLUTION CONTROL/ABATEMENT (APPLIED RESEARCH/EXPLORATORY DEVELOPMENT)
AH12,R&D-POLLUTION CONT/ABATE-A RES/EXPL
AH12,NATURAL RESOURCES AND ENVIRONMENT R&D SERVICES; WATER RESOURCES; APPLIED RESEARCH
AH13,R&D-POLLUTION CONT/ABATE-ADV DEV
AH13,R&D- ENVIRONMENTAL PROTECTION: POLLUTION CONTROL/ABATEMENT (ADVANCED DEVELOPMENT)
AH13,NATURAL RESOURCES AND ENVIRONMENT R&D SERVICES; WATER RESOURCES; EXPERIMENTAL DEVELOPMENT
AH14,R&D-POLLUTION CONT/ABATE-ENG DEV
AH14,R&D- ENVIRONMENTAL PROTECTION: POLLUTION CONTROL/ABATEMENT (ENGINEERING DEVELOPMENT)
AH14,NATURAL RESOURCES AND ENVIRONMENT R&D SERVICES; WATER RESOURCES; R&D ADMINISTRATIVE EXPENSES
AH15,R&D- ENVIRONMENTAL PROTECTION: POLLUTION CONTROL/ABATEMENT (OPERATIONAL SYSTEMS DEVELOPMENT)
AH15,R&D-POLLUTION CONT/ABATE-OPSY DEV
AH15,NATURAL RESOURCES & ENVIRONMENT R&D SVCS; WATER RESOURCES; R&D FACILITIES & MAJ EQUIP
AH16,R&D- ENVIRONMENTAL PROTECTION: POLLUTION CONTROL/ABATEMENT (MANAGEMENT/SUPPORT)
AH16,R&D-POLLUTION CONT/ABATE-MGMT SUP
AH17,R&D-POLLUTION CONT/ABATE-COMERCLIZ
AH17,R&D- ENVIRONMENTAL PROTECTION: POLLUTION CONTROL/ABATEMENT (COMMERCIALIZED)
AH20,R&D-AIR POLLUTION
AH21,R&D- ENVIRONMENTAL PROTECTION: AIR POLLUTION (BASIC RESEARCH)
AH21,AIR POLLUTION (BASIC)
AH21,NATURAL RESOURCES AND ENVIRONMENT R&D SERVICES; CONSERVATION AND LAND MANAGEMENT; BASIC RESEARCH
AH22,AIR POLLUTION (APPLIED/EXPLORATORY)
AH22,R&D- ENVIRONMENTAL PROTECTION: AIR POLLUTION (APPLIED RESEARCH/EXPLORATORY DEVELOPMENT)
AH22,NATURAL RESOURCES AND ENVIRONMENT R&D SERVICES; CONSERVATION AND LAND MANAGEMENT; APPLIED RESEARCH
AH23,AIR POLLUTION (ADVANCED)
AH23,R&D- ENVIRONMENTAL PROTECTION: AIR POLLUTION (ADVANCED DEVELOPMENT)
AH23,NATURAL RESOURCES & ENVIRONMENT R&D SVCS; CONSERVATION & LAND MANAGEMENT; EXPERIMENTAL DEVELOPMENT
AH24,AIR POLLUTION (ENGINEERING)
AH24,R&D- ENVIRONMENTAL PROTECTION: AIR POLLUTION (ENGINEERING DEVELOPMENT)
AH24,NATURAL RESOURCES & ENVIRONMENT R&D SVCS; CONSERVATION & LAND MGMT; R&D ADMINISTRATIVE EXPENSES
AH25,AIR POLLUTION (OPERATIONAL)
AH25,R&D- ENVIRONMENTAL PROTECTION: AIR POLLUTION (OPERATIONAL SYSTEMS DEVELOPMENT)
AH25,NATURAL RESOURCES & ENVIRONMENT R&D SVCS; CONSERVATION & LAND MGMT; R&D FACILITIES & MAJ EQUIP
AH26,AIR POLLUTION (MANAGEMENT/SUPPORT)
AH26,R&D- ENVIRONMENTAL PROTECTION: AIR POLLUTION (MANAGEMENT/SUPPORT)
AH27,R&D-AIR POLLUTION-COMERCLIZ
AH27,R&D- ENVIRONMENTAL PROTECTION: AIR POLLUTION (COMMERCIALIZED)
AH30,R&D-WATER POLLUTION
AH31,R&D- ENVIRONMENTAL PROTECTION: WATER POLLUTION (BASIC RESEARCH)
AH31,WATER POLLUTION (BASIC)
AH31,NATURAL RESOURCES AND ENVIRONMENT R&D SERVICES; RECREATIONAL RESOURCES; BASIC RESEARCH
AH32,R&D-WATER POLLUTION-A RES/EXPL DEV
AH32,R&D- ENVIRONMENTAL PROTECTION: WATER POLLUTION (APPLIED RESEARCH/EXPLORATORY DEVELOPMENT)
AH32,NATURAL RESOURCES AND ENVIRONMENT R&D SERVICES; RECREATIONAL RESOURCES; APPLIED RESEARCH
AH33,WATER POLLUTION (ADVANCED)
AH33,R&D- ENVIRONMENTAL PROTECTION: WATER POLLUTION (ADVANCED DEVELOPMENT)
AH33,NATURAL RESOURCES AND ENVIRONMENT R&D SERVICES; RECREATIONAL RESOURCES; EXPERIMENTAL DEVELOPMENT
AH34,WATER POLLUTION (ENGINEERING)
AH34,R&D- ENVIRONMENTAL PROTECTION: WATER POLLUTION (ENGINEERING DEVELOPMENT)
AH34,NATURAL RESOURCES AND ENVIRONMENT R&D SERVICES; RECREATIONAL RESOURCES; R&D ADMINISTRATIVE EXPENSES
AH35,WATER POLLUTION (OPERATIONAL)
AH35,R&D- ENVIRONMENTAL PROTECTION: WATER POLLUTION (OPERATIONAL SYSTEMS DEVELOPMENT)
AH35,NATURAL RESOURCES & ENVIRONMENT R&D SVCS; RECREATIONAL RESOURCES; R&D FACILITIES & MAJ EQUIP
AH36,R&D-WATER POLLUTION-MGMT SUP
AH36,R&D- ENVIRONMENTAL PROTECTION: WATER POLLUTION (MANAGEMENT/SUPPORT)
AH37,R&D-WATER POLLUTION-COMERCLIZ
AH37,R&D- ENVIRONMENTAL PROTECTION: WATER POLLUTION (COMMERCIALIZED)
AH40,R&D-NOISE POLLUTION
AH41,NOISE POLLUTION (BASIC)
AH41,R&D- ENVIRONMENTAL PROTECTION: NOISE POLLUTION (BASIC RESEARCH)
AH41,NATURAL RESOURCES AND ENVIRONMENT R&D SERVICES; POLLUTION CONTROL AND ABATEMENT; BASIC RESEARCH
AH42,R&D-NOISE POLLUTION-A RES/EXPL DEV
AH42,R&D- ENVIRONMENTAL PROTECTION: NOISE POLLUTION (APPLIED RESEARCH/EXPLORATORY DEVELOPMENT)
AH42,NATURAL RESOURCES AND ENVIRONMENT R&D SERVICES; POLLUTION CONTROL AND ABATEMENT; APPLIED RESEARCH
AH43,R&D- ENVIRONMENTAL PROTECTION: NOISE POLLUTION (ADVANCED DEVELOPMENT)
AH43,NOISE POLLUTION (ADVANCED)
AH43,NATURAL RESOURCES & ENVIRONMENT R&D SVCS; POLLUTION CONTROL & ABATEMENT; EXPERIMENTAL DEVELOPMENT
AH44,R&D- ENVIRONMENTAL PROTECTION: NOISE POLLUTION (ENGINEERING DEVELOPMENT)
AH44,NOISE POLLUTION (ENGINEERING)
AH44,NATURAL RESOURCES & ENVIRONMENT R&D SVCS; POLLUTION CONTROL & ABATEMENT; R&D ADMINISTRATIVE EXPENSES
AH45,R&D- ENVIRONMENTAL PROTECTION: NOISE POLLUTION (OPERATIONAL SYSTEMS DEVELOPMENT)
AH45,NOISE POLLUTION (OPERATIONAL)
AH45,NATURAL RESOURCES & ENVIRONMENT R&D SVCS; POLLUTION CONTROL & ABATEMENT; R&D FACILITIES & MAJ EQUIP
AH46,R&D-NOISE POLLUTION-MGMT SUP
AH46,R&D- ENVIRONMENTAL PROTECTION: NOISE POLLUTION (MANAGEMENT/SUPPORT)
AH47,R&D-NOISE POLLUTION-COMERCLIZ
AH47,R&D- ENVIRONMENTAL PROTECTION: NOISE POLLUTION (COMMERCIALIZED)
AH50,R&D-OTHER POLLUTION
AH51,R&D-OTHER POLLUTION-RESEARCH
AH51,NATURAL RESOURCES AND ENVIRONMENT R&D SERVICES; OTHER NATURAL RESOURCES; BASIC RESEARCH
AH52,R&D-OTHER POLLUTION-EXPL DEV
AH52,NATURAL RESOURCES AND ENVIRONMENT R&D SERVICES; OTHER NATURAL RESOURCES; APPLIED RESEARCH
AH53,R&D-OTHER POLLUTION-ADV DEV
AH53,NATURAL RESOURCES AND ENVIRONMENT R&D SERVICES; OTHER NATURAL RESOURCES; EXPERIMENTAL DEVELOPMENT
AH54,R&D-OTHER POLLUTION-ENG DEV
AH54,NATURAL RESOURCES & ENVIRONMENT R&D SVCS; OTHER NATURAL RESOURCES; R&D ADMINISTRATIVE EXPENSES
AH55,R&D-OTHER POLLUTION-OPSY DEV
AH55,NATURAL RESOURCES & ENVIRONMENT R&D SVCS; OTHER NATURAL RESOURCES; R&D FACILITIES & MAJ EQUIP
AH56,R&D-OTHER POLLUTION-MGMT SUP
AH57,R&D-OTHER POLLUTION-COMERCLIZ
AH90,R&D-OTHER ENVIRONMENT
AH91,R&D- ENVIRONMENTAL PROTECTION: OTHER (BASIC RESEARCH)
AH91,R&D-OTHER ENVIRONMENT-B RES
AH92,R&D- ENVIRONMENTAL PROTECTION: OTHER (APPLIED RESEARCH/EXPLORATORY DEVELOPMENT)
AH92,R&D-OTHER ENVIRONMENT-A RES/EXPL DE
AH93,R&D-OTHER ENVIRONMENT-ADV DEV
AH93,R&D- ENVIRONMENTAL PROTECTION: OTHER (ADVANCED DEVELOPMENT)
AH94,R&D-OTHER ENVIRONMENT-ENG DEV
AH94,R&D- ENVIRONMENTAL PROTECTION: OTHER (ENGINEERING DEVELOPMENT)
AH95,R&D-OTHER ENVIRONMENT-OPSY DEV
AH95,R&D- ENVIRONMENTAL PROTECTION: OTHER (OPERATIONAL SYSTEMS DEVELOPMENT)
AH96,R&D- ENVIRONMENTAL PROTECTION: OTHER (MANAGEMENT/SUPPORT)
AH96,R&D-OTHER ENVIRONMENT-MGMT SUP
AH97,R&D- ENVIRONMENTAL PROTECTION: OTHER (COMMERCIALIZED)
AH97,R&D-OTHER ENVIRONMENT-COMERCLIZ
AJ,GEN. SCIENCE/TECHNOLOGY R&D
AJ,General Science and Technology R&D Services
AJ10,R&D-PHYSICAL SCIENCE
AJ11,PHYSICAL SCIENCES (BASIC)
AJ11,R&D- GENERAL SCIENCE/TECHNOLOGY: PHYSICAL SCIENCES (BASIC RESEARCH)
AJ11,GENERAL SCIENCE AND TECHNOLOGY R&D SERVICES; GENERAL SCIENCE AND TECHNOLOGY; BASIC RESEARCH
AJ12,R&D-PHYSICAL SCIENCE-A RES/EXPL DEV
AJ12,R&D- GENERAL SCIENCE/TECHNOLOGY: PHYSICAL SCIENCES (APPLIED RESEARCH/EXPLORATORY DEVELOPMENT)
AJ12,GENERAL SCIENCE AND TECHNOLOGY R&D SERVICES; GENERAL SCIENCE AND TECHNOLOGY; APPLIED RESEARCH
AJ13,PHYSICAL SCIENCES (ADVANCED)
AJ13,R&D- GENERAL SCIENCE/TECHNOLOGY: PHYSICAL SCIENCES (ADVANCED DEVELOPMENT)
AJ13,GENERAL SCIENCE & TECHNOLOGY R&D SVCS; GENERAL SCIENCE & TECHNOLOGY; EXPERIMENTAL DEVELOPMENT
AJ14,R&D- GENERAL SCIENCE/TECHNOLOGY: PHYSICAL SCIENCES (ENGINEERING DEVELOPMENT)
AJ14,PHYSICAL SCIENCES (ENGINEERING)
AJ14,GENERAL SCIENCE AND TECHNOLOGY R&D SERVICES; GENERAL SCIENCE AND TECHNOLOGY; R&D ADMINISTRATIVE EXPENSES
AJ15,PHYSICAL SCIENCES (OPERATIONAL)
AJ15,R&D- GENERAL SCIENCE/TECHNOLOGY: PHYSICAL SCIENCES (OPERATIONAL SYSTEMS DEVELOPMENT)
AJ15,GENERAL SCIENCE & TECHNOLOGY R&D SVCS; GENERAL SCIENCE & TECHNOLOGY; R&D FACILITIES & MAJ EQUIP
AJ16,R&D- GENERAL SCIENCE/TECHNOLOGY: PHYSICAL SCIENCES (MANAGEMENT/SUPPORT)
AJ16,R&D-PHYSICAL SCIENCE-MGMT SUP
AJ17,R&D- GENERAL SCIENCE/TECHNOLOGY: PHYSICAL SCIENCES (COMMERCIALIZED)
AJ17,R&D-PHYSICAL SCIENCE-COMERCLIZ
AJ21,R&D-MATH & COMPUTER SCI-B RES
AJ21,R&D- GENERAL SCIENCE/TECHNOLOGY: MATHEMATICAL/COMPUTER SCIENCES (BASIC RESEARCH)
AJ22,R&D- GENERAL SCI/TECH: MATHEMATICAL/COMPUTER SCIENCES (APPLIED RESEARCH/EXPLORATORY DEVELOPMENT)
AJ22,R&D-MATH & COMPUTER SCI-A RES/EXPL
AJ23,R&D- GENERAL SCIENCE/TECHNOLOGY: MATHEMATICAL/COMPUTER SCIENCES (ADVANCED DEVELOPMENT)
AJ23,R&D-MATH & COMPUTER SCI-ADV DEV
AJ24,R&D-MATH & COMPUTER SCI-ENG DEV
AJ24,R&D- GENERAL SCIENCE/TECHNOLOGY: MATHEMATICAL/COMPUTER SCIENCES (ENGINEERING DEVELOPMENT)
AJ25,R&D-MATH & COMPUTER SCI-OPSY DEV
AJ25,R&D- GENERAL SCIENCE/TECHNOLOGY: MATHEMATICAL/COMPUTER SCIENCES (OPERATIONAL SYSTEMS DEVELOPMENT)
AJ26,R&D- GENERAL SCIENCE/TECHNOLOGY: MATHEMATICAL/COMPUTER SCIENCES (MANAGEMENT/SUPPORT)
AJ26,R&D-MATH & COMPUTER SCI-MGMT SUP
AJ27,R&D- GENERAL SCIENCE/TECHNOLOGY: MATHEMATICAL/COMPUTER SCIENCES (COMMERCIALIZED)
AJ27,"R&D-MATH, COMPUTER SCI - COMERCLIZ"
AJ31,ENVIRONMENTAL SCIENCES (BASIC)
AJ31,R&D- GENERAL SCIENCE/TECHNOLOGY: ENVIRONMENTAL SCIENCES (BASIC RESEARCH)
AJ32,R&D- GENERAL SCIENCE/TECHNOLOGY: ENVIRONMENTAL SCIENCES (APPLIED RESEARCH/EXPLORATORY DEVELOPMENT)
AJ32,R&D-ENVIRONMENTAL SCI-A RES/EXPL DE
AJ33,ENVIRONMENTAL SCIENCES (ADVANCED)
AJ33,R&D- GENERAL SCIENCE/TECHNOLOGY: ENVIRONMENTAL SCIENCES (ADVANCED DEVELOPMENT)
AJ34,R&D-ENVIRONMENTAL SCI-ENG DEV
AJ34,R&D- GENERAL SCIENCE/TECHNOLOGY: ENVIRONMENTAL SCIENCES (ENGINEERING DEVELOPMENT)
AJ35,R&D- GENERAL SCIENCE/TECHNOLOGY: ENVIRONMENTAL SCIENCES (OPERATIONAL SYSTEMS DEVELOPMENT)
AJ35,R&D-ENVIRONMENTAL SCI-OPSY DEV
AJ36,R&D- GENERAL SCIENCE/TECHNOLOGY: ENVIRONMENTAL SCIENCES (MANAGEMENT/SUPPORT)
AJ36,R&D-ENVIRONMENTAL SCI-MGMT SUP
AJ37,R&D- GENERAL SCIENCE/TECHNOLOGY: ENVIRONMENTAL SCIENCES (COMMERCIALIZED)
AJ37,RDTE/Environmental Sciences - Op System Develop
AJ41,ENGINEERING (BASIC)
AJ41,R&D- GENERAL SCIENCE/TECHNOLOGY: ENGINEERING (BASIC RESEARCH)
AJ42,R&D- GENERAL SCIENCE/TECHNOLOGY: ENGINEERING (APPLIED RESEARCH/EXPLORATORY DEVELOPMENT)
AJ42,ENGINEERING (APPLIED/EXPLORATORY)
AJ43,ENGINEERING (ADVANCED)
AJ43,R&D- GENERAL SCIENCE/TECHNOLOGY: ENGINEERING (ADVANCED DEVELOPMENT)
AJ44,ENGINEERING (ENGINEERING)
AJ44,R&D- GENERAL SCIENCE/TECHNOLOGY: ENGINEERING (ENGINEERING DEVELOPMENT)
AJ45,R&D- GENERAL SCIENCE/TECHNOLOGY: ENGINEERING (OPERATIONAL SYSTEMS DEVELOPMENT)
AJ45,ENGINEERING (OPERATIONAL)
AJ46,R&D- GENERAL SCIENCE/TECHNOLOGY: ENGINEERING (MANAGEMENT/SUPPORT)
AJ46,ENGINEERING (MANAGEMENT/SUPPORT)
AJ47,R&D- GENERAL SCIENCE/TECHNOLOGY: ENGINEERING (COMMERCIALIZED)
AJ47,RDTE/Engineering Sci-Oper Sy Dev
AJ51,LIFE SCIENCES (BASIC)
AJ51,R&D- GENERAL SCIENCE/TECHNOLOGY: LIFE SCIENCES (BASIC RESEARCH)
AJ52,R&D- GENERAL SCIENCE/TECHNOLOGY: LIFE SCIENCES (APPLIED RESEARCH/EXPLORATORY DEVELOPMENT)
AJ52,LIFE SCIENCES (APPLIED/EXPLORATORY)
AJ53,R&D- GENERAL SCIENCE/TECHNOLOGY: LIFE SCIENCES (ADVANCED DEVELOPMENT)
AJ53,LIFE SCIENCES (ADVANCED)
AJ54,LIFE SCIENCES (ENGINEERING)
AJ54,R&D- GENERAL SCIENCE/TECHNOLOGY: LIFE SCIENCES (ENGINEERING DEVELOPMENT)
AJ55,R&D- GENERAL SCIENCE/TECHNOLOGY: LIFE SCIENCES (OPERATIONAL SYSTEMS DEVELOPMENT)
AJ55,LIFE SCIENCES (OPERATIONAL)
AJ56,R&D- GENERAL SCIENCE/TECHNOLOGY: LIFE SCIENCES (MANAGEMENT/SUPPORT)
AJ56,LIFE SCIENCES (MANAGEMENT/SUPPORT)
AJ57,R&D- GENERAL SCIENCE/TECHNOLOGY: LIFE SCIENCES (COMMERCIALIZED)
AJ57,RDTE/Life Sciences - Operational System Develop
AJ61,PSYCHOLOGICAL SCIENCES (BASIC)
AJ61,R&D- GENERAL SCIENCE/TECHNOLOGY: PSYCHOLOGICAL SCIENCES (BASIC RESEARCH)
AJ62,R&D- GENERAL SCIENCE/TECHNOLOGY: PSYCHOLOGICAL SCIENCES (APPLIED RESEARCH/EXPLORATORY DEVELOPMENT)
AJ62,R&D-PSYCHOLOGICAL SCI-A RES/EXPL DE
AJ63,R&D- GENERAL SCIENCE/TECHNOLOGY: PSYCHOLOGICAL SCIENCES (ADVANCED DEVELOPMENT)
AJ63,PSYCHOLOGICAL SCIENCES (ADVANCED)
AJ64,R&D-PSYCHOLOGICAL SCI-ENG DEV
AJ64,R&D- GENERAL SCIENCE/TECHNOLOGY: PSYCHOLOGICAL SCIENCES (ENGINEERING DEVELOPMENT)
AJ65,R&D- GENERAL SCIENCE/TECHNOLOGY: PSYCHOLOGICAL SCIENCES (OPERATIONAL SYSTEMS DEVELOPMENT)
AJ65,R&D-PSYCHOLOGICAL SCI-OPSY DEV
AJ66,R&D-PSYCHOLOGICAL SCI-MGMT SUP
AJ66,R&D- GENERAL SCIENCE/TECHNOLOGY: PSYCHOLOGICAL SCIENCES (MANAGEMENT/SUPPORT)
AJ67,R&D- GENERAL SCIENCE/TECHNOLOGY: PSYCHOLOGICAL SCIENCES (COMMERCIALIZED)
AJ67,RDTE/Psychological Sciences - Operational Sy Dev
AJ71,SOCIAL SCIENCES (BASIC)
AJ71,R&D- GENERAL SCIENCE/TECHNOLOGY: SOCIAL SCIENCES (BASIC RESEARCH)
AJ72,R&D- GENERAL SCIENCE/TECHNOLOGY: SOCIAL SCIENCES (APPLIED RESEARCH/EXPLORATORY DEVELOPMENT)
AJ72,R&D-SOCIAL SCIENCES-A RES/EXPL DEV
AJ73,R&D- GENERAL SCIENCE/TECHNOLOGY: SOCIAL SCIENCES (ADVANCED DEVELOPMENT)
AJ73,SOCIAL SCIENCES (ADVANCED)
AJ74,SOCIAL SCIENCES (ENGINEERING)
AJ74,R&D- GENERAL SCIENCE/TECHNOLOGY: SOCIAL SCIENCES (ENGINEERING DEVELOPMENT)
AJ75,R&D- GENERAL SCIENCE/TECHNOLOGY: SOCIAL SCIENCES (OPERATIONAL SYSTEMS DEVELOPMENT)
AJ75,SOCIAL SCIENCES (OPERATIONAL)
AJ76,R&D- GENERAL SCIENCE/TECHNOLOGY: SOCIAL SCIENCES (MANAGEMENT/SUPPORT)
AJ76,R&D-SOCIAL SCIENCES-MGMT SUP
AJ77,R&D- GENERAL SCIENCE/TECHNOLOGY: SOCIAL SCIENCES (COMMERCIALIZED)
AJ77,RDTE/Social Sciences - Operational System Develop
AJ90,
AJ91,R&D-OTHER SCIENCES-B RES
AJ91,R&D- GENERAL SCIENCE/TECHNOLOGY: OTHER (BASIC RESEARCH)
AJ92,R&D-OTHER SCIENCES-A RES/EXPL DEV
AJ92,R&D- GENERAL SCIENCE/TECHNOLOGY: OTHER (APPLIED RESEARCH/EXPLORATORY DEVELOPMENT)
AJ93,R&D- GENERAL SCIENCE/TECHNOLOGY: OTHER (ADVANCED DEVELOPMENT)
AJ93,R&D-OTHER SCIENCES-ADV DEV
AJ94,R&D- GENERAL SCIENCE/TECHNOLOGY: OTHER (ENGINEERING DEVELOPMENT)
AJ94,R&D-OTHER SCIENCES-ENG DEV
AJ95,R&D-OTHER SCIENCES-OPSY DEV
AJ95,R&D- GENERAL SCIENCE/TECHNOLOGY: OTHER (OPERATIONAL SYSTEMS DEVELOPMENT)
AJ96,R&D- GENERAL SCIENCE/TECHNOLOGY: OTHER (MANAGEMENT/SUPPORT)
AJ96,R&D-OTHER SCIENCES-MGMT SUP
AJ97,R&D- GENERAL SCIENCE/TECHNOLOGY: OTHER (COMMERCIALIZED)
AJ97,R&D-OTHER INCOME MAIN-COMERCLIZ
AK,HOUSING R&D
AK,Commerce and Housing Credit R&D Services
AK10,R&D-HOUSING
AK11,HOUSING (BASIC)
AK11,R&D- HOUSING: HOUSING (BASIC RESEARCH)
AK11,COMMERCE AND HOUSING CREDIT R&D SERVICES; COMMERCE AND HOUSING CREDIT; BASIC RESEARCH
AK12,HOUSING (APPLIED/EXPLORATORY)
AK12,R&D- HOUSING: HOUSING (APPLIED RESEARCH/EXPLORATORY DEVELOPMENT)
AK12,COMMERCE AND HOUSING CREDIT R&D SERVICES; COMMERCE AND HOUSING CREDIT; APPLIED RESEARCH
AK13,R&D- HOUSING: HOUSING (ADVANCED DEVELOPMENT)
AK13,HOUSING (ADVANCED)
AK13,COMMERCE AND HOUSING CREDIT R&D SERVICES; COMMERCE AND HOUSING CREDIT; EXPERIMENTAL DEVELOPMENT
AK14,R&D- HOUSING: HOUSING (ENGINEERING DEVELOPMENT)
AK14,HOUSING (ENGINEERING)
AK14,GENERAL SCIENCE & TECHNOLOGY R&D SVCS; GENERAL SCIENCE & TECHNOLOGY; R&D ADMINISTRATIVE EXPENSES
AK15,R&D- HOUSING: HOUSING (OPERATIONAL SYSTEMS DEVELOPMENT)
AK15,HOUSING (OPERATIONAL)
AK15,COMMERCE & HOUSING CREDIT R&D SVCS; COMMERCE & HOUSING CREDIT; R&D FACILITIES & MAJ EQUIP
AK16,R&D- HOUSING: HOUSING (MANAGEMENT/SUPPORT)
AK16,HOUSING (MANAGEMENT/SUPPORT)
AK17,R&D-HOUSING-COMERCLIZ
AK17,R&D- HOUSING: HOUSING (COMMERCIALIZED)
AL,INCOME SECURITY R&D
AL,Income Security R&D Services
AL10,R&D-EMPLOYMENT
AL11,R&D- INCOME SECURITY: EMPLOYMENT (BASIC RESEARCH)
AL11,EMPLOYMENT (BASIC)
AL11,INCOME SECURITY R&D SERVICES; INCOME SECURITY; BASIC RESEARCH
AL12,R&D- INCOME SECURITY: EMPLOYMENT (APPLIED RESEARCH/EXPLORATORY DEVELOPMENT)
AL12,EMPLOYMENT (APPLIED/EXPLORATORY)
AL12,INCOME SECURITY R&D SERVICES; INCOME SECURITY; APPLIED RESEARCH
AL13,R&D- INCOME SECURITY: EMPLOYMENT (ADVANCED DEVELOPMENT)
AL13,EMPLOYMENT (ADVANCED)
AL13,INCOME SECURITY R&D SERVICES; INCOME SECURITY; EXPERIMENTAL DEVELOPMENT
AL14,R&D- INCOME SECURITY: EMPLOYMENT (ENGINEERING DEVELOPMENT)
AL14,EMPLOYMENT (ENGINEERING)
AL14,INCOME SECURITY R&D SERVICES; INCOME SECURITY; R&D ADMINISTRATIVE EXPENSES
AL15,R&D- INCOME SECURITY: EMPLOYMENT (OPERATIONAL SYSTEMS DEVELOPMENT)
AL15,EMPLOYMENT (OPERATIONAL)
AL15,INCOME SECURITY R&D SERVICES; INCOME SECURITY; EXPENSES FOR R&D FACILITIES AND MAJOR EQUIPMENT
AL16,R&D- INCOME SECURITY: EMPLOYMENT (MANAGEMENT/SUPPORT)
AL16,EMPLOYMENT (MANAGEMENT/SUPPORT)
AL17,R&D- INCOME SECURITY: EMPLOYMENT (COMMERCIALIZED)
AL17,R&D-EMPLOYMENT-COMERCLIZ
AL20,R&D-INCOME MAINT
AL21,R&D- INCOME SECURITY: INCOME MAINTENANCE (BASIC RESEARCH)
AL21,INCOME MAINTENANCE (BASIC)
AL22,R&D- INCOME SECURITY: INCOME MAINTENANCE (APPLIED RESEARCH/EXPLORATORY DEVELOPMENT)
AL22,R&D-INCOME MAINT-A RES/EXPL DEV
AL23,R&D- INCOME SECURITY: INCOME MAINTENANCE (ADVANCED DEVELOPMENT)
AL23,INCOME MAINTENANCE (ADVANCED)
AL24,R&D- INCOME SECURITY: INCOME MAINTENANCE (ENGINEERING DEVELOPMENT)
AL24,INCOME MAINTENANCE (ENGINEERING)
AL25,R&D- INCOME SECURITY: INCOME MAINTENANCE (OPERATIONAL SYSTEMS DEVELOPMENT)
AL25,INCOME MAINTENANCE (OPERATIONAL)
AL26,R&D- INCOME SECURITY: INCOME MAINTENANCE (MANAGEMENT/SUPPORT)
AL26,R&D-INCOME MAINT-MGMT SUP
AL27,R&D- INCOME SECURITY: INCOME MAINTENANCE (COMMERCIALIZED)
AL27,R&D-INCOME MAINT-COMERCLIZ
AL90,R&D-OTHER INCOME SECURITY
AL91,R&D- INCOME SECURITY: OTHER (BASIC RESEARCH)
AL91,OTHER INCOME SECURITY (BASIC)
AL92,R&D- INCOME SECURITY: OTHER (APPLIED RESEARCH/EXPLORATORY DEVELOPMENT)
AL92,R&D-OTHER INCOME SECURITY-A RES/EXP
AL93,R&D- INCOME SECURITY: OTHER (ADVANCED DEVELOPMENT)
AL93,OTHER INCOME SECURITY (ADVANCED)
AL94,R&D- INCOME SECURITY: OTHER (ENGINEERING DEVELOPMENT)
AL94,OTHER INCOME SECURITY (ENGINEERING)
AL95,R&D- INCOME SECURITY: OTHER (OPERATIONAL SYSTEMS DEVELOPMENT)
AL95,OTHER INCOME SECURITY (OPERATIONAL)
AL96,R&D- INCOME SECURITY: OTHER (MANAGEMENT/SUPPORT)
AL96,R&D-OTHER INCOME SECURITY-MGMT SUP
AL97,R&D- INCOME SECURITY: OTHER (COMMERCIALIZED)
AL97,R&D-OTHER INCOME SECURTIY-COMERCLIZ
AM,INTERNATIONAL AFFAIR/COOPERAT R&D
AM,International Affairs R&D Services
AM10,R&D-INTERNATIONAL AFFAIRS
AM11,R&D-INTERNATIONAL AFFAIRS-B RES
AM11,R&D- INTERNATIONAL AFFAIRS AND COOPERATION (BASIC RESEARCH)
AM11,INTERNATIONAL AFFAIRS R&D SERVICES; INTERNATIONAL AFFAIRS; BASIC RESEARCH
AM12,R&D-INTERNATIONAL AFFAIRS-A RES/EXP
AM12,R&D- INTERNATIONAL AFFAIRS AND COOPERATION (APPLIED RESEARCH/EXPLORATORY DEVELOPMENT)
AM12,INTERNATIONAL AFFAIRS R&D SERVICES; INTERNATIONAL AFFAIRS; APPLIED RESEARCH
AM13,R&D- INTERNATIONAL AFFAIRS AND COOPERATION (ADVANCED DEVELOPMENT)
AM13,R&D-INTERNATIONAL AFFAIRS-ADV DEV
AM13,INTERNATIONAL AFFAIRS R&D SERVICES; INTERNATIONAL AFFAIRS; EXPERIMENTAL DEVELOPMENT
AM14,R&D-INTERNATIONAL AFFAIRS-ENG DEV
AM14,R&D- INTERNATIONAL AFFAIRS AND COOPERATION (ENGINEERING DEVELOPMENT)
AM14,INTERNATIONAL AFFAIRS R&D SERVICES; INTERNATIONAL AFFAIRS; R&D ADMINISTRATIVE EXPENSES
AM15,R&D- INTERNATIONAL AFFAIRS AND COOPERATION (OPERATIONAL SYSTEMS DEVELOPMENT)
AM15,R&D-INTERNATIONAL AFFAIRS-OPSY DEV
AM15,INTERNATIONAL AFFAIRS R&D SVCS; INTERNATIONAL AFFAIRS; R&D FACILITIES & MAJ EQUIP
AM16,R&D- INTERNATIONAL AFFAIRS AND COOPERATION (MANAGEMENT/SUPPORT)
AM16,R&D-INTERNATIONAL AFFAIRS-MGMT SUP
AM17,R&D- INTERNATIONAL AFFAIRS AND COOPERATION (COMMERCIALIZED)
AM17,R&D-INTERNATIONAL AFFAIRS-COMERCLIZ
AN,MEDICAL R&D
AN,N – Health R&D Services
AN10,R&D-BIOMEDICAL
AN11,R&D- MEDICAL: BIOMEDICAL (BASIC RESEARCH)
AN11,BIOMEDICAL (BASIC)
AN11,HEALTH R&D SERVICES; HEALTH CARE SERVICES; BASIC RESEARCH
AN12,R&D- MEDICAL: BIOMEDICAL (APPLIED RESEARCH/EXPLORATORY DEVELOPMENT)
AN12,BIOMEDICAL (APPLIED/EXPLORATORY)
AN12,HEALTH R&D SERVICES; HEALTH CARE SERVICES; APPLIED RESEARCH
AN13,BIOMEDICAL (ADVANCED)
AN13,R&D- MEDICAL: BIOMEDICAL (ADVANCED DEVELOPMENT)
AN13,HEALTH R&D SERVICES; HEALTH CARE SERVICES; EXPERIMENTAL DEVELOPMENT
AN14,R&D- MEDICAL: BIOMEDICAL (ENGINEERING DEVELOPMENT)
AN14,BIOMEDICAL (ENGINEERING)
AN14,HEALTH R&D SERVICES; HEALTH CARE SERVICES; R&D ADMINISTRATIVE EXPENSES
AN15,R&D- MEDICAL: BIOMEDICAL (OPERATIONAL SYSTEMS DEVELOPMENT)
AN15,BIOMEDICAL (OPERATIONAL)
AN15,HEALTH R&D SERVICES; HEALTH CARE SERVICES; EXPENSES FOR R&D FACILITIES AND MAJOR EQUIPMENT
AN16,R&D- MEDICAL: BIOMEDICAL (MANAGEMENT/SUPPORT)
AN16,BIOMEDICAL (MANAGEMENT/SUPPORT)
AN17,R&D- MEDICAL: BIOMEDICAL (COMMERCIALIZED)
AN17,R&D-BIOMEDICAL-COMERCLIZ
AN20,R&D-DRUG DEPENDENCY
AN21,R&D- MEDICAL: DRUG DEPENDENCY (BASIC RESEARCH)
AN21,DRUGS DEPENDENCY (BASIC)
AN21,HEALTH R&D SERVICES; HEALTH RESEARCH AND TRAINING; BASIC RESEARCH
AN22,R&D- MEDICAL: DRUG DEPENDENCY (APPLIED RESEARCH/EXPLORATORY DEVELOPMENT)
AN22,R&D-DRUG DEPENDENCY-A RES/EXPL DEV
AN22,HEALTH R&D SERVICES; HEALTH RESEARCH AND TRAINING; APPLIED RESEARCH
AN23,R&D- MEDICAL: DRUG DEPENDENCY (ADVANCED DEVELOPMENT)
AN23,DRUGS DEPENDENCY (ADVANCED)
AN23,HEALTH R&D SERVICES; HEALTH RESEARCH AND TRAINING; EXPERIMENTAL DEVELOPMENT
AN24,R&D- MEDICAL: DRUG DEPENDENCY (ENGINEERING DEVELOPMENT)
AN24,DRUGS DEPENDENCY (ENGINEERING)
AN24,HEALTH R&D SERVICES; HEALTH RESEARCH AND TRAINING; R&D ADMINISTRATIVE EXPENSES
AN25,DRUGS DEPENDENCY (OPERATIONAL)
AN25,R&D- MEDICAL: DRUG DEPENDENCY (OPERATIONAL SYSTEMS DEVELOPMENT)
AN25,HEALTH R&D SERVICES; HEALTH RESEARCH AND TRAINING; EXPENSES FOR R&D FACILITIES AND MAJOR EQUIPMENT
AN26,R&D-DRUG DEPENDENCY-MGMT SUP
AN26,R&D- MEDICAL: DRUG DEPENDENCY (MANAGEMENT/SUPPORT)
AN27,R&D- MEDICAL: DRUG DEPENDENCY (COMMERCIALIZED)
AN27,R&D-DRUG DEPENDENCY-COMERCLIZ
AN30,R&D-ALCOHOL DEPENDENCY
AN31,ALCOHOL DEPENDENCY (BASIC)
AN31,R&D- MEDICAL: ALCOHOL DEPENDENCY (BASIC RESEARCH)
AN31,HEALTH R&D SERVICES; CONSUMER AND OCCUPATIONAL HEALTH AND SAFETY; BASIC RESEARCH
AN32,R&D- MEDICAL: ALCOHOL DEPENDENCY (APPLIED RESEARCH/EXPLORATORY DEVELOPMENT)
AN32,R&D-ALCOHOL DEPENDENCY-A RES/EXPL D
AN32,HEALTH R&D SERVICES; CONSUMER AND OCCUPATIONAL HEALTH AND SAFETY; APPLIED RESEARCH
AN33,ALCOHOL DEPENDENCY (ADVANCED)
AN33,R&D- MEDICAL: ALCOHOL DEPENDENCY (ADVANCED DEVELOPMENT)
AN33,HEALTH R&D SERVICES; CONSUMER AND OCCUPATIONAL HEALTH AND SAFETY; EXPERIMENTAL DEVELOPMENT
AN34,R&D- MEDICAL: ALCOHOL DEPENDENCY (ENGINEERING DEVELOPMENT)
AN34,ALCOHOL DEPENDENCY (ENGINEERING)
AN34,HEALTH R&D SERVICES; CONSUMER AND OCCUPATIONAL HEALTH AND SAFETY; R&D ADMINISTRATIVE EXPENSES
AN35,ALCOHOL DEPENDENCY (OPERATIONAL)
AN35,R&D- MEDICAL: ALCOHOL DEPENDENCY (OPERATIONAL SYSTEMS DEVELOPMENT)
AN35,HEALTH R&D SVCS; CONSUMER & OCCUPATIONAL HEALTH & SAFETY; R&D FACILITIES & MAJ EQUIP
AN36,R&D- MEDICAL: ALCOHOL DEPENDENCY (MANAGEMENT/SUPPORT)
AN36,R&D-ALCOHOL DEPENDENCY-MGMT SUP
AN37,R&D-ALCOHOL DEPENDENCY-COMERCLIZ
AN37,R&D- MEDICAL: ALCOHOL DEPENDENCY (COMMERCIALIZED)
AN40,R&D-HEALTH SVCS
AN41,HEALTH SERVICES (BASIC)
AN41,R&D- MEDICAL: HEALTH SERVICES (BASIC RESEARCH)
AN41,HEALTH R&D SERVICES; HEALTH CARE - OTHER; BASIC RESEARCH
AN42,R&D-HEALTH SVCS-A RES/EXPL DEV
AN42,R&D- MEDICAL: HEALTH SERVICES (APPLIED RESEARCH/EXPLORATORY DEVELOPMENT)
AN42,HEALTH R&D SERVICES; HEALTH CARE - OTHER; APPLIED RESEARCH
AN43,HEALTH SERVICES (ADVANCED)
AN43,R&D- MEDICAL: HEALTH SERVICES (ADVANCED DEVELOPMENT)
AN43,HEALTH R&D SERVICES; HEALTH CARE - OTHER; EXPERIMENTAL DEVELOPMENT
AN44,R&D- MEDICAL: HEALTH SERVICES (ENGINEERING DEVELOPMENT)
AN44,HEALTH SERVICES (ENGINEERING)
AN44,HEALTH R&D SERVICES; HEALTH CARE - OTHER; R&D ADMINISTRATIVE EXPENSES
AN45,HEALTH SERVICES (OPERATIONAL)
AN45,R&D- MEDICAL: HEALTH SERVICES (OPERATIONAL SYSTEMS DEVELOPMENT)
AN45,HEALTH R&D SERVICES; HEALTH CARE - OTHER; EXPENSES FOR R&D FACILITIES AND MAJOR EQUIPMENT
AN46,R&D- MEDICAL: HEALTH SERVICES (MANAGEMENT/SUPPORT)
AN46,R&D-HEALTH SVCS-MGMT SUP
AN47,R&D- MEDICAL: HEALTH SERVICES (COMMERCIALIZED)
AN47,R&D-HEALTH SVCS-COMERCLIZ
AN50,R&D-MENTAL HEALTH
AN51,MENTAL HEALTH (BASIC)
AN51,R&D- MEDICAL: MENTAL HEALTH (BASIC RESEARCH)
AN52,R&D- MEDICAL: MENTAL HEALTH (APPLIED RESEARCH/EXPLORATORY DEVELOPMENT)
AN52,MENTAL HEALTH (APPLIED/EXPLORATORY)
AN53,MENTAL HEALTH (ADVANCED)
AN53,R&D- MEDICAL: MENTAL HEALTH (ADVANCED DEVELOPMENT)
AN54,R&D- MEDICAL: MENTAL HEALTH (ENGINEERING DEVELOPMENT)
AN54,MENTAL HEALTH (ENGINEERING)
AN55,R&D- MEDICAL: MENTAL HEALTH (OPERATIONAL SYSTEMS DEVELOPMENT)
AN55,MENTAL HEALTH (OPERATIONAL)
AN56,MENTAL HEALTH (MANAGEMENT/SUPPORT)
AN56,R&D- MEDICAL: MENTAL HEALTH (MANAGEMENT/SUPPORT)
AN57,R&D- MEDICAL: MENTAL HEALTH (COMMERCIALIZED)
AN57,R&D-MENTAL HEALTH-COMERCLIZ
AN60,R&D-MED REHAB ENGINEERING
AN61,REHABILITATIVE ENGINEERING (BASIC)
AN61,R&D- MEDICAL: REHABILITATIVE ENGINEERING (BASIC RESEARCH)
AN62,R&D- MEDICAL: REHABILITATIVE ENGINEERING (APPLIED RESEARCH/EXPLORATORY DEVELOPMENT)
AN62,R&D-MED REHAB ENGINEERING-A RES/EXP
AN63,R&D-MED REHAB ENGINEERING-ADV DEV
AN63,R&D- MEDICAL: REHABILITATIVE ENGINEERING (ADVANCED DEVELOPMENT)
AN64,R&D- MEDICAL: REHABILITATIVE ENGINEERING (ENGINEERING DEVELOPMENT)
AN64,R&D-MED REHAB ENGINEERING-ENG DEV
AN65,R&D- MEDICAL: REHABILITATIVE ENGINEERING (OPERATIONAL SYSTEMS DEVELOPMENT)
AN65,R&D-MED REHAB ENGINEERING-OPSY DEV
AN66,R&D-MED REHAB ENGINEERING-MGMT SUP
AN66,R&D- MEDICAL: REHABILITATIVE ENGINEERING (MANAGEMENT/SUPPORT)
AN67,R&D- MEDICAL: REHABILITATIVE ENGINEERING (COMMERCIALIZED)
AN67,R&D-MED REHAB ENGINEERING-COMERCLIZ
AN70,R&D-SPEC MED SVCS
AN71,R&D- MEDICAL: SPECIALIZED MEDICAL SERVICES (BASIC RESEARCH)
AN71,R&D-SPEC MED SVCS-B RES
AN72,R&D-SPEC MED SVCS-A RES/EXPL DEV
AN72,R&D- MEDICAL: SPECIALIZED MEDICAL SERVICES (APPLIED RESEARCH/EXPLORATORY DEVELOPMENT)
AN73,R&D-SPEC MED SVCS-ADV DEV
AN73,R&D- MEDICAL: SPECIALIZED MEDICAL SERVICES (ADVANCED DEVELOPMENT)
AN74,R&D- MEDICAL: SPECIALIZED MEDICAL SERVICES (ENGINEERING DEVELOPMENT)
AN74,R&D-SPEC MED SVCS-ENG DEV
AN75,R&D-SPEC MED SVCS-OPSY DEV
AN75,R&D- MEDICAL: SPECIALIZED MEDICAL SERVICES (OPERATIONAL SYSTEMS DEVELOPMENT)
AN76,R&D-SPEC MED SVCS-MGMT SUP
AN76,R&D- MEDICAL: SPECIALIZED MEDICAL SERVICES (MANAGEMENT/SUPPORT)
AN77,R&D-SPEC MED SVCS-COMERCLIZ
AN77,R&D- MEDICAL: SPECIALIZED MEDICAL SERVICES (COMMERCIALIZED)
AN81,AIDS RESEARCH (BASIC)
AN81,R&D- MEDICAL: AIDS RESEARCH (BASIC RESEARCH)
AN82,R&D- MEDICAL: AIDS RESEARCH (APPLIED RESEARCH/EXPLORATORY DEVELOPMENT)
AN82,AIDS RESEARCH (APPLIED/EXPLORATORY)
AN83,AIDS RESEARCH (ADVANCED)
AN83,R&D- MEDICAL: AIDS RESEARCH (ADVANCED DEVELOPMENT)
AN84,AIDS RESEARCH (ENGINEERING)
AN84,R&D- MEDICAL: AIDS RESEARCH (ENGINEERING DEVELOPMENT)
AN85,R&D- MEDICAL: AIDS RESEARCH (OPERATIONAL SYSTEMS DEVELOPMENT)
AN85,AIDS RESEARCH (OPERATIONAL)
AN86,R&D- MEDICAL: AIDS RESEARCH (MANAGEMENT/SUPPORT)
AN86,AIDS RESEARCH (MANAGEMENT/SUPPORT)
AN87,R&D- MEDICAL: AIDS RESEARCH (COMMERCIALIZED)
AN87,RDTE/Aids Research - Operational System Develop
AN90,R&D-OTHER MEDICAL
AN91,OTHER MEDICAL (BASIC)
AN91,R&D- MEDICAL: OTHER (BASIC RESEARCH)
AN92,R&D- MEDICAL: OTHER (APPLIED RESEARCH/EXPLORATORY DEVELOPMENT)
AN92,OTHER MEDICAL (APPLIED/EXPLORATORY)
AN93,R&D- MEDICAL: OTHER (ADVANCED DEVELOPMENT)
AN93,OTHER MEDICAL (ADVANCED)
AN94,OTHER MEDICAL (ENGINEERING)
AN94,R&D- MEDICAL: OTHER (ENGINEERING DEVELOPMENT)
AN95,R&D- MEDICAL: OTHER (OPERATIONAL SYSTEMS DEVELOPMENT)
AN95,OTHER MEDICAL (OPERATIONAL)
AN96,R&D- MEDICAL: OTHER (MANAGEMENT/SUPPORT)
AN96,OTHER MEDICAL (MANAGEMENT/SUPPORT)
AN97,R&D-OTHER MEDICAL-COMERCLIZ
AN97,R&D- MEDICAL: OTHER (COMMERCIALIZED)
AP,NATURAL RESOURCES R&D
AP10,R&D-NAT RESOURCE-AQUACUL
AP11,R&D-NAT RESOURCE-AQUACUL-RESEARCH
AP12,R&D-NAT RESOURCE-AQUACUL-EXPL DEV
AP13,R&D-NAT RESOURCE-AQUACUL-ADV DEV
AP14,R&D-NAT RESOURCE-AQUACUL-ENG DEV
AP15,R&D-NAT RESOURCE-AQUACUL-OPSY DEV
AP16,R&D-NAT RESOURCE-AQUACUL-MGMT SUP
AP17,R&D-NAT RESOURCE-AQUACUL-COMERCLIZ
AP20,R&D-NAT RESOURCE-LAND
AP21,LAND (BASIC)
AP21,R&D- NATURAL RESOURCE: LAND (BASIC RESEARCH)
AP22,LAND (APPLIED/EXPLORATORY)
AP22,R&D- NATURAL RESOURCE: LAND (APPLIED RESEARCH/EXPLORATORY DEVELOPMENT)
AP23,LAND (ADVANCED)
AP23,R&D- NATURAL RESOURCE: LAND (ADVANCED DEVELOPMENT)
AP24,LAND (ENGINEERING)
AP24,R&D- NATURAL RESOURCE: LAND (ENGINEERING DEVELOPMENT)
AP25,R&D- NATURAL RESOURCE: LAND (OPERATIONAL SYSTEMS DEVELOPMENT)
AP25,LAND (OPERATIONAL)
AP26,LAND (MANAGEMENT/SUPPORT)
AP26,R&D- NATURAL RESOURCE: LAND (MANAGEMENT/SUPPORT)
AP27,R&D- NATURAL RESOURCE: LAND (COMMERCIALIZED)
AP27,R&D-NAT RESOURCE-LAND-COMERCLIZ
AP30,R&D-NAT RESOURCE-MINERAL
AP31,MINERAL (BASIC)
AP31,R&D- NATURAL RESOURCE: MINERAL (BASIC RESEARCH)
AP32,MINERAL (APPLIED/EXPLORATORY)
AP32,R&D- NATURAL RESOURCE: MINERAL (APPLIED RESEARCH/EXPLORATORY DEVELOPMENT)
AP33,MINERAL (ADVANCED)
AP33,R&D- NATURAL RESOURCE: MINERAL (ADVANCED DEVELOPMENT)
AP34,MINERAL (ENGINEERING)
AP34,R&D- NATURAL RESOURCE: MINERAL (ENGINEERING DEVELOPMENT)
AP35,R&D- NATURAL RESOURCE: MINERAL (OPERATIONAL SYSTEMS DEVELOPMENT)
AP35,MINERAL (OPERATIONAL)
AP36,MINERAL (MANAGEMENT/SUPPORT)
AP36,R&D- NATURAL RESOURCE: MINERAL (MANAGEMENT/SUPPORT)
AP37,R&D-NAT RESOURCE-MINERAL-COMERCLIZ
AP37,R&D- NATURAL RESOURCE: MINERAL (COMMERCIALIZED)
AP40,R&D-NAT RESOURCE-RECREATN
AP41,R&D- NATURAL RESOURCE: RECREATION (BASIC RESEARCH)
AP41,RECREATION (BASIC)
AP42,RECREATION (APPLIED/EXPLORATORY)
AP42,R&D- NATURAL RESOURCE: RECREATION (APPLIED RESEARCH/EXPLORATORY DEVELOPMENT)
AP43,RECREATION (ADVANCED)
AP43,R&D- NATURAL RESOURCE: RECREATION (ADVANCED DEVELOPMENT)
AP44,R&D- NATURAL RESOURCE: RECREATION (ENGINEERING DEVELOPMENT)
AP44,RECREATION (ENGINEERING)
AP45,R&D- NATURAL RESOURCE: RECREATION (OPERATIONAL SYSTEMS DEVELOPMENT)
AP45,RECREATION (OPERATIONAL)
AP46,R&D- NATURAL RESOURCE: RECREATION (MANAGEMENT/SUPPORT)
AP46,RECREATION (MANAGEMENT/SUPPORT)
AP47,R&D-NAT RESOURCE-RECREATN-COMERCLIZ
AP47,R&D- NATURAL RESOURCE: RECREATION (COMMERCIALIZED)
AP50,R&D-NAT RES-MARINE & OCEAN
AP51,MARINE AND OCEANOGRAPHIC (BASIC)
AP51,R&D- NATURAL RESOURCE: MARINE AND OCEANOGRAPHIC (BASIC RESEARCH)
AP52,R&D- NATURAL RESOURCE: MARINE AND OCEANOGRAPHIC (APPLIED RESEARCH/EXPLORATORY DEVELOPMENT)
AP52,R&D-NAT RES-MARINE & OCEAN-A RES/EX
AP53,MARINE AND OCEANOGRAPHIC (ADVANCED)
AP53,R&D- NATURAL RESOURCE: MARINE AND OCEANOGRAPHIC (ADVANCED DEVELOPMENT)
AP54,R&D-NAT RES-MARINE & OCEAN-ENG DEV
AP54,R&D- NATURAL RESOURCE: MARINE AND OCEANOGRAPHIC (ENGINEERING DEVELOPMENT)
AP55,R&D-NAT RES-MARINE & OCEAN-OPSY DEV
AP55,R&D- NATURAL RESOURCE: MARINE AND OCEANOGRAPHIC (OPERATIONAL SYSTEMS DEVELOPMENT)
AP56,R&D-NAT RES-MARINE & OCEAN-MGMT SUP
AP56,R&D- NATURAL RESOURCE: MARINE AND OCEANOGRAPHIC (MANAGEMENT/SUPPORT)
AP57,R&D-NAT RESOURCE-MARINE-COMERCLIZ
AP57,R&D- NATURAL RESOURCE: MARINE AND OCEANOGRAPHIC (COMMERCIALIZED)
AP61,MARINE FISHERIES (BASIC)
AP61,R&D- NATURAL RESOURCE: MARINE FISHERIES (BASIC RESEARCH)
AP62,R&D-NAT RES-MARINE FISHERIES-A RES/
AP62,R&D- NATURAL RESOURCE: MARINE FISHERIES (APPLIED RESEARCH/EXPLORATORY DEVELOPMENT)
AP63,R&D- NATURAL RESOURCE: MARINE FISHERIES (ADVANCED DEVELOPMENT)
AP63,MARINE FISHERIES (ADVANCED)
AP64,R&D- NATURAL RESOURCE: MARINE FISHERIES (ENGINEERING DEVELOPMENT)
AP64,MARINE FISHERIES (ENGINEERING)
AP65,R&D- NATURAL RESOURCE: MARINE FISHERIES (OPERATIONAL SYSTEMS DEVELOPMENT)
AP65,MARINE FISHERIES (OPERATIONAL)
AP66,R&D-NAT RES-MARINE FISHERIES-MGMT S
AP66,R&D- NATURAL RESOURCE: MARINE FISHERIES (MANAGEMENT/SUPPORT)
AP67,RDTE/Marine Fisheries - Operational System Dev
AP67,R&D- NATURAL RESOURCE: MARINE FISHERIES (COMMERCIALIZED)
AP71,ATMOSPHERIC (BASIC)
AP71,R&D- NATURAL RESOURCE: ATMOSPHERIC (BASIC RESEARCH)
AP72,R&D- NATURAL RESOURCE: ATMOSPHERIC (APPLIED RESEARCH/EXPLORATORY DEVELOPMENT)
AP72,ATMOSPHERIC (APPLIED/EXPLORATORY)
AP73,R&D- NATURAL RESOURCE: ATMOSPHERIC (ADVANCED DEVELOPMENT)
AP73,ATMOSPHERIC (ADVANCED)
AP74,ATMOSPHERIC (ENGINEERING)
AP74,R&D- NATURAL RESOURCE: ATMOSPHERIC (ENGINEERING DEVELOPMENT)
AP75,ATMOSPHERIC (OPERATIONAL)
AP75,R&D- NATURAL RESOURCE: ATMOSPHERIC (OPERATIONAL SYSTEMS DEVELOPMENT)
AP76,R&D- NATURAL RESOURCE: ATMOSPHERIC (MANAGEMENT/SUPPORT)
AP76,ATMOSPHERIC (MANAGEMENT/SUPPORT)
AP77,R&D- NATURAL RESOURCE: ATMOSPHERIC (COMMERCIALIZED)
AP77,RDTE/Natural Resources-Atmospheric-Op System Dev
AP90,R&D-OTHER NAT RESOURCE
AP91,R&D- NATURAL RESOURCE: OTHER (BASIC RESEARCH)
AP91,OTHER NATURAL RESOURCES (BASIC)
AP92,R&D-OTHER NAT RESOURCE-A RES/EXPL D
AP92,R&D- NATURAL RESOURCE: OTHER (APPLIED RESEARCH/EXPLORATORY DEVELOPMENT)
AP93,OTHER NATURAL RESOURCES (ADVANCED)
AP93,R&D- NATURAL RESOURCE: OTHER (ADVANCED DEVELOPMENT)
AP94,R&D-OTHER NAT RESOURCE-ENG DEV
AP94,R&D- NATURAL RESOURCE: OTHER (ENGINEERING DEVELOPMENT)
AP95,R&D-OTHER NAT RESOURCE-OPSY DEV
AP95,R&D- NATURAL RESOURCE: OTHER (OPERATIONAL SYSTEMS DEVELOPMENT)
AP96,R&D- NATURAL RESOURCE: OTHER (MANAGEMENT/SUPPORT)
AP96,R&D-OTHER NAT RESOURCE-MGMT SUP
AP97,R&D- NATURAL RESOURCE: OTHER (COMMERCIALIZED)
AP97,R&D-OTHER NAT RESOURCE-COMERCLIZ
AQ,SOCIAL SERVICES R&D
AQ10,R&D-SOCIAL SVCS-GERIATRIC
AQ11,R&D-SOCIAL SVCS-GERIATRIC-B RES
AQ11,R&D- SOCIAL SERVICES: GERIATRIC OTHER THAN MEDICAL (BASIC RESEARCH)
AQ12,R&D- SOCIAL SERVICES: GERIATRIC OTHER THAN MEDICAL (APPLIED RESEARCH/EXPLORATORY DEVELOPMENT)
AQ12,R&D-SOCIAL SVCS-GERIATRIC-A RES/EXP
AQ13,R&D-SOCIAL SVCS-GERIATRIC-ADV DEV
AQ13,R&D- SOCIAL SERVICES: GERIATRIC OTHER THAN MEDICAL (ADVANCED DEVELOPMENT)
AQ14,R&D-SOCIAL SVCS-GERIATRIC-ENG DEV
AQ14,R&D- SOCIAL SERVICES: GERIATRIC OTHER THAN MEDICAL (ENGINEERING DEVELOPMENT)
AQ15,R&D-SOCIAL SVCS-GERIATRIC-OPSY DEV
AQ15,R&D- SOCIAL SERVICES: GERIATRIC OTHER THAN MEDICAL (OPERATIONAL SYSTEMS DEVELOPMENT)
AQ16,R&D- SOCIAL SERVICES: GERIATRIC OTHER THAN MEDICAL (MANAGEMENT/SUPPORT)
AQ16,R&D-SOCIAL SVCS-GERIATRIC-MGMT SUP
AQ17,R&D-SOCIAL SVCS-GERIATRIC-COMERCLIZ
AQ17,R&D- SOCIAL SERVICES: GERIATRIC OTHER THAN MEDICAL (COMMERCIALIZED)
AQ90,R&D-OTHER SOCIAL SVCS
AQ91,R&D- SOCIAL SERVICES: OTHER (BASIC RESEARCH)
AQ91,OTHER SOCIAL SERVICES (BASIC)
AQ92,R&D- SOCIAL SERVICES: OTHER (APPLIED RESEARCH/EXPLORATORY DEVELOPMENT)
AQ92,R&D-OTHER SOCIAL SVCS-A RES/EXPL DE
AQ93,OTHER SOCIAL SERVICES (ADVANCED)
AQ93,R&D- SOCIAL SERVICES: OTHER (ADVANCED DEVELOPMENT)
AQ94,OTHER SOCIAL SERVICES (ENGINEERING)
AQ94,R&D- SOCIAL SERVICES: OTHER (ENGINEERING DEVELOPMENT)
AQ95,R&D- SOCIAL SERVICES: OTHER (OPERATIONAL SYSTEMS DEVELOPMENT)
AQ95,OTHER SOCIAL SERVICES (OPERATIONAL)
AQ96,R&D-OTHER SOCIAL SVCS-MGMT SUP
AQ96,R&D- SOCIAL SERVICES: OTHER (MANAGEMENT/SUPPORT)
AQ97,R&D- SOCIAL SERVICES: OTHER (COMMERCIALIZED)
AQ97,R&D-OTHER SOCIAL SVCS-COMERCLIZ
AR,SPACE R&D
AR,Space R&D Services
AR10,R&D-AERO & SPACE TECH
AR11,R&D- SPACE: AERONAUTICS/SPACE TECHNOLOGY (BASIC RESEARCH)
AR11,R&D-AERO & SPACE TECH-B RES
AR11,"SPACE R&D SERVICES; SPACE FLIGHT, RESEARCH AND SUPPORTING ACTIVITIES; BASIC RESEARCH"
AR12,R&D-AERO & SPACE TECH-A RES/EXPL DE
AR12,R&D- SPACE: AERONAUTICS/SPACE TECHNOLOGY (APPLIED RESEARCH/EXPLORATORY DEVELOPMENT)
AR12,"SPACE R&D SERVICES; SPACE FLIGHT, RESEARCH AND SUPPORTING ACTIVITIES; APPLIED RESEARCH"
AR13,R&D-AERO & SPACE TECH-ADV DEV
AR13,R&D- SPACE: AERONAUTICS/SPACE TECHNOLOGY (ADVANCED DEVELOPMENT)
AR13,"SPACE R&D SERVICES; SPACE FLIGHT, RESEARCH AND SUPPORTING ACTIVITIES; EXPERIMENTAL DEVELOPMENT"
AR14,R&D- SPACE: AERONAUTICS/SPACE TECHNOLOGY (ENGINEERING DEVELOPMENT)
AR14,R&D-AERO & SPACE TECH-ENG DEV
AR14,"SPACE R&D SERVICES; SPACE FLIGHT, RESEARCH AND SUPPORTING ACTIVITIES; R&D ADMINISTRATIVE EXPENSES"
AR15,R&D- SPACE: AERONAUTICS/SPACE TECHNOLOGY (OPERATIONAL SYSTEMS DEVELOPMENT)
AR15,R&D-AERO & SPACE TECH-OPSY DEV
AR15,"SPACE R&D SVCS; SPACE FLIGHT, RESEARCH & SUPPORTING ACTIVITIES; R&D FACILITIES & MAJ EQUIP"
AR16,R&D-AERO & SPACE TECH-MGMT SUP
AR16,R&D- SPACE: AERONAUTICS/SPACE TECHNOLOGY (MANAGEMENT/SUPPORT)
AR17,R&D-AERO & SPACE TECH-COMERCLIZ
AR17,R&D- SPACE: AERONAUTICS/SPACE TECHNOLOGY (COMMERCIALIZED)
AR20,R&D-SPACE SCIENCE & APPL
AR21,R&D-SPACE SCIENCE & APPL-B RES
AR21,R&D- SPACE: SCIENCE/APPLICATIONS (BASIC RESEARCH)
AR22,R&D-SPACE SCIENCE & APPL-A RES/EXPL
AR22,R&D- SPACE: SCIENCE/APPLICATIONS (APPLIED RESEARCH/EXPLORATORY DEVELOPMENT)
AR23,R&D- SPACE: SCIENCE/APPLICATIONS (ADVANCED DEVELOPMENT)
AR23,R&D-SPACE SCIENCE & APPL-ADV DEV
AR24,R&D-SPACE SCIENCE & APPL-ENG DEV
AR24,R&D- SPACE: SCIENCE/APPLICATIONS (ENGINEERING DEVELOPMENT)
AR25,R&D- SPACE: SCIENCE/APPLICATIONS (OPERATIONAL SYSTEMS DEVELOPMENT)
AR25,R&D-SPACE SCIENCE & APPL-OPSY DEV
AR26,R&D- SPACE: SCIENCE/APPLICATIONS (MANAGEMENT/SUPPORT)
AR26,R&D-SPACE SCIENCE & APPL-MGMT SUP
AR27,R&D-SPACE SCIENCE-COMERCLIZ
AR27,R&D- SPACE: SCIENCE/APPLICATIONS (COMMERCIALIZED)
AR30,R&D-SPACE TRANS SYSTEMS
AR31,R&D- SPACE: FLIGHT (BASIC RESEARCH)
AR31,SPACE FLIGHT (BASIC)
AR32,R&D- SPACE: FLIGHT (APPLIED RESEARCH/EXPLORATORY DEVELOPMENT)
AR32,SPACE FLIGHT (APPLIED/EXPLORATORY)
AR33,R&D- SPACE: FLIGHT (ADVANCED DEVELOPMENT)
AR33,SPACE FLIGHT (ADVANCED)
AR34,SPACE FLIGHT (ENGINEERING)
AR34,R&D- SPACE: FLIGHT (ENGINEERING DEVELOPMENT)
AR35,SPACE FLIGHT (OPERATIONAL)
AR35,R&D- SPACE: FLIGHT (OPERATIONAL SYSTEMS DEVELOPMENT)
AR36,R&D- SPACE: FLIGHT (MANAGEMENT/SUPPORT)
AR36,SPACE FLIGHT (MANAGEMENT/SUPPORT)
AR37,R&D-SPACE TRANS SYSTEMS -COMERCLIZ
AR37,R&D- SPACE: FLIGHT (COMMERCIALIZED)
AR40,R&D-SPACE TRACK DATA ACQ
AR41,R&D-SPACE TRACK DATA ACQ-B RES
AR41,"R&D- SPACE: OPERATIONS, TRACKING AND DATA ACQUISITION (BASIC RESEARCH)"
AR42,R&D-SPACE TRACK DATA ACQ-A RES/EXPL
AR42,"R&D- SPACE: OPERATIONS, TRACKING AND DATA ACQUISITION (APPLIED RESEARCH/EXPLORATORY DEVELOPMENT)"
AR43,R&D-SPACE TRACK DATA ACQ-ADV DEV
AR43,"R&D- SPACE: OPERATIONS, TRACKING AND DATA ACQUISITION (ADVANCED DEVELOPMENT)"
AR44,R&D-SPACE TRACK DATA ACQ-ENG DEV
AR44,"R&D- SPACE: OPERATIONS, TRACKING AND DATA ACQUISITION (ENGINEERING DEVELOPMENT)"
AR45,"R&D- SPACE: OPERATIONS, TRACKING AND DATA ACQUISITION (OPERATIONAL SYSTEMS DEVELOPMENT)"
AR45,R&D-SPACE TRACK DATA ACQ-OPSY DEV
AR46,R&D-SPACE TRACK DATA ACQ-MGMT SUP
AR46,"R&D- SPACE: OPERATIONS, TRACKING AND DATA ACQUISITION (MANAGEMENT/SUPPORT)"
AR47,"R&D- SPACE: OPERATIONS, TRACKING AND DATA ACQUISITION (COMMERCIALIZED)"
AR47,R&D-SPACE TRACK DATA ACQ-COMERCLIZ
AR50,R&D-SPACE & TERRESTRIAL
AR51,R&D-SPACE & TERRESTRIAL-RESEARCH
AR52,RDTE/SP+TERRESTRIAL APP-APPLIED RES
AR53,R&D-SPACE & TERRESTRIAL-ADV DEV
AR54,RDTE/SP+TERRESTRIAL APP-DEMO/VALID
AR55,RDTE/SP+TERRESTRIAL APP-ENG/MANUF
AR56,R&D-SPACE & TERRESTRIAL-MGMT SUP
AR57,R&D-SPACE & TERRESTRIAL-COMERCLIZ
AR60,
AR61,R&D-SPACE STATION-B RES
AR61,R&D- SPACE: STATION (BASIC RESEARCH)
AR62,R&D- SPACE: STATION (APPLIED RESEARCH/EXPLORATORY DEVELOPMENT)
AR62,R&D-SPACE STATION-A RES/EXP DEV
AR63,R&D-SPACE STATION-ADV DEV
AR63,R&D- SPACE: STATION (ADVANCED DEVELOPMENT)
AR64,R&D-SPACE STATION-ENG DEV
AR64,R&D- SPACE: STATION (ENGINEERING DEVELOPMENT)
AR65,R&D-SPACE STATION-OPSY DEV
AR65,R&D- SPACE: STATION (OPERATIONAL SYSTEMS DEVELOPMENT)
AR66,R&D- SPACE: STATION (MANAGEMENT/SUPPORT)
AR66,R&D-SPACE STATION-MGMT SUP
AR67,R&D- SPACE: STATION (COMMERCIALIZED)
AR67,R&D-SPACE STATION-COMERCLIZ
AR70,
AR71,R&D-COMMERCIAL PROGRAMS-B RES
AR71,R&D- SPACE: COMMERCIAL PROGRAMS (BASIC RESEARCH)
AR72,R&D-COMMERCIAL PROGRAMS A RES/EXP D
AR72,R&D- SPACE: COMMERCIAL PROGRAMS (APPLIED RESEARCH/EXPLORATORY DEVELOPMENT)
AR73,R&D- SPACE: COMMERCIAL PROGRAMS (ADVANCED DEVELOPMENT)
AR73,R&D-COMMERCIAL PROGRAMS-ADV DEV
AR74,R&D-COMMERCIAL PROGRAMS-ENG DEV
AR74,R&D- SPACE: COMMERCIAL PROGRAMS (ENGINEERING DEVELOPMENT)
AR75,R&D-COMMERCIAL PROGRAMS-OPSY DEV
AR75,R&D- SPACE: COMMERCIAL PROGRAMS (OPERATIONAL SYSTEMS DEVELOPMENT)
AR76,R&D- SPACE: COMMERCIAL PROGRAMS (MANAGEMENT/SUPPORT)
AR76,R&D-COMMERCIAL PROGRAMS-MGMT SUP
AR77,R&D- SPACE: COMMERCIAL PROGRAMS (COMMERCIALIZED)
AR77,R&D-COMMERCIAL PROGRAMS-COMERCLIZ
AR90,R&D-OTHER SPACE
AR91,R&D-OTHER SPACE-B RES
AR91,R&D- SPACE: OTHER (BASIC RESEARCH)
AR92,R&D- SPACE: OTHER (APPLIED RESEARCH/EXPLORATORY DEVELOPMENT)
AR92,R&D-OTHER SPACE-A RES/EXPL DEV
AR93,R&D- SPACE: OTHER (ADVANCED DEVELOPMENT)
AR93,R&D-OTHER SPACE-ADV DEV
AR94,R&D-OTHER SPACE-ENG DEV
AR94,R&D- SPACE: OTHER (ENGINEERING DEVELOPMENT)
AR95,R&D-OTHER SPACE-OPSY DEV
AR95,R&D- SPACE: OTHER (OPERATIONAL SYSTEMS DEVELOPMENT)
AR96,R&D- SPACE: OTHER (MANAGEMENT/SUPPORT)
AR96,R&D-OTHER SPACE-MGMT SUP
AR97,R&D- SPACE: OTHER (COMMERCIALIZED)
AR97,R&D-OTHER SPACE-COMERCLIZ
AS,TRANSPORTATION (MODAL) R&D
AS,Transportation R&D Services
AS10,R&D-TRANS-AIR
AS11,AIR TRANSPORTATION (BASIC)
AS11,R&D- MODAL TRANSPORTATION: AIR (BASIC RESEARCH)
AS11,"TRANSPORTATION R&D SERVICES; SURFACE TRANSPORTATION, PUBLIC TRANSIT, AND RAIL; BASIC RESEARCH"
AS12,R&D- MODAL TRANSPORTATION: AIR (APPLIED RESEARCH/EXPLORATORY DEVELOPMENT)
AS12,R&D-TRANS-AIR-A RES/EXPL DEV
AS12,"TRANSPORTATION R&D SERVICES; SURFACE TRANSPORTATION, PUBLIC TRANSIT, AND RAIL; APPLIED RESEARCH"
AS13,AIR TRANSPORTATION (ADVANCED)
AS13,R&D- MODAL TRANSPORTATION: AIR (ADVANCED DEVELOPMENT)
AS13,"TRANSPORTATION R&D SVCS; SURFACE TRANSPORTATION, PUBLIC TRANSIT, & RAIL; EXPERIMENTAL DEVELOPMENT"
AS14,AIR TRANSPORTATION (ENGINEERING)
AS14,R&D- MODAL TRANSPORTATION: AIR (ENGINEERING DEVELOPMENT)
AS14,"TRANSPORTATION R&D SVCS; SURFACE TRANSPORTATION, PUBLIC TRANSIT, & RAIL; R&D ADMINISTRATIVE EXPENSES"
AS15,AIR TRANSPORTATION (OPERATIONAL)
AS15,R&D- MODAL TRANSPORTATION: AIR (OPERATIONAL SYSTEMS DEVELOPMENT)
AS15,"TRANSPORTATION R&D SVCS; SURFACE TRANSPORTATION, PUBLIC TRANSIT, & RAIL; R&D FACILITIES & MAJ EQUIP"
AS16,R&D-TRANS-AIR-MGMT SUP
AS16,R&D- MODAL TRANSPORTATION: AIR (MANAGEMENT/SUPPORT)
AS17,R&D- MODAL TRANSPORTATION: AIR (COMMERCIALIZED)
AS17,R&D-TRANS-AIR-COMERCLIZ
AS20,R&D-TRANS- MOTOR VEH
AS21,R&D- MODAL TRANSPORTATION: SURFACE MOTOR VEHICLES (BASIC RESEARCH)
AS21,SURFACE MOTOR VEHICLES (BASIC)
AS21,TRANSPORTATION R&D SERVICES; AEROSPACE RESEARCH; BASIC RESEARCH
AS22,R&D-TRANS- MOTOR VEH-A RES/EXPL DEV
AS22,R&D- MODAL TRANSPORTATION: SURFACE MOTOR VEHICLES (APPLIED RESEARCH/EXPLORATORY DEVELOPMENT)
AS22,TRANSPORTATION R&D SERVICES; AEROSPACE RESEARCH; APPLIED RESEARCH
AS23,R&D- MODAL TRANSPORTATION: SURFACE MOTOR VEHICLES (ADVANCED DEVELOPMENT)
AS23,SURFACE MOTOR VEHICLES (ADVANCED)
AS23,TRANSPORTATION R&D SERVICES; AEROSPACE RESEARCH; EXPERIMENTAL DEVELOPMENT
AS24,R&D-TRANS- MOTOR VEH-ENG DEV
AS24,R&D- MODAL TRANSPORTATION: SURFACE MOTOR VEHICLES (ENGINEERING DEVELOPMENT)
AS24,TRANSPORTATION R&D SERVICES; AEROSPACE RESEARCH; R&D ADMINISTRATIVE EXPENSES
AS25,R&D-TRANS- MOTOR VEH-OPSY DEV
AS25,R&D- MODAL TRANSPORTATION: SURFACE MOTOR VEHICLES (OPERATIONAL SYSTEMS DEVELOPMENT)
AS25,TRANSPORTATION R&D SERVICES; AEROSPACE RESEARCH; EXPENSES FOR R&D FACILITIES AND MAJOR EQUIPMENT
AS26,R&D-TRANS- MOTOR VEH-MGMT SUP
AS26,R&D- MODAL TRANSPORTATION: SURFACE MOTOR VEHICLES (MANAGEMENT/SUPPORT)
AS27,R&D-TRANS- MOTOR VEH-COMERCLIZ
AS27,R&D- MODAL TRANSPORTATION: SURFACE MOTOR VEHICLES (COMMERCIALIZED)
AS30,R&D-TRANS-RAIL
AS31,RAIL TRANSPORTATION (BASIC)
AS31,R&D- MODAL TRANSPORTATION: RAIL (BASIC RESEARCH)
AS31,TRANSPORTATION R&D SERVICES; WATER TRANSPORTATION; BASIC RESEARCH
AS32,R&D-TRANS-RAIL-A RES/EXPL DEV
AS32,R&D- MODAL TRANSPORTATION: RAIL (APPLIED RESEARCH/EXPLORATORY DEVELOPMENT)
AS32,TRANSPORTATION R&D SERVICES; WATER TRANSPORTATION; APPLIED RESEARCH
AS33,RAIL TRANSPORTATION (ADVANCED)
AS33,R&D- MODAL TRANSPORTATION: RAIL (ADVANCED DEVELOPMENT)
AS33,TRANSPORTATION R&D SERVICES; WATER TRANSPORTATION; EXPERIMENTAL DEVELOPMENT
AS34,RAIL TRANSPORTATION (ENGINEERING)
AS34,R&D- MODAL TRANSPORTATION: RAIL (ENGINEERING DEVELOPMENT)
AS34,TRANSPORTATION R&D SERVICES; WATER TRANSPORTATION; R&D ADMINISTRATIVE EXPENSES
AS35,RAIL TRANSPORTATION (OPERATIONAL)
AS35,R&D- MODAL TRANSPORTATION: RAIL (OPERATIONAL SYSTEMS DEVELOPMENT)
AS35,TRANSPORTATION R&D SERVICES; WATER TRANSPORTATION; EXPENSES FOR R&D FACILITIES AND MAJOR EQUIPMENT
AS36,R&D-TRANS-RAIL-MGMT SUP
AS36,R&D- MODAL TRANSPORTATION: RAIL (MANAGEMENT/SUPPORT)
AS37,R&D-TRANS-RAIL-COMERCLIZ
AS37,R&D- MODAL TRANSPORTATION: RAIL (COMMERCIALIZED)
AS40,R&D-TRANS-MARINE
AS41,R&D- MODAL TRANSPORTATION: MARINE (BASIC RESEARCH)
AS41,MARINE TRANSPORTATION (BASIC)
AS41,TRANSPORTATION R&D SVCS; PIPELINES; HAZ MAT; CROSS-FUNCTIONAL TRANSPORTATION; BASIC RESEARCH
AS42,R&D-TRANS-MARINE-A RES/EXPL DEV
AS42,R&D- MODAL TRANSPORTATION: MARINE (APPLIED RESEARCH/EXPLORATORY DEVELOPMENT)
AS42,TRANSPORTATION R&D SVCS; PIPELINES; HAZ MAT; CROSS-FUNCTIONAL TRANSPORTATION; APPLIED RESEARCH
AS43,MARINE TRANSPORTATION (ADVANCED)
AS43,R&D- MODAL TRANSPORTATION: MARINE (ADVANCED DEVELOPMENT)
AS43,TRANSPORTATION R&D SVCS; PIPELINES; HAZ MAT; CROSS-FUNCTIONAL TRANSP; EXPERIMENTAL DEVELOPMENT
AS44,R&D- MODAL TRANSPORTATION: MARINE (ENGINEERING DEVELOPMENT)
AS44,MARINE TRANSPORTATION (ENGINEERING)
AS44,TRANSPORTATION R&D SVCS; PIPELINES; HAZ MAT; CROSS-FUNCTIONAL TRANSP; R&D ADMINISTRATIVE EXPENSES
AS45,MARINE TRANSPORTATION (OPERATIONAL)
AS45,R&D- MODAL TRANSPORTATION: MARINE (OPERATIONAL SYSTEMS DEVELOPMENT)
AS45,TRANSPORTATION R&D SVCS; PIPELINES; HAZ MAT; CROSS-FUNCTIONAL TRANSP; R&D FACILITIES & MAJ EQUIP
AS46,R&D-TRANS-MARINE-MGMT SUP
AS46,R&D- MODAL TRANSPORTATION: MARINE (MANAGEMENT/SUPPORT)
AS47,R&D-TRANS-MARINE-COMERCLIZ
AS47,R&D- MODAL TRANSPORTATION: MARINE (COMMERCIALIZED)
AS90,R&D-OTHER MODAL TRANS
AS91,R&D- MODAL TRANSPORTATION: OTHER MODAL (BASIC RESEARCH)
AS91,OTHER MODAL TRANSPORTATION (BASIC)
AS92,R&D-OTHER MODAL TRANS-A RES/EXPL DE
AS92,R&D- MODAL TRANSPORTATION: OTHER MODAL (APPLIED RESEARCH/EXPLORATORY DEVELOPMENT)
AS93,R&D- MODAL TRANSPORTATION: OTHER MODAL (ADVANCED DEVELOPMENT)
AS93,R&D-OTHER MODAL TRANS-ADV DEV
AS94,R&D- MODAL TRANSPORTATION: OTHER MODAL (ENGINEERING DEVELOPMENT)
AS94,R&D-OTHER MODAL TRANS-ENG DEV
AS95,R&D- MODAL TRANSPORTATION: OTHER MODAL (OPERATIONAL SYSTEMS DEVELOPMENT)
AS95,R&D-OTHER MODAL TRANS-OPSY DEV
AS96,R&D- MODAL TRANSPORTATION: OTHER MODAL (MANAGEMENT/SUPPORT)
AS96,R&D-OTHER MODAL TRANS-MGMT SUP
AS97,R&D-OTHER MODAL TRANS-COMERCLIZ
AS97,R&D- MODAL TRANSPORTATION: OTHER MODAL (COMMERCIALIZED)
AT,TRANSPORTATION (OTHER) R&D
AT10,R&D-TRANS-ROADS-BRIDGES
AT11,R&D-TRANS-ROADS-BRIDGES-B RES
AT11,"R&D- OTHER TRANSPORTATION: HIGHWAYS, ROADS, AND BRIDGES (BASIC RESEARCH)"
AT12,"R&D- OTHER TRANSPORTATION: HIGHWAYS, ROADS, AND BRIDGES (APPLIED RESEARCH/EXPLORATORY DEVELOPMENT)"
AT12,R&D-TRANS-ROADS-BRIDGES-A RES/EXPL
AT13,R&D-TRANS-ROADS-BRIDGES-ADV DEV
AT13,"R&D- OTHER TRANSPORTATION: HIGHWAYS, ROADS, AND BRIDGES (ADVANCED DEVELOPMENT)"
AT14,"R&D- OTHER TRANSPORTATION: HIGHWAYS, ROADS, AND BRIDGES (ENGINEERING DEVELOPMENT)"
AT14,R&D-TRANS-ROADS-BRIDGES-ENG DEV
AT15,"R&D- OTHER TRANSPORTATION: HIGHWAYS, ROADS, AND BRIDGES (OPERATIONAL SYSTEMS DEVELOPMENT)"
AT15,R&D-TRANS-ROADS-BRIDGES-OPSY DEV
AT16,R&D-TRANS-ROADS-BRIDGES-MGMT SUP
AT16,"R&D- OTHER TRANSPORTATION: HIGHWAYS, ROADS, AND BRIDGES (MANAGEMENT/SUPPORT)"
AT17,"R&D- OTHER TRANSPORTATION: HIGHWAYS, ROADS, AND BRIDGES (COMMERCIALIZED)"
AT17,R&D-TRANS-ROADS-BRIDGES-COMERCLIZ
AT20,R&D-TRANS-HUMAN FACTORS
AT21,R&D- OTHER TRANSPORTATION: HUMAN FACTORS CONCERNING TRANSPORTATION (BASIC RESEARCH)
AT21,R&D-TRANS-HUMAN FACTORS-B RES
AT22,R&D-TRANS-HUMAN FACTORS-A RES/EXPL
AT22,R&D- OTHER TRANSPORTATION: HUMAN FACTORS (APPLIED RESEARCH/EXPLORATORY DEVELOPMENT)
AT23,R&D-TRANS-HUMAN FACTORS-ADV DEV
AT23,R&D- OTHER TRANSPORTATION: HUMAN FACTORS CONCERNING TRANSPORTATION (ADVANCED DEVELOPMENT)
AT24,R&D- OTHER TRANSPORTATION: HUMAN FACTORS CONCERNING TRANSPORTATION (ENGINEERING DEVELOPMENT)
AT24,R&D-TRANS-HUMAN FACTORS-ENG DEV
AT25,R&D-TRANS-HUMAN FACTORS-OPSY DEV
AT25,R&D- OTHER TRANSPORTATION: HUMAN FACTORS CONCERNING TRANSPORTATION (OPERATIONAL SYSTEMS DEVELOPMENT)
AT26,R&D-TRANS-HUMAN FACTORS-MGMT SUP
AT26,R&D- OTHER TRANSPORTATION: HUMAN FACTORS CONCERNING TRANSPORTATION (MANAGEMENT/SUPPORT)
AT27,R&D- OTHER TRANSPORTATION: HUMAN FACTORS CONCERNING TRANSPORTATION (COMMERCIALIZED)
AT27,R&D-TRANS-HUMAN FACTORS-COMERCLIZ
AT30,R&D-TRANS-NAVIGATION AIDS
AT31,R&D-TRANS-NAVIGATION AIDS-B RES
AT31,R&D- OTHER TRANSPORTATION: NAVIGATION AND NAVIGATIONAL AIDS (BASIC RESEARCH)
AT32,R&D- OTHER TRANSPORTATION: NAVIGATION/NAVIGATIONAL AIDS (APPLIED RESEARCH/EXPLORATORY DEVELOPMENT)
AT32,R&D-TRANS-NAVIGATION AIDS-A RES/EXP
AT33,R&D- OTHER TRANSPORTATION: NAVIGATION AND NAVIGATIONAL AIDS (ADVANCED DEVELOPMENT)
AT33,R&D-TRANS-NAVIGATION AIDS-ADV DEV
AT34,R&D-TRANS-NAVIGATION AIDS-ENG DEV
AT34,R&D- OTHER TRANSPORTATION: NAVIGATION AND NAVIGATIONAL AIDS (ENGINEERING DEVELOPMENT)
AT35,R&D- OTHER TRANSPORTATION: NAVIGATION AND NAVIGATIONAL AIDS (OPERATIONAL SYSTEMS DEVELOPMENT)
AT35,R&D-TRANS-NAVIGATION AIDS-OPSY DEV
AT36,R&D- OTHER TRANSPORTATION: NAVIGATION AND NAVIGATIONAL AIDS (MANAGEMENT/SUPPORT)
AT36,R&D-TRANS-NAVIGATION AIDS-MGMT SUP
AT37,R&D-TRANS-NAVIGATION AIDS-COMERCLIZ
AT37,R&D- OTHER TRANSPORTATION: NAVIGATION AND NAVIGATIONAL AIDS (COMMERCIALIZED)
AT40,R&D-TRANS-PASS SAFETY
AT41,R&D-TRANS-PASS SAFETY-B RES
AT41,R&D- OTHER TRANSPORTATION: PASSENGER SAFETY AND SECURITY (BASIC RESEARCH)
AT42,R&D- OTHER TRANSPORTATION: PASSENGER SAFETY AND SECURITY (APPLIED RESEARCH/EXPLORATORY DEVELOPMENT)
AT42,R&D-TRANS-PASS SAFETY-A RES/EXPL DE
AT43,R&D-TRANS-PASS SAFETY-ADV DEV
AT43,R&D- OTHER TRANSPORTATION: PASSENGER SAFETY AND SECURITY (ADVANCED DEVELOPMENT)
AT44,R&D- OTHER TRANSPORTATION: PASSENGER SAFETY AND SECURITY (ENGINEERING DEVELOPMENT)
AT44,R&D-TRANS-PASS SAFETY-ENG DEV
AT45,R&D- OTHER TRANSPORTATION: PASSENGER SAFETY AND SECURITY (OPERATIONAL SYSTEMS DEVELOPMENT)
AT45,R&D-TRANS-PASS SAFETY-OPSY DEV
AT46,R&D-TRANS-PASS SAFETY-MGMT SUP
AT46,R&D- OTHER TRANSPORTATION: PASSENGER SAFETY AND SECURITY (MANAGEMENT/SUPPORT)
AT47,R&D-TRANS-PASS SAFETY-COMERCLIZ
AT47,R&D- OTHER TRANSPORTATION: PASSENGER SAFETY AND SECURITY (COMMERCIALIZED)
AT50,R&D-TRANS-PIPELINE SAFETY
AT51,PIPELINE SAFETY (BASIC)
AT51,R&D- OTHER TRANSPORTATION: PIPELINE SAFETY (BASIC RESEARCH)
AT52,R&D- OTHER TRANSPORTATION: PIPELINE SAFETY (APPLIED RESEARCH/EXPLORATORY DEVELOPMENT)
AT52,R&D-TRANS-PIPELINE SAFETY-A RES/EXP
AT53,PIPELINE SAFETY (ADVANCED)
AT53,R&D- OTHER TRANSPORTATION: PIPELINE SAFETY (ADVANCED DEVELOPMENT)
AT54,R&D- OTHER TRANSPORTATION: PIPELINE SAFETY (ENGINEERING DEVELOPMENT)
AT54,PIPELINE SAFETY (ENGINEERING)
AT55,R&D- OTHER TRANSPORTATION: PIPELINE SAFETY (OPERATIONAL SYSTEMS DEVELOPMENT)
AT55,PIPELINE SAFETY (OPERATIONAL)
AT56,R&D-TRANS-PIPELINE SAFETY-MGMT SUP
AT56,R&D- OTHER TRANSPORTATION: PIPELINE SAFETY (MANAGEMENT/SUPPORT)
AT57,R&D- OTHER TRANSPORTATION: PIPELINE SAFETY (COMMERCIALIZED)
AT57,R&D-TRANS-PIPELINE SAFETY-COMERCLIZ
AT60,R&D-TRANS-TRAFFIC MGT
AT61,R&D- OTHER TRANSPORTATION: TRAFFIC MANAGEMENT (BASIC RESEARCH)
AT61,TRAFFIC MANAGEMENT (BASIC)
AT62,R&D-TRANS-TRAFFIC MGT-A RES/EXPL DE
AT62,R&D- OTHER TRANSPORTATION: TRAFFIC MANAGEMENT (APPLIED RESEARCH/EXPLORATORY DEVELOPMENT)
AT63,R&D- OTHER TRANSPORTATION: TRAFFIC MANAGEMENT (ADVANCED DEVELOPMENT)
AT63,TRAFFIC MANAGEMENT (ADVANCED)
AT64,R&D- OTHER TRANSPORTATION: TRAFFIC MANAGEMENT (ENGINEERING DEVELOPMENT)
AT64,TRAFFIC MANAGEMENT (ENGINEERING)
AT65,TRAFFIC MANAGEMENT (OPERATIONAL)
AT65,R&D- OTHER TRANSPORTATION: TRAFFIC MANAGEMENT (OPERATIONAL SYSTEMS DEVELOPMENT)
AT66,R&D- OTHER TRANSPORTATION: TRAFFIC MANAGEMENT (MANAGEMENT/SUPPORT)
AT66,R&D-TRANS-TRAFFIC MGT-MGMT SUP
AT67,R&D-TRANS-TRAFFIC MGT-COMERCLIZ
AT67,R&D- OTHER TRANSPORTATION: TRAFFIC MANAGEMENT (COMMERCIALIZED)
AT70,R&D-TRANS-TUNNELS
AT71,R&D-TRANS-TUNNELS-B RES
AT71,R&D- OTHER TRANSPORTATION: TUNNELS AND OTHER SUBSURFACE STRUCTURES (BASIC RESEARCH)
AT72,R&D-TRANS-TUNNELS-A RES/EXPL DEV
AT72,R&D- OTHER TRANSPORTATION: TUNNELS/OTHER SUBSURF STRUC (APPLIED RESEARCH/EXPLORATORY DEVELOPMENT)
AT73,R&D- OTHER TRANSPORTATION: TUNNELS AND OTHER SUBSURFACE STRUCTURES (ADVANCED DEVELOPMENT)
AT73,R&D-TRANS-TUNNELS-ADV DEV
AT74,R&D-TRANS-TUNNELS-ENG DEV
AT74,R&D- OTHER TRANSPORTATION: TUNNELS AND OTHER SUBSURFACE STRUCTURES (ENGINEERING DEVELOPMENT)
AT75,R&D- OTHER TRANSPORTATION: TUNNELS AND OTHER SUBSURFACE STRUCTURES (OPERATIONAL SYSTEMS DEVELOPMENT)
AT75,R&D-TRANS-TUNNELS-OPSY DEV
AT76,R&D-TRANS-TUNNELS-MGMT SUP
AT76,R&D- OTHER TRANSPORTATION: TUNNELS AND OTHER SUBSURFACE STRUCTURES (MANAGEMENT/SUPPORT)
AT77,R&D- OTHER TRANSPORTATION: TUNNELS AND OTHER SUBSURFACE STRUCTURES (COMMERCIALIZED)
AT77,R&D-TRANS-TUNNELS-COMERCLIZ
AT81,R&D- OTHER TRANSPORTATION: TRANSPORTING HAZARDOUS MATERIALS (BASIC RESEARCH)
AT81,R&D-TRANS OF HAZARD MAT-B RES
AT82,R&D- OTHER TRANSPORTATION: TRANSPORTING HAZ MAT (APPLIED RESEARCH/EXPLORATORY DEVELOPMENT)
AT82,R&D-TRANS OF HAZARD MAT-A RES/EXPL
AT83,R&D-TRANS OF HAZARD MAT-ADV DEV
AT83,R&D- OTHER TRANSPORTATION: TRANSPORTING HAZARDOUS MATERIALS (ADVANCED DEVELOPMENT)
AT84,R&D- OTHER TRANSPORTATION: TRANSPORTING HAZARDOUS MATERIALS (ENGINEERING DEVELOPMENT)
AT84,R&D-TRANS OF HAZARD MAT-ENG DEV
AT85,R&D- OTHER TRANSPORTATION: TRANSPORTING HAZARDOUS MATERIALS (OPERATIONAL SYSTEMS DEVELOPMENT)
AT85,R&D-TRANS OF HAZARD MAT-OPSY DEV
AT86,R&D- OTHER TRANSPORTATION: TRANSPORTING HAZARDOUS MATERIALS (MANAGEMENT/SUPPORT)
AT86,R&D-TRANS OF HAZARD MAT-MGMT SUP
AT87,R&D- OTHER TRANSPORTATION: TRANSPORTING HAZARDOUS MATS (COMMERCIALIZED)
AT87,RDTE/Trans - Hazardous Mats - Operational Sy Dev
AT90,R&D-OTHER GENERAL TRANS
AT91,R&D-OTHER GENERAL TRANS-B RES
AT91,R&D- OTHER TRANSPORTATION: OTHER GENERAL (BASIC RESEARCH)
AT92,R&D-OTHER GENERAL TRANS-A RES/EXPL
AT92,R&D- OTHER TRANSPORTATION: OTHER GENERAL (APPLIED RESEARCH/EXPLORATORY DEVELOPMENT)
AT93,R&D- OTHER TRANSPORTATION: OTHER GENERAL (ADVANCED DEVELOPMENT)
AT93,R&D-OTHER GENERAL TRANS-ADV DEV
AT94,R&D-OTHER GENERAL TRANS-ENG DEV
AT94,R&D- OTHER TRANSPORTATION: OTHER GENERAL (ENGINEERING DEVELOPMENT)
AT95,R&D- OTHER TRANSPORTATION: OTHER GENERAL (OPERATIONAL SYSTEMS DEVELOPMENT)
AT95,R&D-OTHER GENERAL TRANS-OPSY DEV
AT96,R&D- OTHER TRANSPORTATION: OTHER GENERAL (MANAGEMENT/SUPPORT)
AT96,R&D-OTHER GENERAL TRANS-MGMT SUP
AT97,R&D- OTHER TRANSPORTATION: OTHER GENERAL (COMMERCIALIZED)
AT97,R&D-OTHER GENERAL TRANS-COMERCLIZ
AU,TRANSPORTATION (OBSOLETE GROUP)
AU10,R&D-TRANS OF HAZARD MAT
AU11,R&D-TRANS OF HAZARD MAT-RESEARCH
AU12,R&D-TRANS OF HAZARD MAT-EXPL DEV
AU13,R&D-TRANS OF HAZARD MAT-ADV DEV
AU14,R&D-TRANS OF HAZARD MAT-ENG DEV
AU15,R&D-TRANS OF HAZARD MAT-OPSY DEV
AU16,R&D-TRANS OF HAZARD MAT-MGMT SUP
AU17,R&D-TRANS OF HAZARD MAT-COMERCLIZ
AU90,R&D-OTHER COMMODITY TRANS
AU91,R&D-OTHER COMMODITY TRANS-RESEARCH
AU92,R&D-OTHER COMMODITY TRANS-EXPL DEV
AU93,R&D-OTHER COMMODITY TRANS-ADV DEV
AU94,R&D-OTHER COMMODITY TRANS-ENG DEV
AU95,R&D-OTHER COMMODITY TRANS-OPSY DEV
AU96,R&D-OTHER COMMODITY TRANS-MGMT SUP
AU97,R&D-OTHER COMMODITY TRANS-COMERCLIZ
AV,MINING R&D
AV10,R&D-SUBSURFACE MINING EQ
AV11,SUBSURFACE MINING EQUIPMENT (BASIC)
AV11,R&D- MINING: SUBSURFACE MINING EQUIPMENT (BASIC RESEARCH)
AV12,R&D-SUBSURFACE MINING EQ-A RES/EXPL
AV12,R&D- MINING: SUBSURFACE MINING EQUIPMENT (APPLIED RESEARCH/EXPLORATORY DEVELOPMENT)
AV13,R&D-SUBSURFACE MINING EQ-ADV DEV
AV13,R&D- MINING: SUBSURFACE MINING EQUIPMENT (ADVANCED DEVELOPMENT)
AV14,R&D-SUBSURFACE MINING EQ-ENG DEV
AV14,R&D- MINING: SUBSURFACE MINING EQUIPMENT (ENGINEERING DEVELOPMENT)
AV15,R&D- MINING: SUBSURFACE MINING EQUIPMENT (OPERATIONAL SYSTEMS DEVELOPMENT)
AV15,R&D-SUBSURFACE MINING EQ-OPSY DEV
AV16,R&D- MINING: SUBSURFACE MINING EQUIPMENT (MANAGEMENT/SUPPORT)
AV16,R&D-SUBSURFACE MINING EQ-MGMT SUP
AV17,R&D-SUBSURFACE MINING EQ-COMERCLIZ
AV17,R&D- MINING: SUBSURFACE MINING EQUIPMENT (COMMERCIALIZED)
AV20,R&D-SURFACE MINING EQ
AV21,SURFACE MINING EQUIPMENT (BASIC)
AV21,R&D- MINING: SURFACE MINING EQUIPMENT (BASIC RESEARCH)
AV22,R&D-SURFACE MINING EQ-A RES/EXPL DE
AV22,R&D- MINING: SURFACE MINING EQUIPMENT (APPLIED RESEARCH/EXPLORATORY DEVELOPMENT)
AV23,SURFACE MINING EQUIPMENT (ADVANCED)
AV23,R&D- MINING: SURFACE MINING EQUIPMENT (ADVANCED DEVELOPMENT)
AV24,R&D-SURFACE MINING EQ-ENG DEV
AV24,R&D- MINING: SURFACE MINING EQUIPMENT (ENGINEERING DEVELOPMENT)
AV25,R&D- MINING: SURFACE MINING EQUIPMENT (OPERATIONAL SYSTEMS DEVELOPMENT)
AV25,R&D-SURFACE MINING EQ-OPSY DEV
AV26,R&D- MINING: SURFACE MINING EQUIPMENT (MANAGEMENT/SUPPORT)
AV26,R&D-SURFACE MINING EQ-MGMT SUP
AV27,R&D- MINING: SURFACE MINING EQUIPMENT (COMMERCIALIZED)
AV27,R&D-SURFACE MINING EQ-COMERCLIZ
AV30,R&D-SUBSURF MINING METHS
AV31,R&D- MINING: SUBSURFACE MINING METHODS (BASIC RESEARCH)
AV31,SUBSURFACE MINING METHODS (BASIC)
AV32,R&D-SUBSURF MINING METHS-A RES/EXPL
AV32,R&D- MINING: SUBSURFACE MINING METHODS (APPLIED RESEARCH/EXPLORATORY DEVELOPMENT)
AV33,R&D-SUBSURF MINING METHS-ADV DEV
AV33,R&D- MINING: SUBSURFACE MINING METHODS (ADVANCED DEVELOPMENT)
AV34,R&D- MINING: SUBSURFACE MINING METHODS (ENGINEERING DEVELOPMENT)
AV34,R&D-SUBSURF MINING METHS-ENG DEV
AV35,R&D- MINING: SUBSURFACE MINING METHODS (OPERATIONAL SYSTEMS DEVELOPMENT)
AV35,R&D-SUBSURF MINING METHS-OPSY DEV
AV36,R&D- MINING: SUBSURFACE MINING METHODS (MANAGEMENT/SUPPORT)
AV36,R&D-SUBSURF MINING METHS-MGMT SUP
AV37,R&D-SUBSURF MINING METHS-COMERCLIZ
AV37,R&D- MINING: SUBSURFACE MINING METHODS (COMMERCIALIZED)
AV40,R&D-SURFACE MINING METHS
AV41,SURFACE MINING METHODS (BASIC)
AV41,R&D- MINING: SURFACE MINING METHODS (BASIC RESEARCH)
AV42,R&D-SURFACE MINING METHS-A RES/EXPL
AV42,R&D- MINING: SURFACE MINING METHODS (APPLIED RESEARCH/EXPLORATORY DEVELOPMENT)
AV43,SURFACE MINING METHODS (ADVANCED)
AV43,R&D- MINING: SURFACE MINING METHODS (ADVANCED DEVELOPMENT)
AV44,R&D-SURFACE MINING METHS-ENG DEV
AV44,R&D- MINING: SURFACE MINING METHODS (ENGINEERING DEVELOPMENT)
AV45,R&D- MINING: SURFACE MINING METHODS (OPERATIONAL SYSTEMS DEVELOPMENT)
AV45,R&D-SURFACE MINING METHS-OPSY DEV
AV46,R&D-SURFACE MINING METHS-MGMT SUP
AV46,R&D- MINING: SURFACE MINING METHODS (MANAGEMENT/SUPPORT)
AV47,R&D- MINING: SURFACE MINING METHODS (COMMERCIALIZED)
AV47,R&D-SURFACE MINING METHS-COMERCLIZ
AV50,R&D-MINING RECLAM METHS
AV51,R&D- MINING: MINING RECLAMATION METHODS (BASIC RESEARCH)
AV51,MINING RECLAMATION METHODS (BASIC)
AV52,R&D-MINING RECLAM METHS-A RES/EXPL
AV52,R&D- MINING: MINING RECLAMATION METHODS (APPLIED RESEARCH/EXPLORATORY DEVELOPMENT)
AV53,R&D-MINING RECLAM METHS-ADV DEV
AV53,R&D- MINING: MINING RECLAMATION METHODS (ADVANCED DEVELOPMENT)
AV54,R&D-MINING RECLAM METHS-ENG DEV
AV54,R&D- MINING: MINING RECLAMATION METHODS (ENGINEERING DEVELOPMENT)
AV55,R&D-MINING RECLAM METHS-OPSY DEV
AV55,R&D- MINING: MINING RECLAMATION METHODS (OPERATIONAL SYSTEMS DEVELOPMENT)
AV56,R&D- MINING: MINING RECLAMATION METHODS (MANAGEMENT/SUPPORT)
AV56,R&D-MINING RECLAM METHS-MGMT SUP
AV57,R&D-MINING RECLAM METHS-COMERCLIZ
AV57,R&D- MINING: MINING RECLAMATION METHODS (COMMERCIALIZED)
AV60,R&D-MINING SAFETY
AV61,R&D- MINING: MINING SAFETY (BASIC RESEARCH)
AV61,MINING SAFETY (BASIC)
AV62,MINING SAFETY (APPLIED/EXPLORATORY)
AV62,R&D- MINING: MINING SAFETY (APPLIED RESEARCH/EXPLORATORY DEVELOPMENT)
AV63,R&D- MINING: MINING SAFETY (ADVANCED DEVELOPMENT)
AV63,MINING SAFETY (ADVANCED)
AV64,R&D- MINING: MINING SAFETY (ENGINEERING DEVELOPMENT)
AV64,MINING SAFETY (ENGINEERING)
AV65,MINING SAFETY (OPERATIONAL)
AV65,R&D- MINING: MINING SAFETY (OPERATIONAL SYSTEMS DEVELOPMENT)
AV66,MINING SAFETY (MANAGEMENT/SUPPORT)
AV66,R&D- MINING: MINING SAFETY (MANAGEMENT/SUPPORT)
AV67,R&D- MINING: MINING SAFETY (COMMERCIALIZED)
AV67,R&D-MINING SAFETY-COMERCLIZ
AV70,R&D-MINING-METALLURGICAL
AV71,R&D- MINING: METALLURGICAL (BASIC RESEARCH)
AV71,METALLURGICAL (BASIC)
AV72,METALLURGICAL (APPLIED/EXPLORATORY)
AV72,R&D- MINING: METALLURGICAL (APPLIED RESEARCH/EXPLORATORY DEVELOPMENT)
AV73,R&D- MINING: METALLURGICAL (ADVANCED DEVELOPMENT)
AV73,METALLURGICAL (ADVANCED)
AV74,METALLURGICAL (ENGINEERING)
AV74,R&D- MINING: METALLURGICAL (ENGINEERING DEVELOPMENT)
AV75,R&D- MINING: METALLURGICAL (OPERATIONAL SYSTEMS DEVELOPMENT)
AV75,METALLURGICAL (OPERATIONAL)
AV76,METALLURGICAL (MANAGEMENT/SUPPORT)
AV76,R&D- MINING: METALLURGICAL (MANAGEMENT/SUPPORT)
AV77,R&D-MINING-METALLURGICAL-COMERCLIZ
AV77,R&D- MINING: METALLURGICAL (COMMERCIALIZED)
AV90,R&D-OTHER MINING ACTIV
AV91,R&D- MINING: OTHER MINING ACTIVITIES (BASIC RESEARCH)
AV91,OTHER MINING ACTIVITIES (BASIC)
AV92,R&D-OTHER MINING ACTIV-A RES/EXPL D
AV92,R&D- MINING: OTHER MINING ACTIVITIES (APPLIED RESEARCH/EXPLORATORY DEVELOPMENT)
AV93,OTHER MINING ACTIVITIES (ADVANCED)
AV93,R&D- MINING: OTHER MINING ACTIVITIES (ADVANCED DEVELOPMENT)
AV94,R&D-OTHER MINING ACTIV-ENG DEV
AV94,R&D- MINING: OTHER MINING ACTIVITIES (ENGINEERING DEVELOPMENT)
AV95,R&D- MINING: OTHER MINING ACTIVITIES (OPERATIONAL SYSTEMS DEVELOPMENT)
AV95,R&D-OTHER MINING ACTIV-OPSY DEV
AV96,R&D-OTHER MINING ACTIV-MGMT SUP
AV96,R&D- MINING: OTHER MINING ACTIVITIES (MANAGEMENT/SUPPORT)
AV97,R&D- MINING: OTHER MINING ACTIVITIES (COMMERCIALIZED)
AV97,R&D-OTHER MINING ACTIV-COMERCLIZ
AZ,OTHER RESEARCH/DEVELOPMENT
AZ10,R&D-OTHER R & D
AZ11,R&D-OTHER R & D-B RES
AZ11,R&D- OTHER RESEARCH AND DEVELOPMENT (BASIC RESEARCH)
AZ12,R&D- OTHER RESEARCH AND DEVELOPMENT (APPLIED RESEARCH/EXPLORATORY DEVELOPMENT)
AZ12,R&D-OTHER R & D-A RES/EXPL DEV
AZ13,R&D- OTHER RESEARCH AND DEVELOPMENT (ADVANCED DEVELOPMENT)
AZ13,R&D-OTHER R & D-ADV DEV
AZ14,R&D-OTHER R & D-ENG DEV
AZ14,R&D- OTHER RESEARCH AND DEVELOPMENT (ENGINEERING DEVELOPMENT)
AZ15,R&D- OTHER RESEARCH AND DEVELOPMENT (OPERATIONAL SYSTEMS DEVELOPMENT)
AZ15,R&D-OTHER R & D-OPSY DEV
AZ16,R&D-OTHER R & D-MGMT SUP
AZ16,R&D- OTHER RESEARCH AND DEVELOPMENT (MANAGEMENT/SUPPORT)
AZ17,R&D-OTHER R & D-COMERCLIZ
AZ17,R&D- OTHER RESEARCH AND DEVELOPMENT (COMMERCIALIZED)
B,"SPECIAL STUDIES/ANALYSIS, NOT R&D"
B5,SPECIAL STUDIES - NOT R and D
B502,SPECIAL STUDIES/ANALYSIS- AIR QUALITY
B502,AIR QUALITY Analysis
B503,STUDY/ARCHEOLOGICAL-PALEONTOLOGICAL
B503,SPECIAL STUDIES/ANALYSIS- ARCHEOLOGICAL/PALEONTOLOGICAL
B504,STUDY/CHEMICAL-BIOLOGICAL
B504,SPECIAL STUDIES/ANALYSIS- CHEMICAL/BIOLOGICAL
B505,COST BENEFIT ANALYSIS
B505,SPECIAL STUDIES/ANALYSIS- COST BENEFIT
B506,SPECIAL STUDIES/ANALYSIS- DATA (OTHER THAN SCIENTIFIC)
B506,STUDY/DATA - OTHER THAN SCIENTIFIC
B507,ECONOMIC STUDIES
B507,SPECIAL STUDIES/ANALYSIS- ECONOMIC
B509,SPECIAL STUDIES/ANALYSIS- ENDANGERED SPECIES: PLANT/ANIMAL
B509,STUDY/ENDANGERED SPECIES-PLANT/ANIM
B510,SPECIAL STUDIES/ANALYSIS- ENVIRONMENTAL ASSESSMENTS
B510,STUDY/ENVIRONMENTAL ASSESSMENTS
B511,
B512,
B513,SPECIAL STUDIES/ANALYSIS- FEASIBILITY (NON-CONSTRUCTION)
B513,STUDY/FEASIBILITY - NON-CONTRUCT
B516,SPECIAL STUDIES/ANALYSIS- ANIMAL/FISHERIES
B516,ANIMAL AND FISHERIES STUDIES
B517,SPECIAL STUDIES/ANALYSIS- GEOLOGICAL
B517,GEOLOGICAL STUDIES
B518,SPECIAL STUDIES/ANALYSIS- GEOPHYSICAL
B518,GEOPHYSICAL STUDIES
B519,GEOTECHNICAL STUDIES
B519,SPECIAL STUDIES/ANALYSIS- GEOTECHNICAL
B520,GRAZING/RANGE STUDIES
B520,SPECIAL STUDIES/ANALYSIS- GRAZING/RANGE
B521,SPECIAL STUDIES/ANALYSIS- HISTORICAL
B521,HISTORICAL STUDIES
B522,LEGAL STUDIES
B522,SPECIAL STUDIES/ANALYSIS- LEGAL
B524,SPECIAL STUDIES/ANALYSIS- MATHEMATICAL/STATISTICAL
B524,MATHEMATICAL/STATISTICAL Analysis
B525,SPECIAL STUDIES/ANALYSIS- NATURAL RESOURCE
B525,NATURAL RESOURCE STUDIES
B526,SPECIAL STUDIES/ANALYSIS- OCEANOLOGICAL
B526,OCEANOLOGICAL STUDIES
B527,SPECIAL STUDIES/ANALYSIS- RECREATION
B527,RECREATION STUDIES
B528,REGULATORY STUDIES
B528,SPECIAL STUDIES/ANALYSIS- REGULATORY
B529,SPECIAL STUDIES/ANALYSIS- SCIENTIFIC DATA
B529,SCIENTIFIC DATA STUDIES
B530,SEISMOLOGICAL STUDIES
B530,SPECIAL STUDIES/ANALYSIS- SEISMOLOGICAL
B532,SOIL STUDIES
B532,SPECIAL STUDIES/ANALYSIS- SOIL
B533,WATER QUALITY STUDIES
B533,SPECIAL STUDIES/ANALYSIS- WATER QUALITY
B534,WILDLIFE STUDIES
B534,SPECIAL STUDIES/ANALYSIS- WILDLIFE
B537,MEDICAL AND HEALTH STUDIES
B537,SPECIAL STUDIES/ANALYSIS- MEDICAL/HEALTH
B538,SPECIAL STUDIES/ANALYSIS- INTELLIGENCE
B538,INTELLIGENCE STUDIES
B539,AERONAUTIC/SPACE STUDIES
B539,SPECIAL STUDIES/ANALYSIS- AERONAUTICAL/SPACE
B540,SPECIAL STUDIES/ANALYSIS- BUILDING TECHNOLOGY
B540,BUILDING TECHNOLOGY STUDIES
B541,SPECIAL STUDIES/ANALYSIS- DEFENSE
B541,DEFENSE STUDIES
B542,SPECIAL STUDIES/ANALYSIS- EDUCATIONAL
B542,EDUCATIONAL STUDIES AND Analysis
B543,SPECIAL STUDIES/ANALYSIS- ENERGY
B543,ENERGY STUDIES
B544,TECHNOLOGY STUDIES
B544,SPECIAL STUDIES/ANALYSIS- TECHNOLOGY
B545,STUDY/HOUSING AND COMMUNITY DEVELOP
B545,SPECIAL STUDIES/ANALYSIS- HOUSING/COMMUNITY DEVELOPMENT
B546,SPECIAL STUDIES/ANALYSIS- SECURITY (PHYSICAL/PERSONAL)
B546,STUDY/SECURITY (PHYSICAL & PERSONAL
B547,SPECIAL STUDIES/ANALYSIS- ACCOUNTING/FINANCIAL MANAGEMENT
B547,STUDY/ACCOUNTING/FINANCIAL MGT
B548,TRADE ISSUE STUDIES
B548,SPECIAL STUDIES/ANALYSIS- TRADE ISSUE
B549,STUDY/FOREIGN & NAT'L SECURITY POL
B549,SPECIAL STUDIES/ANALYSIS- FOREIGN/NATIONAL SECURITY POLICY
B550,SPECIAL STUDIES/ANALYSIS- ORGANIZATION/ADMINISTRATIVE/PERSONNEL
B550,STUDY/ORGANIZATION/ADMIN/PERSONNEL
B551,SPECIAL STUDIES/ANALYSIS- MOBILIZATION/PREPAREDNESS
B551,MOBILIZATION/PREPAREDNESS STUDIES
B552,MANPOWER STUDIES
B552,SPECIAL STUDIES/ANALYSIS- MANPOWER
B553,SPECIAL STUDIES/ANALYSIS- COMMUNICATIONS
B553,COMMUNICATIONS STUDIES
B554,STUDY/ACQUISITION POLICY/PROCEDURES
B554,SPECIAL STUDIES/ANALYSIS- ACQUISITION POLICY/PROCEDURES
B555,ELDERLY/HANDICAPPED STUDIES
B555,SPECIAL STUDIES/ANALYSIS- ELDERLY/HANDICAPPED
B599,OTHER SPECIAL STUDIES AND Analysis
B599,SPECIAL STUDIES/ANALYSIS- OTHER
C,ARCHITECT/ENGINEER SERVICES
C1,ARCH-ENG SVCS - CONSTRUCTION
C111,BLDGS & FAC / ADMIN & SVC BLDGS
C112,"BLDGS & FAC / AIRFIELD, COM & MSL F"
C113,EDUCATIONAL BUILDINGS
C114,HOSPITAL BUILDINGS
C115,INDUSTRIAL BUILDINGS
C116,RESIDENTIAL BUILDINGS
C117,WAREHOUSE BUILDINGS
C118,RESEARCH AND DEVELOPMENT FACILITIES
C119,OTHER BUILDINGS
C121,CONSERVATION AND DEVELOPMENT
C122,"HIGHWAY, ROADS, STREETS, BRIDGES, A"
C123,ELECTRIC POWER GENERATION (EPG)
C124,UTILITIES
C129,OTHER NON-BUILDING STRUCTURES
C130,RESTORATION
C1AA,ARCHITECT AND ENGINEERING- CONSTRUCTION: OFFICE BUILDINGS
C1AB,ARCHITECT AND ENGINEERING- CONSTRUCTION: CONFERENCE SPACE AND FACILITIES
C1AZ,ARCHITECT AND ENGINEERING- CONSTRUCTION: OTHER ADMINISTRATIVE FACILITIES/SERVICE BUILDINGS
C1BA,ARCHITECT AND ENGINEERING- CONSTRUCTION: AIR TRAFFIC CONTROL TOWERS
C1BB,ARCHITECT AND ENGINEERING- CONSTRUCTION: AIR TRAFFIC CONTROL TRAINING FACILITIES
C1BC,ARCHITECT AND ENGINEERING- CONSTRUCTION: RADAR AND NAVIGATIONAL FACILITIES
C1BD,ARCHITECT AND ENGINEERING- CONSTRUCTION: AIRPORT RUNWAYS AND TAXIWAYS
C1BE,ARCHITECT AND ENGINEERING- CONSTRUCTION: AIRPORT TERMINALS
C1BF,ARCHITECT AND ENGINEERING- CONSTRUCTION: MISSILE SYSTEM FACILITIES
C1BG,ARCHITECT AND ENGINEERING- CONSTRUCTION: ELECTRONIC AND COMMUNICATIONS FACILITIES
C1BZ,ARCHITECT AND ENGINEERING- CONSTRUCTION: OTHER AIRFIELD STRUCTURES
C1CA,ARCHITECT AND ENGINEERING- CONSTRUCTION: SCHOOLS
C1CZ,ARCHITECT AND ENGINEERING- CONSTRUCTION: OTHER EDUCATIONAL BUILDINGS
C1DA,ARCHITECT AND ENGINEERING- CONSTRUCTION: HOSPITALS AND INFIRMARIES
C1DB,ARCHITECT AND ENGINEERING- CONSTRUCTION: LABORATORIES AND CLINICS
C1DZ,ARCHITECT AND ENGINEERING- CONSTRUCTION: OTHER HOSPITAL BUILDINGS
C1EA,ARCHITECT AND ENGINEERING- CONSTRUCTION: AMMUNITION FACILITIES
C1EB,ARCHITECT AND ENGINEERING- CONSTRUCTION: MAINTENANCE BUILDINGS
C1EC,ARCHITECT AND ENGINEERING- CONSTRUCTION: PRODUCTION BUILDINGS
C1ED,ARCHITECT AND ENGINEERING- CONSTRUCTION: SHIP CONSTRUCTION AND REPAIR FACILITIES
C1EE,ARCHITECT AND ENGINEERING- CONSTRUCTION: TANK AUTOMOTIVE FACILITIES
C1EZ,ARCHITECT AND ENGINEERING- CONSTRUCTION: OTHER INDUSTRIAL BUILDINGS
C1FA,ARCHITECT AND ENGINEERING- CONSTRUCTION: FAMILY HOUSING FACILITIES
C1FB,ARCHITECT AND ENGINEERING- CONSTRUCTION: RECREATIONAL BUILDINGS
C1FC,ARCHITECT AND ENGINEERING- CONSTRUCTION: TROOP HOUSING FACILITIES
C1FD,ARCHITECT AND ENGINEERING- CONSTRUCTION: DINING FACILITIES
C1FE,ARCHITECT AND ENGINEERING- CONSTRUCTION: RELIGIOUS FACILITIES
C1FF,ARCHITECT AND ENGINEERING- CONSTRUCTION: PENAL FACILITIES
C1FZ,ARCHITECT AND ENGINEERING- CONSTRUCTION: OTHER RESIDENTIAL BUILDINGS
C1GA,ARCHITECT AND ENGINEERING- CONSTRUCTION: AMMUNITION STORAGE BUILDINGS
C1GB,ARCHITECT AND ENGINEERING- CONSTRUCTION: FOOD OR GRAIN STORAGE BUILDINGS
C1GC,ARCHITECT AND ENGINEERING- CONSTRUCTION: FUEL STORAGE BUILDINGS
C1GD,ARCHITECT AND ENGINEERING- CONSTRUCTION: OPEN STORAGE FACILITIES
C1GZ,ARCHITECT AND ENGINEERING- CONSTRUCTION: OTHER WAREHOUSE BUILDINGS
C1HA,ARCHITECT AND ENGINEERING- CONSTRUCTION: GOVERNMENT-OWNED CONTRACTOR-OPERATED (GOCO) R&D FACS
C1HB,ARCHITECT AND ENGINEERING- CONSTRUCTION: GOVERNMENT-OWNED GOVERNMENT-OPERATED (GOGO) R&D FACS
C1HC,ARCHITECT AND ENGINEERING- CONSTRUCTION: GOVT-OWNED CTR-OPERATED (GOCO) ENVIRONMENTAL LABORATORIES
C1HZ,ARCHITECT AND ENGINEERING- CONSTRUCTION: GOVT-OWNED GOVT-OPERATED (GOGO) ENVIRONMENTAL LABORATORIES
C1JA,ARCHITECT AND ENGINEERING- CONSTRUCTION: MUSEUMS AND EXHIBITION BUILDINGS
C1JB,ARCHITECT AND ENGINEERING- CONSTRUCTION: TESTING AND MEASUREMENT BUILDINGS
C1JZ,ARCHITECT AND ENGINEERING- CONSTRUCTION: MISCELLANEOUS BUILDINGS
C1KA,ARCHITECT AND ENGINEERING- CONSTRUCTION: DAMS
C1KB,ARCHITECT AND ENGINEERING- CONSTRUCTION: CANALS
C1KC,ARCHITECT AND ENGINEERING- CONSTRUCTION: MINE FIRE CONTROL FACILITIES
C1KD,ARCHITECT AND ENGINEERING- CONSTRUCTION: MINE SUBSIDENCE CONTROL FACILITIES
C1KE,ARCHITECT AND ENGINEERING- CONSTRUCTION: SURFACE MINE RECLAMATION FACILITIES
C1KF,ARCHITECT AND ENGINEERING- CONSTRUCTION: DREDGING FACILITIES
C1KZ,ARCHITECT AND ENGINEERING- CONSTRUCTION: OTHER CONSERVATION AND DEVELOPMENT FACILITIES
C1LA,ARCHITECT AND ENGINEERING- CONSTRUCTION: AIRPORT SERVICE ROADS
C1LB,"ARCHITECT AND ENGINEERING- CONSTRUCTION: HIGHWAYS, ROADS, STREETS, BRIDGES, AND RAILWAYS"
C1LC,ARCHITECT AND ENGINEERING- CONSTRUCTION: TUNNELS AND SUBSURFACE STRUCTURES
C1LZ,ARCHITECT AND ENGINEERING- CONSTRUCTION: PARKING FACILITIES
C1MA,ARCHITECT AND ENGINEERING- CONSTRUCTION: EPG FACILITIES - COAL
C1MB,ARCHITECT AND ENGINEERING- CONSTRUCTION: EPG FACILITIES - GAS
C1MC,ARCHITECT AND ENGINEERING- CONSTRUCTION: EPG FACILITIES - GEOTHERMAL
C1MD,ARCHITECT AND ENGINEERING- CONSTRUCTION: EPG FACILITIES - HYDRO
C1ME,ARCHITECT AND ENGINEERING- CONSTRUCTION: EPG FACILITIES - NUCLEAR
C1MF,ARCHITECT AND ENGINEERING- CONSTRUCTION: EPG FACILITIES - PETROLEUM
C1MG,ARCHITECT AND ENGINEERING- CONSTRUCTION: EPG FACILITIES - SOLAR
C1MH,ARCHITECT AND ENGINEERING- CONSTRUCTION: EPG FACILITIES - WIND
C1MZ,"ARCHITECT AND ENGINEERING- CONSTRUCTION: EPG FACILITIES - OTHER, INCLUDING TRANSMISSION"
C1NA,ARCHITECT AND ENGINEERING- CONSTRUCTION: FUEL SUPPLY FACILITIES
C1NB,ARCHITECT AND ENGINEERING- CONSTRUCTION: HEATING AND COOLING PLANTS
C1NC,ARCHITECT AND ENGINEERING- CONSTRUCTION: POLLUTION ABATEMENT AND CONTROL FACILITIES
C1ND,ARCHITECT AND ENGINEERING- CONSTRUCTION: SEWAGE AND WASTE FACILITIES
C1NE,ARCHITECT AND ENGINEERING- CONSTRUCTION: WATER SUPPLY FACILITIES
C1NZ,ARCHITECT AND ENGINEERING- CONSTRUCTION: OTHER UTILITIES
C1PA,ARCHITECT AND ENGINEERING- CONSTRUCTION: RECREATIONAL FACILITIES (NON-BUILDING)
C1PB,ARCHITECT AND ENGINEERING- CONSTRUCTION: EXHIBIT DESIGN (NON-BUILDING)
C1PC,ARCHITECT AND ENGINEERING- CONSTRUCTION: UNIMPROVED REAL PROPERTY (LAND)
C1PD,ARCHITECT AND ENGINEERING- CONSTRUCTION: WASTE TREATMENT AND STORAGE FACILITIES
C1PZ,ARCHITECT AND ENGINEERING- CONSTRUCTION: OTHER NON-BUILDING FACILITIES
C1QA,ARCHITECT AND ENGINEERING- CONSTRUCTION: RESTORATION OF REAL PROPERTY (PUBLIC OR PRIVATE)
C2,ARCH-ENG SVCS - GENERAL
C211,"ARCHITECT AND ENGINEERING- GENERAL: LANDSCAPING, INTERIOR LAYOUT, AND DESIGNING"
C211,A/E SVCS. (INCL LANDSCAPING INTERIO
C212,"ARCHITECT AND ENGINEERING- GENERAL: ENGINEERING DRAFTING, NOT CAD/CAM"
C212,ENGINEERING DRAFTING SERVICES
C213,ARCHITECT AND ENGINEERING- GENERAL: INSPECTION (NON-CONSTRUCTION)
C213,A/E - INSPECT - NON CONTRUCT
C214,ARCHITECT AND ENGINEERING- GENERAL: MANAGEMENT ENGINEERING
C214,A&E MANAGEMENT ENGINEERING SERVICES
C215,A/E PROD ENG SVCS (INCL DESIGN-CONT
C215,ARCHITECT AND ENGINEERING- GENERAL: PRODUCTION ENGINEERING
C216,A/E - MARINE ENGINEERING
C216,ARCHITECT AND ENGINEERING- GENERAL: MARINE ENGINEERING
C217,A/E - MAPPING
C218,A/E - SURVEYING
C219,ARCHITECT AND ENGINEERING- GENERAL: OTHER
C219,OTHER ARCHITECTS & ENGIN GEN
C220,ARCHITECT AND ENGINEERING- GENERAL: STRUCTURAL ENGINEERING
C221,ARCHITECT AND ENGINEERING- GENERAL: PLUMBING SYSTEMS
C222,ARCHITECT AND ENGINEERING- GENERAL: ELECTRICAL SYSTEMS
C223,ARCHITECT AND ENGINEERING- GENERAL: MECHANICAL SYSTEMS
D,ADP AND TELECOMMUNICATIONS
D,IT AND TELECOM - INFORMATION TECHNOLOGY AND TELECOMMUNICATIONS
D3,ADP AND TELECOMMUNICATIONS
D301,ADP FACILITY MANAGEMENT
D301,IT AND TELECOM- FACILITY OPERATION AND MAINTENANCE
D302,IT AND TELECOM- SYSTEMS DEVELOPMENT
D302,ADP SYSTEMS DEVELOPMENT SERVICES
D303,ADP DATA ENTRY SERVICES
D303,IT AND TELECOM- DATA ENTRY
D304,IT AND TELECOM- TELECOMMUNICATIONS AND TRANSMISSION
D304,ADP SVCS/TELECOMM & TRANSMISSION
D305,"IT AND TELECOM – TELEPROCESSING, TIMESHARE, CLOUD COMPUTING, AND HIGH PERFORMANCE COMPUTING"
D305,"IT AND TELECOM- TELEPROCESSING, TIMESHARE, AND CLOUD COMPUTING"
D305,ADP TELEPROCESSING & TIMESHARE
D306,ADP SYSTEMS ANALYSIS SERVICES
D306,IT AND TELECOM- SYSTEMS ANALYSIS
D307,AUTOMATED INFORMATION SYSTEM SVCS
D307,IT AND TELECOM- IT STRATEGY AND ARCHITECTURE
D308,PROGRAMMING SERVICES
D308,IT AND TELECOM- PROGRAMMING
D309,"ADP INF, BROADCAST & DIST SVCS"
D309,IT AND TELECOM- INFORMATION AND DATA BROADCASTING OR DATA DISTRIBUTION
D310,ADP BACKUP AND SECURITY SERVICES
D310,IT AND TELECOM- CYBER SECURITY AND DATA BACKUP
D311,IT AND TELECOM- DATA CONVERSION
D311,ADP DATA CONVERSION SERVICES
D312,ADP OPTICAL SCANNING SERVICES
D312,IT AND TELECOM- OPTICAL SCANNING
D313,IT AND TELECOM- COMPUTER AIDED DESIGN/COMPUTER AIDED MANUFACTURING (CAD/CAM)
D313,COMPUTER AIDED DESGN/MFG SVCS
D314,ADP ACQUISITION SUP SVCS
D314,IT AND TELECOM- SYSTEM ACQUISITION SUPPORT
D315,DIGITIZING SVCS
D315,IT AND TELECOM- DIGITIZING
D316,TELECOMMUNICATION NETWORK MGMT SVCS
D316,IT AND TELECOM- TELECOMMUNICATIONS NETWORK MANAGEMENT
D317,"AUTO NEWS, DATA & OTHER SVCS"
D317,IT AND TELECOM- WEB-BASED SUBSCRIPTION
D318,"IT AND TELECOM- INTEGRATED HARDWARE/SOFTWARE/SERVICES SOLUTIONS, PREDOMINANTLY SERVICES"
D319,IT AND TELECOM- ANNUAL SOFTWARE MAINTENANCE SERVICE PLANS
D320,IT AND TELECOM- ANNUAL HARDWARE MAINTENANCE SERVICE PLANS
D321,IT AND TELECOM- HELP DESK
D322,IT AND TELECOM- INTERNET
D324,IT AND TELECOM- BUSINESS CONTINUITY
D325,IT AND TELECOM- DATA CENTERS AND STORAGE
D399,OTHER ADP & TELECOMMUNICATIONS SVCS
D399,IT AND TELECOM- OTHER IT AND TELECOMMUNICATIONS
DA,IT AND TELECOM - APLLICATIONS
DA01,IT AND TELECOM - BUSINESS APPLICATION/APPLICATION DEVELOPMENT SUPPORT SERVICES (LABOR)
DA10,IT AND TELECOM - BUSINESS APPLICATION/APPLICATION DEVELOPMENT SOFTWARE AS A SERVICE
DB,IT AND TELECOM - COMPUTE
DB01,IT AND TELECOM - HIGH PERFORMANCE COMPUTING (HPC) SUPPORT SERVICES (LABOR)
DB02,"IT AND TELECOM - COMPUTE SUPPORT SERVICES, NON-HPC (LABOR)"
DB10,IT AND TELECOM - COMPUTE AS A SERVICE: MAINFRAME/SERVERS
DC,IT AND TELECOM - DATA CENTER
DC01,IT AND TELECOM - DATA CENTER SUPPORT SERVICES (LABOR)
DC10,IT AND TELECOM - DATA CENTER AS A SERVICE
DD,IT AND TELECOM - DELIVERY
DD01,"IT AND TELECOM - SERVICE DELIVERY SUPPORT SERVICES: ITSM, OPERATIONS CENTER, PROJECT/PM (LABOR)"
DE,IT AND TELECOM - END USER
DE01,"IT and Telecom - End User: Help Desk; Tier 1-2, Workspace, Print, Productivity Tool (Labor)"
DE01,"IT and Telecom - End User: Help Desk; Tier 1-2, Workspace, Print, Output, Productivity Tools (Labor)"
DE02,IT AND TELECOM - MOBILE DEVICE SUPPORT SERVICES (LABOR)
DE10,"IT and Telecom - End User as a Service: Help Desk; Tier 1-2, Workspace, Print, Productivity Tools"
DE10,"IT and Telecom - End User as a Service: Help Desk;Tier 1-2,Workspace,Print,Output,Productivity Tools"
DE11,IT AND TELECOM - MOBILE DEVICE AS A SERVICE
DF,IT AND TELECOM - IT MANAGEMENT
DF01,IT AND TELECOM - IT MANAGEMENT SUPPORT SERVICES (LABOR)
DF10,IT AND TELECOM - IT MANAGEMENT AS A SERVICE
DG,IT AND TELECOM - NETWORK
DG01,IT AND TELECOM - NETWORK SUPPORT SERVICES (LABOR)
DG10,IT AND TELECOM - NETWORK AS A SERVICE
DG11,IT and Telecom - Network: Telecom Access Services
DG11,IT and Telecom - Network: Satellite Communications and Telecom Access Services
DH,IT AND TELECOM - PLATFORM
DH01,"IT AND TELECOM - PLATFORM SUPPORT SERVICES: DATABASE, MAINFRAME, MIDDLEWARE (LABOR)"
DH10,"IT AND TELECOM - PLATFORM AS A SERVICE: DATABASE, MAINFRAME, MIDDLEWARE"
DJ,IT AND TELECOM - SECURITY AND COMPLIANCE
DJ01,IT and Telecom - Security and Compliance Support Services (Labor)
DJ01,IT AND TELECOM - SECURITY AND COMPLIANCE SUPPORT SERVICES (LABOR)
DJ10,IT and Telecom - Security and Compliance As a Service
DJ10,IT AND TELECOM - SECURITY AND COMPLIANCE AS A SERVICE
DK,IT AND TELECOM - STORAGE
DK01,IT AND TELECOM - STORAGE SUPPORT SERVICES (LABOR)
DK10,IT AND TELECOM - STORAGE AS A SERVICE
E,PURCHASE OF STRUCTURES/FACILITIES
E1,PURCHASE BUILDINGS
E111,PURCHASE OF OFFICE BUILDINGS
E112,PURCH OF GOVT CONF SPACE & FAC
E119,PURCH OF GOVT OTHER ADMIN-SVC BLDGS
E121,PURCH OF GOVT AIR TRAFFIC TOWERS
E122,PURCH OF GOVT AIR TRAFFIC TNG FAC
E123,PURCH OF GOVT RADAR & NAV FACILITY
E124,PURCHASE OF AIRPORT RUNWAYS
E125,PURCHASE OF AIRPORT TERMINALS
E126,PURCH OF GOVT MISSILE SYSTEMS FAC
E127,PURCH OF GOVT ELCT & COMM SYS FAC
E129,PURCH OF GOVT OTHER AIRFIELD STRUCT
E131,PURCHASE OF SCHOOLS
E139,PURCH OF GOVT OTHER EDUCATIONAL BLD
E141,PURCH OF GOVT HOSPITALS & INFIRMARY
E142,PURCH OF GOVT LABS & CLINICS
E149,PURCH OF GOVT OTHER HOSPITAL BLDGS
E151,PURCHASE OF AMMUNITION FACILITIES
E152,PURCHASE OF MAINTENANCE BUILDINGS
E153,PURCHASE OF PRODUCTION BUILDINGS
E154,PURCH OF GOVT SHIP CONST-REP FAC
E155,PURCH OF GOVT TANK AUTOMOTIVE FAC
E159,PURCH OF GOVT OTHER INDUSTRIAL BLDG
E161,PURCH OF GOVT FAMILY HOUSING
E162,PURCHASE OF RECREATIONAL BUILDINGS
E163,PURCH OF GOVT TROOP HOUSING
E164,PURCHASE OF DINING FACILITIES
E165,PURCHASE OF RELIGIOUS FACILITIES
E166,PURCHASE OF PENAL FACILITIES
E169,PURCH OF GOVT OTHER RESIDENTIAL BLD
E171,PURCH OF GOVT AMMO STORAGE BLDGS
E172,PURCH OF GOVT FOOD STORAGE BLDGS
E173,PURCHASE OF FUEL STORAGE BUILDINGS
E174,PURCHASE OF OPEN STORAGE FACILITIES
E179,PURCH OF GOVT OTHER WAREHOUSE BLDGS
E181,PURCH OF GOVT R&D GOCO FACILITIES
E182,PURCH OF GOVT R&D GOGO FACILITIES
E183,PURCH OF GOVT R&D GOCO ENVIR LABS
E184,PURCH OF GOVT R&D GOGO ENVIR LABS
E191,PURCH OF GOVT EXHIBITION BUILDINGS
E192,PURCH OF GOVT TEST BUILDINGS
E199,PURCHASE OF MISCELLANEOUS BUILDINGS
E1AA,PURCHASE OF OFFICE BUILDINGS
E1AB,PURCHASE OF CONFERENCE SPACE AND FACILITIES
E1AZ,PURCHASE OF OTHER ADMINISTRATIVE FACILITIES AND SERVICE BUILDINGS
E1BA,PURCHASE OF AIR TRAFFIC CONTROL TOWERS
E1BB,PURCHASE OF AIR TRAFFIC CONTROL TRAINING FACILITIES
E1BC,PURCHASE OF RADAR AND NAVIGATIONAL FACILITIES
E1BD,PURCHASE OF AIRPORT RUNWAYS AND TAXIWAYS
E1BE,PURCHASE OF AIRPORT TERMINALS
E1BF,PURCHASE OF MISSILE SYSTEM FACILITIES
E1BG,PURCHASE OF ELECTRONIC AND COMMUNICATIONS FACILITIES
E1BZ,PURCHASE OF OTHER AIRFIELD STRUCTURES
E1CA,PURCHASE OF SCHOOLS
E1CZ,PURCHASE OF OTHER EDUCATIONAL BUILDINGS
E1DA,PURCHASE OF HOSPITALS AND INFIRMARIES
E1DB,PURCHASE OF LABORATORIES AND CLINICS
E1DZ,PURCHASE OF OTHER HOSPITAL BUILDINGS
E1EA,PURCHASE OF AMMUNITION FACILITIES
E1EB,PURCHASE OF MAINTENANCE BUILDINGS
E1EC,PURCHASE OF PRODUCTION BUILDINGS
E1ED,PURCHASE OF SHIP CONSTRUCTION AND REPAIR FACILITIES
E1EE,PURCHASE OF TANK AUTOMOTIVE FACILITIES
E1EZ,PURCHASE OF OTHER INDUSTRIAL BUILDINGS
E1FA,PURCHASE OF FAMILY HOUSING FACILITIES
E1FB,PURCHASE OF RECREATIONAL BUILDINGS
E1FC,PURCHASE OF TROOP HOUSING FACILITIES
E1FD,PURCHASE OF DINING FACILITIES
E1FE,PURCHASE OF RELIGIOUS FACILITIES
E1FF,PURCHASE OF PENAL FACILITIES
E1FZ,PURCHASE OF OTHER RESIDENTIAL BUILDINGS
E1GA,PURCHASE OF AMMUNITION STORAGE BUILDINGS
E1GB,PURCHASE OF FOOD OR GRAIN STORAGE BUILDINGS
E1GC,PURCHASE OF FUEL STORAGE BUILDINGS
E1GD,PURCHASE OF OPEN STORAGE FACILITIES
E1GZ,PURCHASE OF OTHER WAREHOUSE BUILDINGS
E1HA,PURCHASE OF GOVERNMENT-OWNED CONTRACTOR-OPERATED (GOCO) R&D FACILITIES
E1HB,PURCHASE OF GOVERNMENT-OWNED GOVERNMENT-OPERATED (GOGO) R&D FACILITIES
E1HC,PURCHASE OF GOVERNMENT-OWNED CONTRACTOR-OPERATED (GOCO) ENVIRONMENTAL LABORATORIES
E1HZ,PURCHASE OF GOVERNMENT-OWNED GOVERNMENT-OPERATED (GOGO) ENVIRONMENTAL LABORATORIES
E1JA,PURCHASE OF MUSEUMS AND EXHIBITION BUILDINGS
E1JB,PURCHASE OF TESTING AND MEASUREMENT BUILDINGS
E1JZ,PURCHASE OF MISCELLANEOUS BUILDINGS
E1KA,PURCHASE OF DAMS
E1KB,PURCHASE OF CANALS
E1KC,PURCHASE OF MINE FIRE CONTROL FACILITIES
E1KD,PURCHASE OF MINE SUBSIDENCE CONTROL FACILITIES
E1KE,PURCHASE OF SURFACE MINE RECLAMATION FACILITIES
E1KF,PURCHASE OF DREDGING FACILITIES
E1KZ,PURCHASE OF OTHER CONSERVATION AND DEVELOPMENT FACILITIES
E1LA,PURCHASE OF AIRPORT SERVICE ROADS
E1LB,"PURCHASE OF HIGHWAYS, ROADS, STREETS, BRIDGES, AND RAILWAYS"
E1LC,PURCHASE OF TUNNELS AND SUBSURFACE STRUCTURES
E1LZ,PURCHASE OF PARKING FACILITIES
E1MA,PURCHASE OF EPG FACILITIES - COAL
E1MB,PURCHASE OF EPG FACILITIES - GAS
E1MC,PURCHASE OF EPG FACILITIES - GEOTHERMAL
E1MD,PURCHASE OF EPG FACILITIES - HYDRO
E1ME,PURCHASE OF EPG FACILITIES - NUCLEAR
E1MF,PURCHASE OF EPG FACILITIES - PETROLEUM
E1MG,PURCHASE OF EPG FACILITIES - SOLAR
E1MH,PURCHASE OF EPG FACILITIES - WIND
E1MZ,"PURCHASE OF EPG FACILITIES - OTHER, INCLUDING TRANSMISSION"
E1NA,PURCHASE OF FUEL SUPPLY FACILITIES
E1NB,PURCHASE OF HEATING AND COOLING PLANTS
E1NC,PURCHASE OF POLLUTION ABATEMENT AND CONTROL FACILITIES
E1ND,PURCHASE OF SEWAGE AND WASTE FACILITIES
E1NE,PURCHASE OF WATER SUPPLY FACILITIES
E1NZ,PURCHASE OF OTHER UTILITIES
E1PA,PURCHASE OF RECREATIONAL FACILITIES (NON-BUILDING)
E1PB,PURCHASE OF EXHIBIT DESIGN (NON-BUILDING)
E1PC,PURCHASE OF UNIMPROVED REAL PROPERTY (LAND)
E1PD,PURCHASE OF WASTE TREATMENT AND STORAGE FACILITIES
E1PZ,PURCHASE OF OTHER NON-BUILDING FACILITIES
E1QA,PURCHASE OF RESTORATION OF REAL PROPERTY (PUBLIC OR PRIVATE)
E2,PURCHASE FACILITY NOT A BUILDING
E211,PURCHASE OF DAMS
E212,PURCHASE OF CANALS
E213,PURCH OF GOVT MINE FIRE CONT
E214,PURCH OF GOVT MINE SUBSIDENCE CONT
E215,PURCH OF GOVT SURFACE MINE RECLAM
E216,PURCHASE OF DREDGING
E219,PURCH OF GOVT OTHER CONSV STRUCTURE
E221,PURCHASE OF AIRPORT SERVICE ROADS
E222,PURCH OF GOVT HWYS-RDS-STS-BRDGS-RA
E223,PURCH OF GOVT TUNNELS-SUBSURF STRUC
E224,PURCH OF GOVT PARKING FACILITIES
E231,PURCHASE OF EPG FACILITIES - COAL
E232,PURCHASE OF EPG FACILITIES - GAS
E233,PURCH OF GOVT EPG - GEOTHERMAL
E234,PURCHASE OF EPG FACILITIES - HYDRO
E235,PURCH OF GOVT EPG - NUCLEAR
E236,PURCH OF GOVT EPG - PETROLEUM
E237,PURCHASE OF EPG FACILITIES - SOLAR
E239,PURCH OF GOVT EPG - OTHER
E241,PURCHASE OF FUEL SUPPLY FACILITIES
E242,PURCH OF GOVT HEATING & COOL PLANTS
E243,PURCH OF GOVT POLLUTION ABATEMENT
E244,PURCH OF GOVT SEWAGE & WASTE
E245,PURCHASE OF WATER SUPPLY FACILITIES
E249,PURCHASE OF OTHER UTILITIES
E291,PURCH OF GOVT RECREA NON-BLDG STRUC
E292,PURCH OF GOVT EXHIBIT (NON BLDG)
E293,PURCH OF GOVT UNIMPROVED REAL PROP
E294,PURCH OF GOVT WASTE TRMT-STORE FAC
E299,PURCH OF GOVT ALL OTHR NON-BLDG FAC
E3,PURCH RESTORATION OF REAL PROPERTY
E300,PURCH OF GOVT RESTORATION
F,NATURAL RESOURCES MANAGEMENT
F0,NATURAL RESOURCE CONSERVERVAT SVCS
F001,AERIAL FERTILIZATION - SPRAYING
F001,NATURAL RESOURCES/CONSERVATION- AERIAL FERTILIZATION/SPRAYING
F002,AERIAL SEEDING SERVICES
F002,NATURAL RESOURCES/CONSERVATION- AERIAL SEEDING
F003,FOREST-RANGE FIRE SUPPRESSION
F003,NATURAL RESOURCES/CONSERVATION- FOREST-RANGE FIRE SUPPRESSION/PRESUPPRESSION
F004,FOREST-RANGE FIRE REHABILITATION
F004,NATURAL RESOURCES/CONSERVATION- FOREST/RANGE FIRE REHABILITATION (NON-CONSTRUCTION)
F005,FOREST TREE PLANTING SERVICES
F005,NATURAL RESOURCES/CONSERVATION- FOREST TREE PLANTING
F006,LAND TREATMENT PRACTICES
F006,NATURAL RESOURCES/CONSERVATION- LAND TREATMENT PRACTICES
F007,NATURAL RESOURCES/CONSERVATION- RANGE SEEDING (GROUND EQUIPMENT)
F007,RANGE SEEDING - GROUND EQ
F008,RECREATION SITE MAINT/NON-CONSTR
F008,NATURAL RESOURCES/CONSERVATION- RECREATION SITE MAINTENANCE (NON-CONSTRUCTION)
F009,NATURAL RESOURCES/CONSERVATION- SEED COLLECTION/PRODUCTION
F009,SEED COLLECTION/PRODUCTION SERVICES
F010,SEEDLING PRODUCTION-TRANSPLANTING
F010,NATURAL RESOURCES/CONSERVATION- SEEDLING PRODUCTION/TRANSPLANTING
F011,SURFACE MINING RECLAM/NON-CONSTR
F011,NATURAL RESOURCES/CONSERVATION- SURFACE MINING RECLAMATION (NON-CONSTRUCTION)
F012,NATURAL RESOURCES/CONSERVATION- SURVEY LINE CLEARING
F012,SURVEY LINE CLEARING SERVICES
F013,NATURAL RESOURCES/CONSERVATION- TREE BREEDING
F013,TREE BREEDING SERVICES
F014,NATURAL RESOURCES/CONSERVATION- TREE THINNING
F014,TREE THINNING SERVICES
F015,WELL DRILLING/EXPLORATORY SERVICES
F015,NATURAL RESOURCES/CONSERVATION- WELL DRILLING/EXPLORATORY
F016,NATURAL RESOURCES/CONSERVATION- WILDHORSE/BURRO CONTROL
F016,WILDHORSE/BURRO CONTROL SERVICES
F018,NATURAL RESOURCES/CONSERVATION- OTHER FOREST/RANGE IMPROVEMENTS (NON-CONSTRUCTION)
F018,OTHER RANGE-FOREST IMPROV/NON-CONST
F019,NATURAL RESOURCES/CONSERVATION- OTHER WILDLIFE MANAGEMENT
F019,OTHER WILDLIFE MANAGEMENT SERVICES
F020,NATURAL RESOURCES/CONSERVATION- FISHERIES RESOURCES MANAGEMENT
F020,FISHERIES RES MGMT
F021,NATURAL RESOURCES/CONSERVATION- SITE PREPARATION
F021,SITE PREPARATION
F022,FISH HATCHERY SERVICES
F022,NATURAL RESOURCES/CONSERVATION- FISH HATCHERY
F099,OTHER NAT RES MGMT & CONSERV
F099,NATURAL RESOURCES/CONSERVATION- OTHER
F1,ENVIRONMENTAL SYSTEMS PROTECTION
F101,ENVIRONMENTAL SYSTEMS PROTECTION- AIR QUALITY SUPPORT
F101,AIR QUALITY SUPPORT SERVICES
F102,IND INVEST SURV/TCH SUP
F103,ENVIRONMENTAL SYSTEMS PROTECTION- WATER QUALITY SUPPORT
F103,WATER QUALITY SUPPORT SERVICES
F104,IND INVEST SURV/TCH SUP
F105,PESTICIDES SUPPORT SERVICES
F105,ENVIRONMENTAL SYSTEMS PROTECTION- PESTICIDES SUPPORT
F106,TOXIC SUBSTANCES SUPPORT SERVICES
F107,ENVIRONMENTAL SYSTEMS PROTECTION- TOXIC AND HAZARDOUS SUBSTANCE ANALYSIS
F107,HAZARDOUS SUBSTANCE ANALYSIS
F108,ENVIRONMENTAL SYSTEMS PROTECTION- ENVIRONMENTAL REMEDIATION
F108,HARZ REMV/CLEAN-UP/DISP/OP
F109,ENVIRONMENTAL SYSTEMS PROTECTION- LEAKING UNDERGROUND STORAGE TANK SUPPORT
F109,LEAK UNDERGRND STORE TANK SUP
F110,"ENVIRON SYS PROTECT- DEVELOPMENT OF ENVIRON IMPACT STMTS/ASSESSMENTS, TECH ANALYSIS/ENVIRON AUDITS"
F110,DEV ENVIR IMPACT STMT/ASSESS
F111,MULT POL IND INVST SURV/TECH SUP
F111,ENVIRONMENTAL SYSTEMS PROTECTION- MULTIPLE POLLUTANT SUPPORT
F112,OIL SPILL RESPONSE
F112,ENVIRONMENTAL SYSTEMS PROTECTION- OIL SPILL RESPONSE
F113,ENVIRONMENTAL SYSTEMS PROTECTION- WETLANDS CONSERVATION AND SUPPORT
F114,ENVIRONMENTAL SYSTEMS PROTECTION- ENVIRONMENTAL LICENSING AND PERMITTING
F115,ENVIRONMENTAL SYSTEMS PROTECTION- ENVIRONMENTAL CONSULTING AND LEGAL SUPPORT
F199,
F201,
F202,
F203,
F299,
F301,
F401,
F501,
F502,
F503,
F504,
F599,
F9,NATURAL RESOURCES - OTHER SVCS
F901,
F902,
F903,
F999,OTHER ENVIRONMENTAL SERVICES
F999,OTHER ENVIR SVC/STUD/SUP
G,SOCIAL SERVICES
G0,SOCIAL SERVICES
G001,CARE OF REMAINS AND/OR FUNERAL SVCS
G001,SOCIAL- CARE OF REMAINS AND/OR FUNERAL
G002,SOCIAL- CHAPLAIN
G002,CHAPLAIN SERVICES
G003,RECREATIONAL SERVICES
G003,SOCIAL- RECREATIONAL
G004,SOCIAL- SOCIAL REHABILITATION
G004,SOCIAL REHABILITATION SERVICES
G005,SOCIAL- GERIATRIC
G005,GERIATRIC SERVICES
G006,GOVERNMENT LIFE INSURANCE PROGRAMS
G006,SOCIAL- GOVERNMENT LIFE INSURANCE PROGRAMS
G007,GOVT HEALTH INS PROGRAMS
G007,SOCIAL- GOVERNMENT HEALTH INSURANCE PROGRAMS
G008,OTHER GOVERNMENT INSURANCE PROGRAMS
G008,SOCIAL- GOVERNMENT INSURANCE PROGRAMS: OTHER
G009,NON-GOVERNMENT INSURANCE PROGRAMS
G009,SOCIAL- NON-GOVERNMENT INSURANCE PROGRAMS
G010,DIR AID TRIBAL GOVT-DI (PL93-638)
G010,SOCIAL- DIRECT AID TO TRIBAL GOVERNMENTS (PL 93-638)
G099,SOCIAL- OTHER
G099,OTHER SOCIAL SERVICES
H,"QUALITY CONTROL, TEST, INSPECTION"
H1,QUALITY CONTROL SERVICES
H110,QUALITY CONTROL SERVICES: WEAPONS
H110,QUALITY CONTROL- WEAPONS
H111,QUALITY CONTROL- NUCLEAR ORDNANCE
H111,QUALITY CONT SV/NUCLEAR ORDNANCE
H112,QUALITY CONTROL- FIRE CONTROL EQUIPMENT
H112,QUALITY CONT SV/FIRE CONTROL EQ
H113,QUALITY CONTROL- AMMUNITION AND EXPLOSIVES
H113,QUALITY CONT SV/AMMO & EXPLOSIVES
H114,QUALITY CONTROL- GUIDED MISSILES
H114,QUALITY CONT SV/GUIDED MISSILES
H115,QUALITY CONT SV/AIRCRAFT
H115,QUALITY CONTROL- AIRCRAFT AND AIRFRAME STRUCTURAL COMPONENTS
H116,QUALITY CONT SV/AIRCRAFT COMPONENTS
H116,QUALITY CONTROL- AIRCRAFT COMPONENTS AND ACCESSORIES
H117,"QUALITY CONTROL- AIRCRAFT LAUNCHING, LANDING, AND GROUND HANDLING EQUIPMENT"
H117,QUALITY CONT SV/AIRCRAFT GROUND EQ
H118,QUALITY CONTROL- SPACE VEHICLES
H118,QUALITY CONT SV/SPACE VEHICLES
H119,QUALITY CONT SV/SHIPS-CRAFT-DOCKS
H119,"QUALITY CONTROL- SHIPS, SMALL CRAFT, PONTOONS, AND FLOATING DOCKS"
H120,QUALITY CONTROL- SHIP AND MARINE EQUIPMENT
H120,QUALITY CONT SV/SHIP & MARINE EQ
H122,QUALITY CONTROL- RAILWAY EQUIPMENT
H122,QUALITY CONT SV/RAILWAY EQ
H123,QUALITY CONT SV/VEHICLE-TRAILER-CYC
H123,"QUALITY CONTROL- GROUND EFFECT VEHICLES, MOTOR VEHICLES, TRAILERS, AND CYCLES"
H124,QUALITY CONTROL SERVICES: TRACTORS
H124,QUALITY CONTROL- TRACTORS
H125,QUALITY CONTROL- VEHICULAR EQUIPMENT COMPONENTS
H125,QUALITY CONT SV/VEHICULAR EQ
H126,QUALITY CONT SV/TIRES & TUBES
H126,QUALITY CONTROL- TIRES AND TUBES
H128,QUALITY CONT SV/ENGINES & TURBINES
H128,"QUALITY CONTROL- ENGINES, TURBINES, AND COMPONENTS"
H129,QUALITY CONT SV/ENGINE ACCESSORIES
H129,QUALITY CONTROL- ENGINE ACCESSORIES
H130,QUALITY CONTROL- MECHANICAL POWER TRANSMISSION EQUIPMENT
H130,QUALITY CONT SV/MECH POWER TRANS EQ
H131,QUALITY CONTROL SERVICES: BEARINGS
H131,QUALITY CONTROL- BEARINGS
H132,QUALITY CONT SV/WOODWORKING MACHINE
H132,QUALITY CONTROL- WOODWORKING MACHINERY AND EQUIPMENT
H134,QUALITY CONTROL- METALWORKING MACHINERY
H134,QUALITY CONT SV/METALWORK MACHINE
H135,QUALITY CONTROL- SERVICE AND TRADE EQUIPMENT
H135,QUALITY CONT SV/SERVICE & TRADE EQ
H136,QUALITY CONTROL- SPECIAL INDUSTRY MACHINERY
H136,QUALITY CONT SV/SP INDUSTRY MACHINE
H137,QUALITY CONTROL- AGRICULTURAL MACHINERY AND EQUIPMENT
H137,QUALITY CONT SV/AGRICULTURE MACHINE
H138,QUALITY CONT SV/CONTRUCT EQ
H138,"QUALITY CONTROL- CONSTRUCTION, MINING, EXCAVATING, AND HIGHWAY MAINTENANCE EQUIPMENT"
H139,QUALITY CONTROL- MATERIALS HANDLING EQUIPMENT
H139,QUALITY CONT SV/MATERIAL HANDLIN EQ
H140,QUALITY CONT SV/ROPE-CABLE-CHAIN
H140,"QUALITY CONTROL- ROPE, CABLE, CHAIN, AND FITTINGS"
H141,QUALITY CONT SV/REFRIGERATION-AC EQ
H141,"QUALITY CONTROL- REFRIGERATION, AIR CONDITIONING, AND AIR CIRCULATING EQUIPMENT"
H142,QUALITY CONTROL- FIRE FIGHTING/RESCUE/SAFETY EQUIPMENT; ENVIRON PROTECT EQUIPMENT/MATLS
H142,QUALITY CONT SV/FIRE-RESCUE-SAFE EQ
H143,QUALITY CONT SV/PUMPS & COMPRESSORS
H143,QUALITY CONTROL- PUMPS AND COMPRESSORS
H144,"QUALITY CONTROL- FURNACE, STEAM PLANT, AND DRYING EQUIPMENT; NUCLEAR REACTORS"
H144,QUALITY CONT SV/FURNACE-NUC REACTOR
H145,"QUALITY CONTROL- PLUMBING, HEATING, AND WASTE DISPOSAL EQUIPMENT"
H145,QUALITY CONT SV/PLUMBING-HEATING EQ
H146,QUALITY CONT SV/WATER PURIFYING EQ
H146,QUALITY CONTROL- WATER PURIFICATION AND SEWAGE TREATMENT EQUIPMENT
H147,QUALITY CONT SV/PIPE-TUBING-HOSE
H147,"QUALITY CONTROL- PIPE, TUBING, HOSE, AND FITTINGS"
H148,QUALITY CONTROL- VALVES
H148,QUALITY CONTROL SERVICES: VALVES
H149,QUALITY CONTROL- MAINTENANCE AND REPAIR SHOP EQUIPMENT
H149,QUALITY CONT SV/MAINT REPAIR SHOP E
H151,QUALITY CONTROL- HAND TOOLS
H151,QUALITY CONT SV/HAND TOOLS
H152,QUALITY CONT SV/MEASURING TOOLS
H152,QUALITY CONTROL- MEASURING TOOLS
H153,QUALITY CONT SV/HARDWARE & ABRASIVE
H153,QUALITY CONTROL- HARDWARE AND ABRASIVES
H154,QUALITY CONT SV/PREFAB STRUCTURES
H154,QUALITY CONTROL- PREFABRICATED STRUCTURES AND SCAFFOLDING
H155,QUALITY CONT SV/LUMBER & MILLWORK
H155,"QUALITY CONTROL- LUMBER, MILLWORK, PLYWOOD, AND VENEER"
H156,QUALITY CONTROL- CONSTRUCTION AND BUILDING MATERIALS
H156,QUALITY CONT SV/CONTRUCT MATERIAL
H158,"QUALITY CONTROL- COMMUNICATION, DETECTION, AND COHERENT RADIATION EQUIPMENT"
H158,QUALITY CONT SV/COMMUNICATION EQ
H159,QUALITY CONT SV/ELECT-ELCT EQ
H159,QUALITY CONTROL- ELECTRICAL AND ELECTRONIC EQUIPMENT COMPONENTS
H160,"QUALITY CONTROL- FIBER OPTICS MATERIALS, COMPONENTS, ASSEMBLIES, AND ACCESSORIES"
H160,QUALITY CONT SV/FIBER OPTICS MATER
H161,QUALITY CONT SV/POWER DISTRIBUTE EQ
H161,QUALITY CONTROL- ELECTRIC WIRE AND POWER DISTRIBUTION EQUIPMENT
H162,QUALITY CONT SV/LIGHTING FIXTURES
H162,QUALITY CONTROL- LIGHTING FIXTURES AND LAMPS
H163,"QUALITY CONTROL- ALARM, SIGNAL, AND SECURITY DETECTION SYSTEMS"
H163,QUALITY CONT SV/ALARM & SIGNAL SYS
H165,"QUALITY CONTROL- MEDICAL, DENTAL, AND VETERINARY EQUIPMENT AND SUPPLIES"
H165,QUALITY CONT SV/MEDICAL-DENTAL-VET
H166,QUALITY CONTROL- INSTRUMENTS AND LABORATORY EQUIPMENT
H166,QUALITY CONT SV/INSTRUMENT & LAB EQ
H167,QUALITY CONTROL- PHOTOGRAPHIC EQUIPMENT
H167,QUALITY CONT SV/PHOTOGRAPHIC EQ
H168,QUALITY CONT SV/CHEMICAL PRODUCTS
H168,QUALITY CONTROL- CHEMICALS AND CHEMICAL PRODUCTS
H169,QUALITY CONTROL- TRAINING AIDS AND DEVICES
H169,QUALITY CONT SV/TRAINING AID-DEVICE
H170,QUALITY CONT SV/ADP EQ & SUPPLIES
H170,QUALITY CONTROL- ADP EQUIPMENT/SOFTWARE/SUPPLIES/SUPPORT EQUIPMENT
H171,QUALITY CONTROL SERVICES: FURNITURE
H171,QUALITY CONTROL- FURNITURE
H172,QUALITY CONT SV/HOUSEHOLD FURNISH
H172,QUALITY CONTROL- HOUSEHOLD AND COMMERCIAL FURNISHINGS AND APPLIANCES
H173,QUALITY CONT SV/FOOD PREP-SERVE EQ
H173,QUALITY CONTROL- FOOD PREPARATION AND SERVING EQUIPMENT
H174,QUALITY CONT SV/OFFICE MACHINES
H174,"QUALITY CONTROL- OFFICE MACHINES, TEXT PROCESSING SYSTEMS, AND VISIBLE RECORD EQUIPMENT"
H175,QUALITY CONT SV/OFFICE SUPPLIES
H175,QUALITY CONTROL- OFFICE SUPPLIES AND DEVICES
H176,"QUALITY CONTROL- BOOKS, MAPS, AND OTHER PUBLICATIONS"
H176,QUALITY CONT SV/BOOKS-MAPS-PUBS
H177,QUALITY CONT SV/MUSIC INST-RADIO-TV
H177,QUALITY CONTROL- MUSICAL INST/PHONOGRAPH/HOME RADIO
H178,QUALITY CONTROL- RECREATIONAL AND ATHLETIC EQUIPMENT
H178,QUALITY CONT SV/RECREATIONAL EQ
H179,QUALITY CONTROL- CLEANING EQUIPMENT AND SUPPLIES
H179,QUALITY CONT SV/CLEANING EQ
H180,"QUALITY CONTROL- BRUSHES, PAINTS, SEALERS, AND ADHESIVES"
H180,QUALITY CONT SV/BRUSH-PAINT-SEALER
H181,QUALITY CONT SV/CONTAINER-PACKAGING
H181,"QUALITY CONTROL- CONTAINERS, PACKAGING, AND PACKING SUPPLIES"
H183,QUALITY CONT SV/TEXTILE-LEATHER-FUR
H183,"QUALITY CONTROL- TEXTILES, LEATHER, FURS, APPAREL AND SHOE FINDINGS, TENTS AND FLAGS"
H184,QUALITY CONT SV/CLOTH - INDIVID EQ
H184,"QUALITY CONTROL- CLOTHING, INDIVIDUAL EQUIPMENT, AND INSIGNIA"
H185,QUALITY CONTROL- TOILETRIES
H185,QUALITY CONT SV/TOILETRIES
H187,QUALITY CONT SV/AGRICULTURAL SUPPLY
H187,QUALITY CONTROL- AGRICULTURAL SUPPLIES
H188,QUALITY CONT SV/LIVE ANIMALS
H188,QUALITY CONTROL- LIVE ANIMALS
H189,QUALITY CONTROL- SUBSISTENCE
H189,QUALITY CONT SV/SUBSISTENCE
H191,"QUALITY CONTROL- FUELS, LUBRICANTS, OILS, AND WAXES"
H191,QUALITY CONT SV/FUEL-LUBRICANT-OIL
H193,QUALITY CONT SV/NONMETALIC FAB MAT
H193,QUALITY CONTROL- NONMETALLIC FABRICATED MATERIALS
H194,QUALITY CONTROL- NONMETALLIC CRUDE MATERIALS
H194,QUALITY CONT SV/NONMETAL CRUDE MAT
H195,QUALITY CONT SV/METAL BARS & SHEETS
H195,"QUALITY CONTROL- METAL BARS, SHEETS, AND SHAPES"
H196,QUALITY CONT SV/ORES & MINERALS
H196,"QUALITY CONTROL- ORES, MINERALS, AND THEIR PRIMARY PRODUCTS"
H199,QUALITY CONT SV/MISC EQ
H199,QUALITY CONTROL- MISCELLANEOUS
H2,EQUIPMENT AND MATERIALS TESTING
H210,EQ TEST SVCS/WEAPONS
H210,EQUIPMENT AND MATERIALS TESTING- WEAPONS
H211,EQUIPMENT AND MATERIALS TESTING- NUCLEAR ORDNANCE
H211,EQ TEST SVCS/NUCLEAR ORDNANCE
H212,EQ TEST SVCS/FIRE CONT EQUIP
H212,EQUIPMENT AND MATERIALS TESTING- FIRE CONTROL EQUIPMENT
H213,EQ TEST SVCS/AMMO & EXPLOSIVES
H213,EQUIPMENT AND MATERIALS TESTING- AMMUNITION AND EXPLOSIVES
H214,EQUIPMENT AND MATERIALS TESTING- GUIDED MISSILES
H214,EQ TEST SVCS/GUIDED MISSILES
H215,EQUIPMENT AND MATERIALS TESTING- AIRCRAFT AND AIRFRAME STRUCTURAL COMPONENTS
H215,EQ TEST SVCS/AIRCRAFT
H216,EQ TEST SVCS/AIRCRAFT COMPONENTS
H216,EQUIPMENT AND MATERIALS TESTING- AIRCRAFT COMPONENTS AND ACCESSORIES
H217,EQ TEST SVCS/AIRCRAFT GROUND EQUIP
H217,"EQUIPMENT AND MATERIALS TESTING- AIRCRAFT LAUNCHING, LANDING, AND GROUND HANDLING EQUIPMENT"
H218,EQ TEST SVCS/SPACE VEHICLES
H218,EQUIPMENT AND MATERIALS TESTING- SPACE VEHICLES
H219,"EQUIPMENT AND MATERIALS TESTING- SHIPS, SMALL CRAFT, PONTOONS, AND FLOATING DOCKS"
H219,EQ TEST SVCS/SHIPS-SML CRAFT-DOCKS
H220,EQUIPMENT AND MATERIALS TESTING- SHIP AND MARINE EQUIPMENT
H220,EQ TEST SVCS/SHIP & MARINE EQUIP
H222,EQUIPMENT AND MATERIALS TESTING- RAILWAY EQUIPMENT
H222,EQ TEST SVCS/RAILWAY EQUIP
H223,EQ TEST SVCS/VEHICLES-TRAILERS-CYC
H223,"EQUIPMENT AND MATERIALS TESTING- GROUND EFFECT VEHICLES, MOTOR VEHICLES, TRAILERS, AND CYCLES"
H224,EQUIPMENT AND MATERIALS TESTING- TRACTORS
H224,EQ TEST SVCS/TRACTORS
H225,EQUIPMENT AND MATERIALS TESTING- VEHICULAR EQUIPMENT COMPONENTS
H225,EQ TEST SVCS/VEHICULAR EQUIP
H226,EQUIPMENT AND MATERIALS TESTING- TIRES AND TUBES
H226,EQ TEST SVCS/TIRES & TUBES
H228,EQ TEST SVCS/ENGINES & TURBINES
H228,"EQUIPMENT AND MATERIALS TESTING- ENGINES, TURBINES, AND COMPONENTS"
H229,EQUIPMENT AND MATERIALS TESTING- ENGINE ACCESSORIES
H229,EQ TEST SVCS/ENGINE ACCESSORIES
H230,EQUIPMENT AND MATERIALS TESTING- MECHANICAL POWER TRANSMISSION EQUIPMENT
H230,EQ TEST SVCS/MECH POWER TRANS EQ
H231,EQ TEST SVCS/BEARINGS
H231,EQUIPMENT AND MATERIALS TESTING- BEARINGS
H232,EQUIPMENT AND MATERIALS TESTING- WOODWORKING MACHINERY AND EQUIPMENT
H232,EQ TEST SVCS/WOODWORKING MACHINE
H234,EQUIPMENT AND MATERIALS TESTING- METALWORKING MACHINERY
H234,EQ TEST SVCS/METALWORK MACHINE
H235,EQ TEST SVCS/SERVICE & TRADE EQUIP
H235,EQUIPMENT AND MATERIALS TESTING- SERVICE AND TRADE EQUIPMENT
H236,EQ TEST SVCS/SP INDUSTRY MACHINERY
H236,EQUIPMENT AND MATERIALS TESTING- SPECIAL INDUSTRY MACHINERY
H237,EQ TEST SVCS/AGRICULTURE MACHINE
H237,EQUIPMENT AND MATERIALS TESTING- AGRICULTURAL MACHINERY AND EQUIPMENT
H238,EQ TEST SVCS/CONTRUCT EQUIP
H238,"EQUIPMENT AND MATERIALS TESTING- CONSTRUCTION, MINING, EXCAVATING, AND HIGHWAY MAINTENANCE EQUIPMENT"
H239,EQ TEST SVCS/MATERIALS HANDLING EQ
H239,EQUIPMENT AND MATERIALS TESTING- MATERIALS HANDLING EQUIPMENT
H240,EQ TEST SVCS/ROPE-CABLE-CHAIN
H240,"EQUIPMENT AND MATERIALS TESTING- ROPE, CABLE, CHAIN, AND FITTINGS"
H241,EQ TEST SVCS/REFRIGERATION - AC EQ
H241,"EQUIPMENT AND MATERIALS TESTING- REFRIGERATION, AIR CONDITIONING, AND AIR CIRCULATING EQUIPMENT"
H242,EQ TEST SVCS/FIRE-RESCUE-SAFETY EQ
H242,EQUIP/MATERIALS TESTING- FIRE FIGHTING/RESCUE/SAFETY EQUIPMENT; ENVIRON PROTECT EQUIPMENT/MATLS
H243,EQ TEST SVCS/PUMPS & COMPRESSORS
H243,EQUIPMENT AND MATERIALS TESTING- PUMPS AND COMPRESSORS
H244,"EQUIPMENT AND MATERIALS TESTING- FURNACE, STEAM PLANT, AND DRYING EQUIPMENT; NUCLEAR REACTORS"
H244,EQ TEST SVCS/FURNACE-NUCLEAR REAC
H245,EQ TEST SVCS/PLUMBING-HEATING EQ
H245,"EQUIPMENT AND MATERIALS TESTING- PLUMBING, HEATING, AND WASTE DISPOSAL EQUIPMENT"
H246,EQUIPMENT AND MATERIALS TESTING- WATER PURIFICATION AND SEWAGE TREATMENT EQUIPMENT
H246,EQ TEST SVCS/WATER PURIFICATION EQ
H247,EQ TEST SVCS/PIPE-TUBING-HOSE
H247,"EQUIPMENT AND MATERIALS TESTING- PIPE, TUBING, HOSE, AND FITTINGS"
H248,EQ TEST SVCS/VALVES
H248,EQUIPMENT AND MATERIALS TESTING- VALVES
H249,EQ TEST SVCS/MAINT REPAIR SHOP EQ
H249,EQUIPMENT AND MATERIALS TESTING- MAINTENANCE AND REPAIR SHOP EQUIPMENT
H251,EQUIPMENT AND MATERIALS TESTING- HAND TOOLS
H251,EQ TEST SVCS/HAND TOOLS
H252,EQ TEST SVCS/MEASURING TOOLS
H252,EQUIPMENT AND MATERIALS TESTING- MEASURING TOOLS
H253,EQ TEST SVCS/HARDWARE & ABRASIVES
H253,EQUIPMENT AND MATERIALS TESTING- HARDWARE AND ABRASIVES
H254,EQ TEST SVCS/PREFAB STRUCTURES
H254,EQUIPMENT AND MATERIALS TESTING- PREFABRICATED STRUCTURES AND SCAFFOLDING
H255,EQ TEST SVCS/LUMBER & MILLWORK
H255,"EQUIPMENT AND MATERIALS TESTING- LUMBER, MILLWORK, PLYWOOD, AND VENEER"
H256,EQUIPMENT AND MATERIALS TESTING- CONSTRUCTION AND BUILDING MATERIALS
H256,EQ TEST SVCS/CONTRUCT MATERIAL
H258,"EQUIPMENT AND MATERIALS TESTING- COMMUNICATION, DETECTION, AND COHERENT RADIATION EQUIPMENT"
H258,EQ TEST SVCS/COMMUNICATION EQUIP
H259,EQUIPMENT AND MATERIALS TESTING- ELECTRICAL AND ELECTRONIC EQUIPMENT COMPONENTS
H259,EQ TEST SVCS/ELECT-ELCT EQUIP
H260,"EQUIPMENT AND MATERIALS TESTING- FIBER OPTICS MATERIALS, COMPONENTS, ASSEMBLIES, AND ACCESSORIES"
H260,EQ TEST SVCS/FIBER OPTICS MATERIAL
H261,EQ TEST SVCS/POWER DISTRIBUTION EQ
H261,EQUIPMENT AND MATERIALS TESTING- ELECTRIC WIRE AND POWER DISTRIBUTION EQUIPMENT
H262,EQ TEST SVCS/LIGHTING FIXTURES
H262,EQUIPMENT AND MATERIALS TESTING- LIGHTING FIXTURES AND LAMPS
H263,"EQUIPMENT AND MATERIALS TESTING- ALARM, SIGNAL, AND SECURITY DETECTION SYSTEMS"
H263,EQ TEST SVCS/ALARM & SIGNAL SYSTEM
H265,"EQUIPMENT AND MATERIALS TESTING- MEDICAL, DENTAL, AND VETERINARY EQUIPMENT AND SUPPLIES"
H265,EQ TEST SVCS/MEDICAL-DENTAL-VET EQ
H266,EQUIPMENT AND MATERIALS TESTING- INSTRUMENTS AND LABORATORY EQUIPMENT
H266,EQ TEST SVCS/INSTRUMENTS & LAB EQ
H267,EQUIPMENT AND MATERIALS TESTING- PHOTOGRAPHIC EQUIPMENT
H267,EQ TEST SVCS/PHOTOGRAPHIC EQUIP
H268,EQ TEST SVCS/CHEMICAL PRODUCTS
H268,EQUIPMENT AND MATERIALS TESTING- CHEMICALS AND CHEMICAL PRODUCTS
H269,EQUIPMENT AND MATERIALS TESTING- TRAINING AIDS AND DEVICES
H269,EQ TEST SVCS/TRAINING AIDS-DEVICES
H270,EQUIPMENT AND MATERIALS TESTING- ADP EQUIPMENT/SOFTWARE/SUPPLIES/SUPPORT EQUIPMENT
H270,EQ TEST SVCS/ADP EQUIP & SUPPLIES
H271,EQ TEST SVCS/FURNITURE
H271,EQUIPMENT AND MATERIALS TESTING- FURNITURE
H272,EQUIPMENT AND MATERIALS TESTING- HOUSEHOLD AND COMMERCIAL FURNISHINGS AND APPLIANCES
H272,EQ TEST SVCS/HOUSEHOLD FURNISHINGS
H273,EQ TEST SVCS/FOOD PREP-SERVING EQ
H273,EQUIPMENT AND MATERIALS TESTING- FOOD PREPARATION AND SERVING EQUIPMENT
H274,"EQUIPMENT/MATERIALS TESTING- OFFICE MACHINES, TEXT PROCESSING SYSTEMS, AND VISIBLE RECORD EQUIPMENT"
H274,EQ TEST SVCS/OFFICE MACHINES
H275,EQ TEST SVCS/OFFICE SUPPLIES
H275,EQUIPMENT AND MATERIALS TESTING- OFFICE SUPPLIES AND DEVICES
H276,EQ TEST SVCS/BOOKS-MAPS-PUBS
H276,"EQUIPMENT AND MATERIALS TESTING- BOOKS, MAPS, AND OTHER PUBLICATIONS"
H277,EQ TEST SVCS/MUSICAL INST-RADIO-TV
H277,EQUIPMENT AND MATERIALS TESTING- MUSICAL INST/PHONOGRAPH/HOME RADIO
H278,EQUIPMENT AND MATERIALS TESTING- RECREATIONAL AND ATHLETIC EQUIPMENT
H278,EQ TEST SVCS/RECREATIONAL EQUIP
H279,EQUIPMENT AND MATERIALS TESTING- CLEANING EQUIPMENT AND SUPPLIES
H279,EQ TEST SVCS/CLEANING EQUIP
H280,EQ TEST SVCS/BRUSHES-PAINTS-SEALER
H280,"EQUIPMENT AND MATERIALS TESTING- BRUSHES, PAINTS, SEALERS, AND ADHESIVES"
H281,EQ TEST SVCS/CONTAINERS-PACKAGING
H281,"EQUIPMENT AND MATERIALS TESTING- CONTAINERS, PACKAGING, AND PACKING SUPPLIES"
H283,"EQUIPMENT AND MATERIALS TESTING- TEXTILES, LEATHER, FURS, APPAREL AND SHOE FINDINGS, TENTS AND FLAGS"
H283,EQ TEST SVCS/TEXTILES-LEATHER-FURS
H284,"EQUIPMENT AND MATERIALS TESTING- CLOTHING, INDIVIDUAL EQUIPMENT, AND INSIGNIA"
H284,EQ TEST SVCS/CLOTHING - INDIVID EQ
H285,EQ TEST SVCS/TOILETRIES
H285,EQUIPMENT AND MATERIALS TESTING- TOILETRIES
H287,EQ TEST SVCS/AGRICULTURAL SUPPLIES
H287,EQUIPMENT AND MATERIALS TESTING- AGRICULTURAL SUPPLIES
H288,EQUIPMENT AND MATERIALS TESTING- LIVE ANIMALS
H288,EQ TEST SVCS/LIVE ANIMALS
H289,EQ TEST SVCS/SUBSISTENCE
H289,EQUIPMENT AND MATERIALS TESTING- SUBSISTENCE
H291,EQ TEST SVCS/FUELS-LUBRICANTS-OILS
H291,"EQUIPMENT AND MATERIALS TESTING- FUELS, LUBRICANTS, OILS, AND WAXES"
H293,EQ TEST SVCS/NONMETALIC FAB MAT
H293,EQUIPMENT AND MATERIALS TESTING- NONMETALLIC FABRICATED MATERIALS
H294,EQUIPMENT AND MATERIALS TESTING- NONMETALLIC CRUDE MATERIALS
H294,EQ TEST SVCS/NONMETALIC CRUDE MAT
H295,EQ TEST SVCS/METAL BARS & SHEETS
H295,"EQUIPMENT AND MATERIALS TESTING- METAL BARS, SHEETS, AND SHAPES"
H296,"EQUIPMENT AND MATERIALS TESTING- ORES, MINERALS, AND THEIR PRIMARY PRODUCTS"
H296,EQ TEST SVCS/ORES & MINERALS
H299,EQUIPMENT AND MATERIALS TESTING- MISCELLANEOUS
H299,EQ TEST SVCS/MISC EQUIP
H3,INSPECTION SERVICES
H310,INSPECTION- WEAPONS
H310,INSPECT SVCS/WEAPONS
H311,INSPECTION- NUCLEAR ORDNANCE
H311,INSPECT SVCS/NUCLEAR ORDNANCE
H312,INSPECTION- FIRE CONTROL EQUIPMENT
H312,INSPECT SVCS/FIRE CONT EQ
H313,INSPECT SVCS/AMMO & EXPLOSIVES
H313,INSPECTION- AMMUNITION AND EXPLOSIVES
H314,INSPECT SVCS/GUIDED MISSILES
H314,INSPECTION- GUIDED MISSILES
H315,INSPECTION- AIRCRAFT AND AIRFRAME STRUCTURAL COMPONENTS
H315,INSPECT SVCS/AIRCRAFT
H316,INSPECTION- AIRCRAFT COMPONENTS AND ACCESSORIES
H316,INSPECT SVCS/AIRCRAFT COMPONENTS
H317,INSPECT SVCS/AIRCRAFT GROUND EQ
H317,"INSPECTION- AIRCRAFT LAUNCHING, LANDING, AND GROUND HANDLING EQUIPMENT"
H318,INSPECTION- SPACE VEHICLES
H318,INSPECT SVCS/SPACE VEHICLES
H319,INSPECT SVCS/SHIPS-SML CRAFT-DOCKS
H319,"INSPECTION- SHIPS, SMALL CRAFT, PONTOONS, AND FLOATING DOCKS"
H320,INSPECT SVCS/SHIP & MARINE EQ
H320,INSPECTION- SHIP AND MARINE EQUIPMENT
H322,INSPECT SVCS/RAILWAY EQ
H322,INSPECTION- RAILWAY EQUIPMENT
H323,"INSPECTION- GROUND EFFECT VEHICLES, MOTOR VEHICLES, TRAILERS, AND CYCLES"
H323,INSPECT SVCS/VEHICLES-TRAILERS-CYC
H324,INSPECT SVCS/TRACTORS
H324,INSPECTION- TRACTORS
H325,INSPECTION- VEHICULAR EQUIPMENT COMPONENTS
H325,INSPECT SVCS/VEHICULAR EQ
H326,INSPECTION- TIRES AND TUBES
H326,INSPECT SVCS/TIRES & TUBES
H328,"INSPECTION- ENGINES, TURBINES, AND COMPONENTS"
H328,INSPECT SVCS/ENGINES & TURBINES
H329,INSPECTION- ENGINE ACCESSORIES
H329,INSPECT SVCS/ENGINE ACCESSORIES
H330,INSPECTION- MECHANICAL POWER TRANSMISSION EQUIPMENT
H330,INSPECT SVCS/MECH POWER TRANS EQ
H331,INSPECTION- BEARINGS
H331,INSPECT SVCS/BEARINGS
H332,INSPECTION- WOODWORKING MACHINERY AND EQUIPMENT
H332,INSPECT SVCS/WOODWORKING MACHINE
H334,INSPECTION- METALWORKING MACHINERY
H334,INSPECT SVCS/METALWORK MACHINE
H335,INSPECT SVCS/SERVICE & TRADE EQ
H335,INSPECTION- SERVICE AND TRADE EQUIPMENT
H336,INSPECTION- SPECIAL INDUSTRY MACHINERY
H336,INSPECT SVCS/SP INDUSTRY MACHINERY
H337,INSPECTION- AGRICULTURAL MACHINERY AND EQUIPMENT
H337,INSPECT SVCS/AGRICULTURE MACHINE
H338,INSPECT SVCS/CONTRUCT EQ
H338,"INSPECTION- CONSTRUCTION, MINING, EXCAVATING, AND HIGHWAY MAINTENANCE EQUIPMENT"
H339,INSPECT SVCS/MATERIALS HANDLING EQ
H339,INSPECTION- MATERIALS HANDLING EQUIPMENT
H340,INSPECT SVCS/ROPE-CABLE-CHAIN
H340,"INSPECTION- ROPE, CABLE, CHAIN, AND FITTINGS"
H341,"INSPECTION- REFRIGERATION, AIR CONDITIONING, AND AIR CIRCULATING EQUIPMENT"
H341,INSPECT SVCS/REFRIGERATION - AC EQ
H342,INSPECT SVCS/FIRE-RESCUE-SAFETY EQ
H342,INSPECTION- FIRE FIGHTING/RESCUE/SAFETY EQUIPMENT; ENVIRON PROTECT EQUIPMENT/MATLS
H343,INSPECTION- PUMPS AND COMPRESSORS
H343,INSPECT SVCS/PUMPS & COMPRESSORS
H344,INSPECT SVCS/FURNACE-NUCLEAR REAC
H344,"INSPECTION- FURNACE, STEAM PLANT, AND DRYING EQUIPMENT; NUCLEAR REACTORS"
H345,INSPECT SVCS/PLUMBING-HEATING EQ
H345,"INSPECTION- PLUMBING, HEATING, AND WASTE DISPOSAL EQUIPMENT"
H346,INSPECT SVCS/WATER PURIFICATION EQ
H346,INSPECTION- WATER PURIFICATION AND SEWAGE TREATMENT EQUIPMENT
H347,INSPECT SVCS/PIPE-TUBING-HOSE
H347,"INSPECTION- PIPE, TUBING, HOSE, AND FITTINGS"
H348,INSPECT SVCS/VALVES
H348,INSPECTION- VALVES
H349,INSPECT SVCS/MAINT REPAIR SHOP EQ
H349,INSPECTION- MAINTENANCE AND REPAIR SHOP EQUIPMENT
H351,INSPECT SVCS/HAND TOOLS
H351,INSPECTION- HAND TOOLS
H352,INSPECTION- MEASURING TOOLS
H352,INSPECT SVCS/MEASURING TOOLS
H353,INSPECTION- HARDWARE AND ABRASIVES
H353,INSPECT SVCS/HARDWARE & ABRASIVES
H354,INSPECT SVCS/PREFAB STRUCTURES
H354,INSPECTION- PREFABRICATED STRUCTURES AND SCAFFOLDING
H355,INSPECT SVCS/LUMBER & MILLWORK
H355,"INSPECTION- LUMBER, MILLWORK, PLYWOOD, AND VENEER"
H356,INSPECT SVCS/CONTRUCT MATERIAL
H356,INSPECTION- CONSTRUCTION AND BUILDING MATERIALS
H358,"INSPECTION- COMMUNICATION, DETECTION, AND COHERENT RADIATION EQUIPMENT"
H358,INSPECT SVCS/COMMUNICATION EQ
H359,INSPECTION- ELECTRICAL AND ELECTRONIC EQUIPMENT COMPONENTS
H359,INSPECT SVCS/ELECT-ELCT EQ
H360,"INSPECTION- FIBER OPTICS MATERIALS, COMPONENTS, ASSEMBLIES, AND ACCESSORIES"
H360,INSPECT SVCS/FIBER OPTICS
H361,INSPECTION- ELECTRIC WIRE AND POWER DISTRIBUTION EQUIPMENT
H361,INSPECT SVCS/POWER DISTRIBUTION EQ
H362,INSPECTION- LIGHTING FIXTURES AND LAMPS
H362,INSPECT SVCS/LIGHTING FIXTURES
H363,INSPECT SVCS/ALARM & SIGNAL SYSTEM
H363,"INSPECTION- ALARM, SIGNAL, AND SECURITY DETECTION SYSTEMS"
H365,INSPECT SVCS/MEDICAL-DENTAL-VET EQ
H365,"INSPECTION- MEDICAL, DENTAL, AND VETERINARY EQUIPMENT AND SUPPLIES"
H366,INSPECT SVCS/INSTRUMENTS & LAB EQ
H366,INSPECTION- INSTRUMENTS AND LABORATORY EQUIPMENT
H367,INSPECT SVCS/PHOTOGRAPHIC EQ
H367,INSPECTION- PHOTOGRAPHIC EQUIPMENT
H368,INSPECT SVCS/CHEMICAL PRODUCTS
H368,INSPECTION- CHEMICALS AND CHEMICAL PRODUCTS
H369,INSPECTION- TRAINING AIDS AND DEVICES
H369,INSPECT SVCS/TRAINING AIDS-DEVICES
H370,INSPECT SVCS/ADP EQ & SUPPLIES
H370,INSPECTION- ADP EQUIPMENT/SOFTWARE/SUPPLIES/SUPPORT EQUIPMENT
H371,INSPECT SVCS/FURNITURE
H371,INSPECTION- FURNITURE
H372,INSPECT SVCS/HOUSEHOLD FURNISHINGS
H372,INSPECTION- HOUSEHOLD AND COMMERCIAL FURNISHINGS AND APPLIANCES
H373,INSPECT SVCS/FOOD PREP-SERVING EQ
H373,INSPECTION- FOOD PREPARATION AND SERVING EQUIPMENT
H374,"INSPECTION- OFFICE MACHINES, TEXT PROCESSING SYSTEMS, AND VISIBLE RECORD EQUIPMENT"
H374,INSPECT SVCS/OFFICE MACHINES
H375,INSPECTION- OFFICE SUPPLIES AND DEVICES
H375,INSPECT SVCS/OFFICE SUPPLIES
H376,"INSPECTION- BOOKS, MAPS, AND OTHER PUBLICATIONS"
H376,INSPECT SVCS/BOOKS-MAPS-PUBS
H377,INSPECTION- MUSICAL INST/PHONOGRAPH/HOME RADIO
H377,INSPECT SVCS/MUSICAL INST-RADIO-TV
H378,INSPECTION- RECREATIONAL AND ATHLETIC EQUIPMENT
H378,INSPECT SVCS/RECREATIONAL EQ
H379,INSPECTION- CLEANING EQUIPMENT AND SUPPLIES
H379,INSPECT SVCS/CLEANING EQ
H380,"INSPECTION- BRUSHES, PAINTS, SEALERS, AND ADHESIVES"
H380,INSPECT SVCS/BRUSHES-PAINTS-SEALER
H381,INSPECT SVCS/CONTAINERS-PACKAGING
H381,"INSPECTION- CONTAINERS, PACKAGING, AND PACKING SUPPLIES"
H383,"INSPECTION- TEXTILES, LEATHER, FURS, APPAREL AND SHOE FINDINGS, TENTS AND FLAGS"
H383,INSPECT SVCS/TEXTILES-LEATHER-FURS
H384,INSPECT SVCS/CLOTHING - INDIVID EQ
H384,"INSPECTION- CLOTHING, INDIVIDUAL EQUIPMENT, AND INSIGNIA"
H385,INSPECTION- TOILETRIES
H385,INSPECT SVCS/TOILETRIES
H387,INSPECTION- AGRICULTURAL SUPPLIES
H387,INSPECT SVCS/AGRICULTURAL SUPPLIES
H388,INSPECT SVCS/LIVE ANIMALS
H388,INSPECTION- LIVE ANIMALS
H389,INSPECT SVCS/SUBSISTENCE
H389,INSPECTION- SUBSISTENCE
H391,"INSPECTION- FUELS, LUBRICANTS, OILS, AND WAXES"
H391,INSPECT SVCS/FUELS-LUBRICANTS-OILS
H393,INSPECTION- NONMETALLIC FABRICATED MATERIALS
H393,INSPECT SVCS/NONMETALIC FAB MAT
H394,INSPECTION- NONMETALLIC CRUDE MATERIALS
H394,INSPECT SVCS/NONMETALIC CRUDE MAT
H395,"INSPECTION- METAL BARS, SHEETS, AND SHAPES"
H395,INSPECT SVCS/METAL BARS & SHEETS
H396,INSPECT SVCS/ORES & MINERALS
H396,"INSPECTION- ORES, MINERALS, AND THEIR PRIMARY PRODUCTS"
H399,INSPECTION- MISCELLANEOUS
H399,INSPECT SVCS/MISC EQ
H9,"OTHER QUALITY, TEST, INSPECT SVCS"
H910,OTHER QC/TEST/INSPECT- WEAPONS
H910,OTHER QC SVCS/WEAPONS
H911,OTHER QC SVCS/NUCLEAR ORDNANCE
H911,OTHER QC/TEST/INSPECT- NUCLEAR ORDNANCE
H912,OTHER QC/TEST/INSPECT- FIRE CONTROL EQUIPMENT
H912,OTHER QC SVCS/FIRE CONT EQ
H913,OTHER QC/TEST/INSPECT- AMMUNITION AND EXPLOSIVES
H913,OTHER QC SVCS/AMMO & EXPLOSIVES
H914,OTHER QC SVCS/GUIDED MISSILES
H914,OTHER QC/TEST/INSPECT- GUIDED MISSILES
H915,OTHER QC/TEST/INSPECT- AIRCRAFT AND AIRFRAME STRUCTURAL COMPONENTS
H915,OTHER QC SVCS/AIRCRAFT
H916,OTHER QC SVCS/AIRCRAFT COMPONENTS
H916,OTHER QC/TEST/INSPECT- AIRCRAFT COMPONENTS AND ACCESSORIES
H917,OTHER QC SVCS/AIRCRAFT GROUND EQ
H917,"OTHER QC/TEST/INSPECT- AIRCRAFT LAUNCHING, LANDING, AND GROUND HANDLING EQUIPMENT"
H918,OTHER QC/TEST/INSPECT- SPACE VEHICLES
H918,OTHER QC SVCS/SPACE VEHICLES
H919,OTHER QC SVCS/SHIPS-SML CRAFT-DOCKS
H919,"OTHER QC/TEST/INSPECT- SHIPS, SMALL CRAFT, PONTOONS, AND FLOATING DOCKS"
H920,OTHER QC/TEST/INSPECT- SHIP AND MARINE EQUIPMENT
H920,OTHER QC SVCS/SHIP & MARINE EQ
H922,OTHER QC/TEST/INSPECT- RAILWAY EQUIPMENT
H922,OTHER QC SVCS/RAILWAY EQ
H923,"OTHER QC/TEST/INSPECT- GROUND EFFECT VEHICLES, MOTOR VEHICLES, TRAILERS, AND CYCLES"
H923,OTHER QC SVCS/VEHICLES-TRAILERS-CYC
H924,OTHER QC/TEST/INSPECT- TRACTORS
H924,OTHER QC SVCS/TRACTORS
H925,OTHER QC/TEST/INSPECT- VEHICULAR EQUIPMENT COMPONENTS
H925,OTHER QC SVCS/VEHICULAR EQ
H926,OTHER QC SVCS/TIRES & TUBES
H926,OTHER QC/TEST/INSPECT- TIRES AND TUBES
H928,OTHER QC SVCS/ENGINES & TURBINES
H928,"OTHER QC/TEST/INSPECT- ENGINES, TURBINES, AND COMPONENTS"
H929,OTHER QC SVCS/ENGINE ACCESSORIES
H929,OTHER QC/TEST/INSPECT- ENGINE ACCESSORIES
H930,OTHER QC SVCS/MECH POWER TRANS EQ
H930,OTHER QC/TEST/INSPECT- MECHANICAL POWER TRANSMISSION EQUIPMENT
H931,OTHER QC SVCS/BEARINGS
H931,OTHER QC/TEST/INSPECT- BEARINGS
H932,OTHER QC SVCS/WOODWORKING MACHINE
H932,OTHER QC/TEST/INSPECT- WOODWORKING MACHINERY AND EQUIPMENT
H934,OTHER QC SVCS/METALWORK MACHINE
H934,OTHER QC/TEST/INSPECT- METALWORKING MACHINERY
H935,OTHER QC SVCS/SERVICE & TRADE EQ
H935,OTHER QC/TEST/INSPECT- SERVICE AND TRADE EQUIPMENT
H936,OTHER QC SVCS/SP INDUSTRY MACHINERY
H936,OTHER QC/TEST/INSPECT- SPECIAL INDUSTRY MACHINERY
H937,OTHER QC SVCS/AGRICULTURE MACHINE
H937,OTHER QC/TEST/INSPECT- AGRICULTURAL MACHINERY AND EQUIPMENT
H938,"OTHER QC/TEST/INSPECT- CONSTRUCTION, MINING, EXCAVATING, AND HIGHWAY MAINTENANCE EQUIPMENT"
H938,OTHER QC SVCS/CONTRUCT EQ
H939,OTHER QC/TEST/INSPECT- MATERIALS HANDLING EQUIPMENT
H939,OTHER QC SVCS/MATERIALS HANDLING EQ
H940,OTHER QC SVCS/ROPE-CABLE-CHAIN
H940,"OTHER QC/TEST/INSPECT- ROPE, CABLE, CHAIN, AND FITTINGS"
H941,OTHER QC SVCS/REFRIGERATION - AC EQ
H941,"OTHER QC/TEST/INSPECT- REFRIGERATION, AIR CONDITIONING, AND AIR CIRCULATING EQUIPMENT"
H942,OTHER QC SVCS/FIRE-RESCUE-SAFETY EQ
H942,OTHER QC/TEST/INSPECT- FIRE FIGHTING/RESCUE/SAFETY EQUIPMENT; ENVIRON PROTECT EQUIPMENT/MATLS
H943,OTHER QC SVCS/PUMPS & COMPRESSORS
H943,OTHER QC/TEST/INSPECT- PUMPS AND COMPRESSORS
H944,OTHER QC SVCS/FURNACE-NUCLEAR REAC
H944,"OTHER QC/TEST/INSPECT- FURNACE, STEAM PLANT, AND DRYING EQUIPMENT; NUCLEAR REACTORS"
H945,OTHER QC SVCS/PLUMBING-HEATING EQ
H945,"OTHER QC/TEST/INSPECT- PLUMBING, HEATING, AND WASTE DISPOSAL EQUIPMENT"
H946,OTHER QC SVCS/WATER PURIFICATION EQ
H946,OTHER QC/TEST/INSPECT- WATER PURIFICATION AND SEWAGE TREATMENT EQUIPMENT
H947,OTHER QC SVCS/PIPE-TUBING-HOSE
H947,"OTHER QC/TEST/INSPECT- PIPE, TUBING, HOSE, AND FITTINGS"
H948,OTHER QC SVCS/VALVES
H948,OTHER QC/TEST/INSPECT- VALVES
H949,OTHER QC/TEST/INSPECT- MAINTENANCE AND REPAIR SHOP EQUIPMENT
H949,OTHER QC SVCS/MAINT REPAIR SHOP EQ
H951,OTHER QC/TEST/INSPECT- HAND TOOLS
H951,OTHER QC SVCS/HAND TOOLS
H952,OTHER QC SVCS/MEASURING TOOLS
H952,OTHER QC/TEST/INSPECT- MEASURING TOOLS
H953,OTHER QC SVCS/HARDWARE & ABRASIVES
H953,OTHER QC/TEST/INSPECT- HARDWARE AND ABRASIVES
H954,OTHER QC SVCS/PREFAB STRUCTURES
H954,OTHER QC/TEST/INSPECT- PREFABRICATED STRUCTURES AND SCAFFOLDING
H955,"OTHER QC/TEST/INSPECT- LUMBER, MILLWORK, PLYWOOD, AND VENEER"
H955,OTHER QC SVCS/LUMBER & MILLWORK
H956,OTHER QC/TEST/INSPECT- CONSTRUCTION AND BUILDING MATERIALS
H956,OTHER QC SVCS/CONTRUCT MATERIAL
H958,OTHER QC SVCS/COMMUNICATION EQ
H958,"OTHER QC/TEST/INSPECT- COMMUNICATION, DETECTION, AND COHERENT RADIATION EQUIPMENT"
H959,OTHER QC/TEST/INSPECT- ELECTRICAL AND ELECTRONIC EQUIPMENT COMPONENTS
H959,OTHER QC SVCS/ELECT-ELCT EQ
H960,OTHER QC SVCS/FIBER OPTICS
H960,"OTHER QC/TEST/INSPECT- FIBER OPTICS MATERIALS, COMPONENTS, ASSEMBLIES, AND ACCESSORIES"
H961,OTHER QC/TEST/INSPECT- ELECTRIC WIRE AND POWER DISTRIBUTION EQUIPMENT
H961,OTHER QC SVCS/POWER DISTRIBUTION EQ
H962,OTHER QC SVCS/LIGHTING FIXTURES
H962,OTHER QC/TEST/INSPECT- LIGHTING FIXTURES AND LAMPS
H963,OTHER QC SVCS/ALARM & SIGNAL SYSTEM
H963,"OTHER QC/TEST/INSPECT- ALARM, SIGNAL, AND SECURITY DETECTION SYSTEMS"
H965,OTHER QC SVCS/MEDICAL-DENTAL-VET EQ
H965,"OTHER QC/TEST/INSPECT- MEDICAL, DENTAL, AND VETERINARY EQUIPMENT AND SUPPLIES"
H966,OTHER QC/TEST/INSPECT- INSTRUMENTS AND LABORATORY EQUIPMENT
H966,OTHER QC SVCS/INSTRUMENTS & LAB EQ
H967,OTHER QC SVCS/PHOTOGRAPHIC EQ
H967,OTHER QC/TEST/INSPECT- PHOTOGRAPHIC EQUIPMENT
H968,OTHER QC SVCS/CHEMICAL PRODUCTS
H968,OTHER QC/TEST/INSPECT- CHEMICALS AND CHEMICAL PRODUCTS
H969,OTHER QC SVCS/TRAINING AIDS-DEVICES
H969,OTHER QC/TEST/INSPECT- TRAINING AIDS AND DEVICES
H970,OTHER QC SVCS/ADP EQ & SUPPLIES
H970,OTHER QC/TEST/INSPECT- ADP EQUIPMENT/SOFTWARE/SUPPLIES/SUPPORT EQUIPMENT
H971,OTHER QC SVCS/FURNITURE
H971,OTHER QC/TEST/INSPECT- FURNITURE
H972,OTHER QC SVCS/HOUSEHOLD FURNISHINGS
H972,OTHER QC/TEST/INSPECT- HOUSEHOLD AND COMMERCIAL FURNISHINGS AND APPLIANCES
H973,OTHER QC SVCS/FOOD PREP-SERVING EQ
H973,OTHER QC/TEST/INSPECT- FOOD PREPARATION AND SERVING EQUIPMENT
H974,OTHER QC SVCS/OFFICE MACHINES
H974,"OTHER QC/TEST/INSPECT- OFFICE MACHINES, TEXT PROCESSING SYSTEMS, AND VISIBLE RECORD EQUIPMENT"
H975,OTHER QC SVCS/OFFICE SUPPLIES
H975,OTHER QC/TEST/INSPECT- OFFICE SUPPLIES AND DEVICES
H976,OTHER QC SVCS/BOOKS-MAPS-PUBS
H976,"OTHER QC/TEST/INSPECT- BOOKS, MAPS, AND OTHER PUBLICATIONS"
H977,OTHER QC SVCS/MUSICAL INST-RADIO-TV
H977,OTHER QC/TEST/INSPECT- MUSICAL INST/PHONOGRAPH/HOME RADIO
H978,OTHER QC SVCS/RECREATIONAL EQ
H978,OTHER QC/TEST/INSPECT- RECREATIONAL AND ATHLETIC EQUIPMENT
H979,OTHER QC/TEST/INSPECT- CLEANING EQUIPMENT AND SUPPLIES
H979,OTHER QC SVCS/CLEANING EQ
H980,"OTHER QC/TEST/INSPECT- BRUSHES, PAINTS, SEALERS, AND ADHESIVES"
H980,OTHER QC SVCS/BRUSHES-PAINTS-SEALER
H981,OTHER QC SVCS/CONTAINERS-PACKAGING
H981,"OTHER QC/TEST/INSPECT- CONTAINERS, PACKAGING, AND PACKING SUPPLIES"
H983,OTHER QC SVCS/TEXTILES-LEATHER-FURS
H983,"OTHER QC/TEST/INSPECT- TEXTILES, LEATHER, FURS, APPAREL AND SHOE FINDINGS, TENTS AND FLAGS"
H984,OTHER QC SVCS/CLOTHING - INDIVID EQ
H984,"OTHER QC/TEST/INSPECT- CLOTHING, INDIVIDUAL EQUIPMENT, AND INSIGNIA"
H985,OTHER QC/TEST/INSPECT- TOILETRIES
H985,OTHER QC SVCS/TOILETRIES
H987,OTHER QC/TEST/INSPECT- AGRICULTURAL SUPPLIES
H987,OTHER QC SVCS/AGRICULTURAL SUPPLIES
H988,OTHER QC SVCS/LIVE ANIMALS
H988,OTHER QC/TEST/INSPECT- LIVE ANIMALS
H989,OTHER QC/TEST/INSPECT- SUBSISTENCE
H989,OTHER QC SVCS/SUBSISTENCE
H991,OTHER QC SVCS/FUELS-LUBRICANTS-OILS
H991,"OTHER QC/TEST/INSPECT- FUELS, LUBRICANTS, OILS, AND WAXES"
H993,OTHER QC SVCS/NONMETALIC FAB MAT
H993,OTHER QC/TEST/INSPECT- NONMETALLIC FABRICATED MATERIALS
H994,OTHER QC/TEST/INSPECT- NONMETALLIC CRUDE MATERIALS
H994,OTHER QC SVCS/NONMETALIC CRUDE MAT
H995,OTHER QC SVCS/METAL BARS & SHEETS
H995,"OTHER QC/TEST/INSPECT- METAL BARS, SHEETS, AND SHAPES"
H996,"OTHER QC/TEST/INSPECT- ORES, MINERALS, AND THEIR PRIMARY PRODUCTS"
H996,OTHER QC SVCS/ORES & MINERALS
H999,OTHER QC/TEST/INSPECT- MISCELLANEOUS
H999,MISC TEST & INSPECT SVC
J,"MAINT, REPAIR, REBUILD EQUIPMENT"
J0,"MAINT, REPAIR, REBUILD OF EQUIPMENT"
J010,MAINT/REPAIR/REBUILD OF EQUIPMENT- WEAPONS
J010,MAINT-REP OF WEAPONS
J011,MAINT/REPAIR/REBUILD OF EQUIPMENT- NUCLEAR ORDNANCE
J011,MAINT-REP OF NUCLEAR ORDNANCE
J012,MAINT/REPAIR/REBUILD OF EQUIPMENT- FIRE CONTROL EQUIPMENT
J012,MAINT-REP OF FIRE CONT EQ
J013,MAINT/REPAIR/REBUILD OF EQUIPMENT- AMMUNITION AND EXPLOSIVES
J013,MAINT-REP OF AMMO & EXPLOSIVES
J014,MAINT/REPAIR/REBUILD OF EQUIPMENT- GUIDED MISSILES
J014,MAINT-REP OF GUIDED MISSILES
J015,MAINT/REPAIR/REBUILD OF EQUIPMENT- AIRCRAFT AND AIRFRAME STRUCTURAL COMPONENTS
J015,MAINT-REP OF AIRCRAFT
J016,MAINT/REPAIR/REBUILD OF EQUIPMENT- AIRCRAFT COMPONENTS AND ACCESSORIES
J016,MAINT-REP OF AIRCRAFT COMPONENTS
J017,"MAINT/REPAIR/REBUILD OF EQUIPMENT- AIRCRAFT LAUNCHING, LANDING, AND GROUND HANDLING EQUIPMENT"
J017,MAINT-REP OF AIRCRAFT GROUND EQ
J018,MAINT/REPAIR/REBUILD OF EQUIPMENT- SPACE VEHICLES
J018,MAINT-REP OF SPACE VEHICLES
J019,MAINT-REP OF SHIPS-SML CRAFT-DOCKS
J019,"MAINT/REPAIR/REBUILD OF EQUIPMENT- SHIPS, SMALL CRAFT, PONTOONS, AND FLOATING DOCKS"
J020,MAINT-REP OF SHIP & MARINE EQ
J020,MAINT/REPAIR/REBUILD OF EQUIPMENT- SHIP AND MARINE EQUIPMENT
J022,MAINT/REPAIR/REBUILD OF EQUIPMENT- RAILWAY EQUIPMENT
J022,MAINT-REP OF RAILWAY EQ
J023,"MAINT/REPAIR/REBUILD OF EQUIPMENT- GROUND EFFECT VEHICLES, MOTOR VEHICLES, TRAILERS, AND CYCLES"
J023,MAINT-REP OF VEHICLES-TRAILERS-CYC
J024,MAINT/REPAIR/REBUILD OF EQUIPMENT- TRACTORS
J024,MAINT-REP OF TRACTORS
J025,MAINT-REP OF VEHICULAR EQ
J025,MAINT/REPAIR/REBUILD OF EQUIPMENT- VEHICULAR EQUIPMENT COMPONENTS
J026,MAINT/REPAIR/REBUILD OF EQUIPMENT- TIRES AND TUBES
J026,MAINT-REP OF TIRES & TUBES
J028,"MAINT/REPAIR/REBUILD OF EQUIPMENT- ENGINES, TURBINES, AND COMPONENTS"
J028,MAINT-REP OF ENGINES & TURBINES
J029,MAINT-REP OF ENGINE ACCESSORIES
J029,MAINT/REPAIR/REBUILD OF EQUIPMENT- ENGINE ACCESSORIES
J030,MAINT-REP OF MECH POWER TRANS EQ
J030,MAINT/REPAIR/REBUILD OF EQUIPMENT- MECHANICAL POWER TRANSMISSION EQUIPMENT
J031,MAINT/REPAIR/REBUILD OF EQUIPMENT- BEARINGS
J031,MAINT-REP OF BEARINGS
J032,MAINT/REPAIR/REBUILD OF EQUIPMENT- WOODWORKING MACHINERY AND EQUIPMENT
J032,MAINT-REP OF WOODWORKING MACHINE
J034,MAINT-REP OF METALWORK MACHINE
J034,MAINT/REPAIR/REBUILD OF EQUIPMENT- METALWORKING MACHINERY
J035,MAINT-REP OF SERVICE & TRADE EQ
J035,MAINT/REPAIR/REBUILD OF EQUIPMENT- SERVICE AND TRADE EQUIPMENT
J036,MAINT-REP OF SP INDUSTRY MACHINERY
J036,MAINT/REPAIR/REBUILD OF EQUIPMENT- SPECIAL INDUSTRY MACHINERY
J037,MAINT-REP OF AGRICULTURE MACHINE
J037,MAINT/REPAIR/REBUILD OF EQUIPMENT- AGRICULTURAL MACHINERY AND EQUIPMENT
J038,MAINT/REPAIR/REBUILD OF EQUIPMENT- CONSTRUCTION/MINING/EXCAVATING/HIGHWAY MAINTENANCE EQUIPMENT
J038,MAINT-REP OF CONTRUCT EQ
J039,MAINT-REP OF MATERIALS HANDLING EQ
J039,MAINT/REPAIR/REBUILD OF EQUIPMENT- MATERIALS HANDLING EQUIPMENT
J040,"MAINT/REPAIR/REBUILD OF EQUIPMENT- ROPE, CABLE, CHAIN, AND FITTINGS"
J040,MAINT-REP OF ROPE-CABLE-CHAIN
J041,"MAINT/REPAIR/REBUILD OF EQUIPMENT- REFRIGERATION, AIR CONDITIONING, AND AIR CIRCULATING EQUIPMENT"
J041,MAINT-REP OF REFRIGERATION - AC EQ
J042,MAINT/REPAIR/REBUILD OF EQUIP- FIRE FIGHTING/RESCUE/SAFETY EQUIP; ENVIRON PROTECT EQUIP/MATLS
J042,MAINT-REP OF FIRE-RESCUE-SAFETY EQ
J043,MAINT/REPAIR/REBUILD OF EQUIPMENT- PUMPS AND COMPRESSORS
J043,MAINT-REP OF PUMPS & COMPRESSORS
J044,"MAINT/REPAIR/REBUILD OF EQUIPMENT- FURNACE, STEAM PLANT, AND DRYING EQUIPMENT; NUCLEAR REACTORS"
J044,MAINT-REP OF FURNACE-NUCLEAR REAC
J045,"MAINT/REPAIR/REBUILD OF EQUIPMENT- PLUMBING, HEATING, AND WASTE DISPOSAL EQUIPMENT"
J045,MAINT-REP OF PLUMBING-HEATING EQ
J046,MAINT/REPAIR/REBUILD OF EQUIPMENT- WATER PURIFICATION AND SEWAGE TREATMENT EQUIPMENT
J046,MAINT-REP OF WATER PURIFICATION EQ
J047,"MAINT/REPAIR/REBUILD OF EQUIPMENT- PIPE, TUBING, HOSE, AND FITTINGS"
J047,MAINT-REP OF PIPE-TUBING-HOSE
J048,MAINT/REPAIR/REBUILD OF EQUIPMENT- VALVES
J048,MAINT-REP OF VALVES
J049,MAINT-REP OF MAINT REPAIR SHOP EQ
J049,MAINT/REPAIR/REBUILD OF EQUIPMENT- MAINTENANCE AND REPAIR SHOP EQUIPMENT
J051,MAINT-REP OF HAND TOOLS
J051,MAINT/REPAIR/REBUILD OF EQUIPMENT- HAND TOOLS
J052,MAINT/REPAIR/REBUILD OF EQUIPMENT- MEASURING TOOLS
J052,MAINT-REP OF MEASURING TOOLS
J053,MAINT/REPAIR/REBUILD OF EQUIPMENT- HARDWARE AND ABRASIVES
J053,MAINT-REP OF HARDWARE & ABRASIVES
J054,MAINT/REPAIR/REBUILD OF EQUIPMENT- PREFABRICATED STRUCTURES AND SCAFFOLDING
J054,MAINT-REP OF PREFAB STRUCTURES
J055,MAINT-REP OF LUMBER & MILLWORK
J055,"MAINT/REPAIR/REBUILD OF EQUIPMENT- LUMBER, MILLWORK, PLYWOOD, AND VENEER"
J056,MAINT-REP OF CONTRUCT MATERIAL
J056,MAINT/REPAIR/REBUILD OF EQUIPMENT- CONSTRUCTION AND BUILDING MATERIALS
J058,"MAINT/REPAIR/REBUILD OF EQUIPMENT- COMMUNICATION, DETECTION, AND COHERENT RADIATION EQUIPMENT"
J058,MAINT-REP OF COMMUNICATION EQ
J059,MAINT-REP OF ELECT-ELCT EQ
J059,MAINT/REPAIR/REBUILD OF EQUIPMENT- ELECTRICAL AND ELECTRONIC EQUIPMENT COMPONENTS
J060,MAINT-REP OF FIBER OPTICS MATER
J060,"MAINT/REPAIR/REBUILD OF EQUIPMENT- FIBER OPTICS MATERIALS, COMPONENTS, ASSEMBLIES, AND ACCESSORIES"
J061,MAINT-REP OF POWER DISTRIBUTION EQ
J061,MAINT/REPAIR/REBUILD OF EQUIPMENT- ELECTRIC WIRE AND POWER DISTRIBUTION EQUIPMENT
J062,MAINT/REPAIR/REBUILD OF EQUIPMENT- LIGHTING FIXTURES AND LAMPS
J062,MAINT-REP OF LIGHTING FIXTURES
J063,"MAINT/REPAIR/REBUILD OF EQUIPMENT- ALARM, SIGNAL, AND SECURITY DETECTION SYSTEMS"
J063,MAINT-REP OF ALARM & SIGNAL SYSTEM
J065,"MAINT/REPAIR/REBUILD OF EQUIPMENT- MEDICAL, DENTAL, AND VETERINARY EQUIPMENT AND SUPPLIES"
J065,MAINT-REP OF MEDICAL-DENTAL-VET EQ
J066,MAINT/REPAIR/REBUILD OF EQUIPMENT- INSTRUMENTS AND LABORATORY EQUIPMENT
J066,MAINT-REP OF INSTRUMENTS & LAB EQ
J067,MAINT/REPAIR/REBUILD OF EQUIPMENT- PHOTOGRAPHIC EQUIPMENT
J067,MAINT-REP OF PHOTOGRAPHIC EQ
J068,MAINT-REP OF CHEMICAL PRODUCTS
J068,MAINT/REPAIR/REBUILD OF EQUIPMENT- CHEMICALS AND CHEMICAL PRODUCTS
J069,MAINT/REPAIR/REBUILD OF EQUIPMENT- TRAINING AIDS AND DEVICES
J069,MAINT-REP OF TRAINING AIDS-DEVICES
J070,MAINT/REPAIR/REBUILD OF EQUIPMENT- ADP EQUIPMENT/SOFTWARE/SUPPLIES/SUPPORT EQUIPMENT
J070,MAINT-REP OF ADP EQ & SUPPLIES
J071,MAINT-REP OF FURNITURE
J071,MAINT/REPAIR/REBUILD OF EQUIPMENT- FURNITURE
J072,MAINT-REP OF HOUSEHOLD FURNISHINGS
J072,MAINT/REPAIR/REBUILD OF EQUIPMENT- HOUSEHOLD AND COMMERCIAL FURNISHINGS AND APPLIANCES
J073,MAINT/REPAIR/REBUILD OF EQUIPMENT- FOOD PREPARATION AND SERVING EQUIPMENT
J073,MAINT-REP OF FOOD PREP-SERVING EQ
J074,MAINT/REPAIR/REBUILD OF EQUIPMENT- OFFICE MACHINES/TEXT PROCESSING SYS/VISIBLE RECORD EQUIPMENT
J074,MAINT-REP OF OFFICE MACHINES
J075,MAINT/REPAIR/REBUILD OF EQUIPMENT- OFFICE SUPPLIES AND DEVICES
J075,MAINT-REP OF OFFICE SUPPLIES
J076,MAINT-REP OF BOOKS-MAPS-PUBS
J076,"MAINT/REPAIR/REBUILD OF EQUIPMENT- BOOKS, MAPS, AND OTHER PUBLICATIONS"
J077,MAINT/REPAIR/REBUILD OF EQUIPMENT- MUSICAL INST/PHONOGRAPH/HOME RADIO
J077,MAINT-REP OF MUSICAL INST-RADIO-TV
J078,MAINT-REP OF RECREATIONAL EQ
J078,MAINT/REPAIR/REBUILD OF EQUIPMENT- RECREATIONAL AND ATHLETIC EQUIPMENT
J079,MAINT/REPAIR/REBUILD OF EQUIPMENT- CLEANING EQUIPMENT AND SUPPLIES
J079,MAINT-REP OF CLEANING EQ
J080,MAINT-REP OF BRUSHES-PAINTS-SEALER
J080,"MAINT/REPAIR/REBUILD OF EQUIPMENT- BRUSHES, PAINTS, SEALERS, AND ADHESIVES"
J081,MAINT-REP OF CONTAINERS-PACKAGING
J081,"MAINT/REPAIR/REBUILD OF EQUIPMENT- CONTAINERS, PACKAGING, AND PACKING SUPPLIES"
J083,MAINT-REP OF TEXTILES-LEATHER-FURS
J083,"MAINT/REPAIR/REBUILD OF EQUIPMENT- TEXTILES, LEATHER, FURS, APPAREL/SHOE FINDINGS, TENTS/FLAGS"
J084,MAINT-REP OF CLOTHING - INDIVID EQ
J084,"MAINT/REPAIR/REBUILD OF EQUIPMENT- CLOTHING, INDIVIDUAL EQUIPMENT, AND INSIGNIA"
J085,MAINT/REPAIR/REBUILD OF EQUIPMENT- TOILETRIES
J085,MAINT-REP OF TOILETRIES
J087,MAINT/REPAIR/REBUILD OF EQUIPMENT- AGRICULTURAL SUPPLIES
J087,MAINT-REP OF AGRICULTURAL SUPPLIES
J088,MAINT/REPAIR/REBUILD OF EQUIPMENT- LIVE ANIMALS
J088,MAINT-REP OF LIVE ANIMALS
J089,MAINT-REP OF SUBSISTENCE
J089,MAINT/REPAIR/REBUILD OF EQUIPMENT- SUBSISTENCE
J091,"MAINT/REPAIR/REBUILD OF EQUIPMENT- FUELS, LUBRICANTS, OILS, AND WAXES"
J091,MAINT-REP OF FUELS-LUBRICANTS-OILS
J093,MAINT/REPAIR/REBUILD OF EQUIPMENT- NONMETALLIC FABRICATED MATERIALS
J093,MAINT-REP OF NONMETALIC FAB MAT
J094,MAINT-REP OF NONMETALIC CRUDE MAT
J094,MAINT/REPAIR/REBUILD OF EQUIPMENT- NONMETALLIC CRUDE MATERIALS
J095,"MAINT/REPAIR/REBUILD OF EQUIPMENT- METAL BARS, SHEETS, AND SHAPES"
J095,MAINT-REP OF METAL BARS & SHEETS
J096,MAINT-REP OF ORES & MINERALS
J096,"MAINT/REPAIR/REBUILD OF EQUIPMENT- ORES, MINERALS, AND THEIR PRIMARY PRODUCTS"
J099,MAINT/REPAIR/REBUILD OF EQUIPMENT- MISCELLANEOUS
J099,MAINT-REP OF MISC EQ
J9,NON-NUCLEAR SHIP REPAIR
J998,NON-NUCLEAR SHIP REPAIR (EAST)
J999,NON-NUCLEAR SHIP REPAIR (WEST)
K,MODIFICATION OF EQUIPMENT
K0,MODIFICATION OF EQUIPMENT
K010,MODIFICATION OF EQUIPMENT- WEAPONS
K010,MODIFICATION OF EQUIPMENT: WEAPONS
K011,MODIFICATION OF EQUIPMENT- NUCLEAR ORDNANCE
K011,MOD OF NUCLEAR ORDNANCE
K012,MODIFICATION OF EQUIPMENT- FIRE CONTROL EQUIPMENT
K012,MOD OF FIRE CONT EQ
K013,MODIFICATION OF EQUIPMENT- AMMUNITION AND EXPLOSIVES
K013,MOD OF AMMO & EXPLOSIVES
K014,MODIFICATION OF EQUIPMENT- GUIDED MISSILES
K014,MOD OF GUIDED MISSILES
K015,MODIFICATION OF EQUIPMENT- AIRCRAFT AND AIRFRAME STRUCTURAL COMPONENTS
K015,MOD OF AIRCRAFT
K016,MODIFICATION OF EQUIPMENT- AIRCRAFT COMPONENTS AND ACCESSORIES
K016,MOD OF AIRCRAFT COMPONENTS
K017,"MODIFICATION OF EQUIPMENT- AIRCRAFT LAUNCHING, LANDING, AND GROUND HANDLING EQUIPMENT"
K017,MOD OF AIRCRAFT GROUND EQ
K018,MODIFICATION OF EQUIPMENT- SPACE VEHICLES
K018,MOD OF SPACE VEHICLES
K019,MOD OF SHIPS-SML CRAFT-DOCKS
K019,"MODIFICATION OF EQUIPMENT- SHIPS, SMALL CRAFT, PONTOONS, AND FLOATING DOCKS"
K020,MOD OF SHIP & MARINE EQ
K020,MODIFICATION OF EQUIPMENT- SHIP AND MARINE EQUIPMENT
K022,MODIFICATION OF EQUIPMENT- RAILWAY EQUIPMENT
K022,MOD OF RAILWAY EQ
K023,"MODIFICATION OF EQUIPMENT- GROUND EFFECT VEHICLES, MOTOR VEHICLES, TRAILERS, AND CYCLES"
K023,MOD OF VEHICLES-TRAILERS-CYC
K024,MODIFICATION OF EQUIPMENT- TRACTORS
K024,MODIFICATION OF EQUIPMENT: TRACTORS
K025,MOD OF VEHICULAR EQ
K025,MODIFICATION OF EQUIPMENT- VEHICULAR EQUIPMENT COMPONENTS
K026,MODIFICATION OF EQUIPMENT- TIRES AND TUBES
K026,MOD OF TIRES & TUBES
K028,"MODIFICATION OF EQUIPMENT- ENGINES, TURBINES, AND COMPONENTS"
K028,MOD OF ENGINES & TURBINES
K029,MOD OF ENGINE ACCESSORIES
K029,MODIFICATION OF EQUIPMENT- ENGINE ACCESSORIES
K030,MOD OF MECH POWER TRANS EQ
K030,MODIFICATION OF EQUIPMENT- MECHANICAL POWER TRANSMISSION EQUIPMENT
K031,MODIFICATION OF EQUIPMENT- BEARINGS
K031,MODIFICATION OF EQUIPMENT: BEARINGS
K032,MODIFICATION OF EQUIPMENT- WOODWORKING MACHINERY AND EQUIPMENT
K032,MOD OF WOODWORKING MACHINE
K034,MOD OF METALWORK MACHINE
K034,MODIFICATION OF EQUIPMENT- METALWORKING MACHINERY
K035,MOD OF SERVICE & TRADE EQ
K035,MODIFICATION OF EQUIPMENT- SERVICE AND TRADE EQUIPMENT
K036,MOD OF SP INDUSTRY MACHINERY
K036,MODIFICATION OF EQUIPMENT- SPECIAL INDUSTRY MACHINERY
K037,MOD OF AGRICULTURE MACHINE
K037,MODIFICATION OF EQUIPMENT- AGRICULTURAL MACHINERY AND EQUIPMENT
K038,"MODIFICATION OF EQUIPMENT- CONSTRUCTION, MINING, EXCAVATING, AND HIGHWAY MAINTENANCE EQUIPMENT"
K038,MOD OF CONTRUCT EQ
K039,MOD OF MATERIALS HANDLING EQ
K039,MODIFICATION OF EQUIPMENT- MATERIALS HANDLING EQUIPMENT
K040,MOD OF ROPE-CABLE-CHAIN
K040,"MODIFICATION OF EQUIPMENT- ROPE, CABLE, CHAIN, AND FITTINGS"
K041,"MODIFICATION OF EQUIPMENT- REFRIGERATION, AIR CONDITIONING, AND AIR CIRCULATING EQUIPMENT"
K041,MOD OF REFRIGERATION - AC EQ
K042,MODIFICATION OF EQUIPMENT- FIRE FIGHTING/RESCUE/SAFETY EQUIPMENT; ENVIRON PROTECT EQUIPMENT/MATLS
K042,MOD OF FIRE-RESCUE-SAFETY EQ
K043,MOD OF PUMPS & COMPRESSORS
K043,MODIFICATION OF EQUIPMENT- PUMPS AND COMPRESSORS
K044,"MODIFICATION OF EQUIPMENT- FURNACE, STEAM PLANT, AND DRYING EQUIPMENT; NUCLEAR REACTORS"
K044,MOD OF FURNACE-NUCLEAR REAC
K045,"MODIFICATION OF EQUIPMENT- PLUMBING, HEATING, AND WASTE DISPOSAL EQUIPMENT"
K045,MOD OF PLUMBING-HEATING EQ
K046,MOD OF WATER PURIFICATION EQ
K046,MODIFICATION OF EQUIPMENT- WATER PURIFICATION AND SEWAGE TREATMENT EQUIPMENT
K047,"MODIFICATION OF EQUIPMENT- PIPE, TUBING, HOSE, AND FITTINGS"
K047,MOD OF PIPE-TUBING-HOSE
K048,MODIFICATION OF EQUIPMENT- VALVES
K048,MODIFICATION OF EQUIPMENT: VALVES
K049,MOD OF MAINT REPAIR SHOP EQ
K049,MODIFICATION OF EQUIPMENT- MAINTENANCE AND REPAIR SHOP EQUIPMENT
K051,MODIFICATION OF EQUIPMENT- HAND TOOLS
K051,MOD OF HAND TOOLS
K052,MODIFICATION OF EQUIPMENT- MEASURING TOOLS
K052,MOD OF MEASURING TOOLS
K053,MODIFICATION OF EQUIPMENT- HARDWARE AND ABRASIVES
K053,MOD OF HARDWARE & ABRASIVES
K054,MOD OF PREFAB STRUCTURES
K054,MODIFICATION OF EQUIPMENT- PREFABRICATED STRUCTURES AND SCAFFOLDING
K055,MOD OF LUMBER & MILLWORK
K055,"MODIFICATION OF EQUIPMENT- LUMBER, MILLWORK, PLYWOOD, AND VENEER"
K056,MODIFICATION OF EQUIPMENT- CONSTRUCTION AND BUILDING MATERIALS
K056,MOD OF CONTRUCT MATERIAL
K058,"MODIFICATION OF EQUIPMENT- COMMUNICATION, DETECTION, AND COHERENT RADIATION EQUIPMENT"
K058,MOD OF COMMUNICATION EQ
K059,MOD OF ELECT-ELCT EQ
K059,MODIFICATION OF EQUIPMENT- ELECTRICAL AND ELECTRONIC EQUIPMENT COMPONENTS
K060,"MODIFICATION OF EQUIPMENT- FIBER OPTICS MATERIALS, COMPONENTS, ASSEMBLIES, AND ACCESSORIES"
K060,MOD OF FIBER OPTICS MATERIAL
K061,MODIFICATION OF EQUIPMENT- ELECTRIC WIRE AND POWER DISTRIBUTION EQUIPMENT
K061,MOD OF POWER DISTRIBUTION EQ
K062,MODIFICATION OF EQUIPMENT- LIGHTING FIXTURES AND LAMPS
K062,MOD OF LIGHTING FIXTURES
K063,MOD OF ALARM & SIGNAL SYSTEM
K063,"MODIFICATION OF EQUIPMENT- ALARM, SIGNAL, AND SECURITY DETECTION SYSTEMS"
K065,MOD OF MEDICAL-DENTAL-VET EQ
K065,"MODIFICATION OF EQUIPMENT- MEDICAL, DENTAL, AND VETERINARY EQUIPMENT AND SUPPLIES"
K066,MODIFICATION OF EQUIPMENT- INSTRUMENTS AND LABORATORY EQUIPMENT
K066,MOD OF INSTRUMENTS & LAB EQ
K067,MODIFICATION OF EQUIPMENT- PHOTOGRAPHIC EQUIPMENT
K067,MOD OF PHOTOGRAPHIC EQ
K068,MODIFICATION OF EQUIPMENT- CHEMICALS AND CHEMICAL PRODUCTS
K068,MOD OF CHEMICAL PRODUCTS
K069,MODIFICATION OF EQUIPMENT- TRAINING AIDS AND DEVICES
K069,MOD OF TRAINING AIDS-DEVICES
K070,MODIFICATION OF EQUIPMENT- ADP EQUIPMENT/SOFTWARE/SUPPLIES/SUPPORT EQUIPMENT
K070,MOD OF ADP EQ & SUPPLIES
K071,MOD OF FURNITURE
K071,MODIFICATION OF EQUIPMENT- FURNITURE
K072,MODIFICATION OF EQUIPMENT- HOUSEHOLD AND COMMERCIAL FURNISHINGS AND APPLIANCES
K072,MOD OF HOUSEHOLD FURNISHINGS
K073,MODIFICATION OF EQUIPMENT- FOOD PREPARATION AND SERVING EQUIPMENT
K073,MOD OF FOOD PREP-SERVING EQ
K074,"MODIFICATION OF EQUIPMENT- OFFICE MACHINES, TEXT PROCESSING SYSTEMS, AND VISIBLE RECORD EQUIPMENT"
K074,MOD OF OFFICE MACHINES
K075,MODIFICATION OF EQUIPMENT- OFFICE SUPPLIES AND DEVICES
K075,MOD OF OFFICE SUPPLIES
K076,MOD OF BOOKS-MAPS-PUBS
K076,"MODIFICATION OF EQUIPMENT- BOOKS, MAPS, AND OTHER PUBLICATIONS"
K077,MOD OF MUSICAL INST-RADIO-TV
K077,MODIFICATION OF EQUIPMENT- MUSICAL INST/PHONOGRAPH/HOME RADIO
K078,MODIFICATION OF EQUIPMENT- RECREATIONAL AND ATHLETIC EQUIPMENT
K078,MOD OF RECREATIONAL EQ
K079,MODIFICATION OF EQUIPMENT- CLEANING EQUIPMENT AND SUPPLIES
K079,MOD OF CLEANING EQ
K080,"MODIFICATION OF EQUIPMENT- BRUSHES, PAINTS, SEALERS, AND ADHESIVES"
K080,MOD OF BRUSHES-PAINTS-SEALER
K081,"MODIFICATION OF EQUIPMENT- CONTAINERS, PACKAGING, AND PACKING SUPPLIES"
K081,MOD OF CONTAINERS-PACKAGING
K083,MOD OF TEXTILES-LEATHER-FURS
K083,"MODIFICATION OF EQUIPMENT- TEXTILES, LEATHER, FURS, APPAREL AND SHOE FINDINGS, TENTS AND FLAGS"
K084,"MODIFICATION OF EQUIPMENT- CLOTHING, INDIVIDUAL EQUIPMENT, AND INSIGNIA"
K084,MOD OF CLOTHING - INDIVID EQ
K085,MOD OF TOILETRIES
K085,MODIFICATION OF EQUIPMENT- TOILETRIES
K087,MOD OF AGRICULTURAL SUPPLIES
K087,MODIFICATION OF EQUIPMENT- AGRICULTURAL SUPPLIES
K088,MOD OF LIVE ANIMALS
K088,MODIFICATION OF EQUIPMENT- LIVE ANIMALS
K089,MODIFICATION OF EQUIPMENT- SUBSISTENCE
K089,MOD OF SUBSISTENCE
K091,"MODIFICATION OF EQUIPMENT- FUELS, LUBRICANTS, OILS, AND WAXES"
K091,MOD OF FUELS-LUBRICANTS-OILS
K093,MODIFICATION OF EQUIPMENT- NONMETALLIC FABRICATED MATERIALS
K093,MOD OF NONMETALIC FAB MAT
K094,MODIFICATION OF EQUIPMENT- NONMETALLIC CRUDE MATERIALS
K094,MOD OF NONMETALIC CRUDE MAT
K095,"MODIFICATION OF EQUIPMENT- METAL BARS, SHEETS, AND SHAPES"
K095,MOD OF METAL BARS & SHEETS
K096,MOD OF ORES & MINERALS
K096,"MODIFICATION OF EQUIPMENT- ORES, MINERALS, AND THEIR PRIMARY PRODUCTS"
K099,MOD OF MISC EQ
K099,MODIFICATION OF EQUIPMENT- MISCELLANEOUS
L,TECHNICAL REPRESENTATIVE SVCS.
L0,TECHNICAL REPRESENTATIVE SERVICES
L010,TECH REP SVCS/WEAPONS
L010,TECHNICAL REPRESENTATIVE- WEAPONS
L011,TECHNICAL REPRESENTATIVE- NUCLEAR ORDNANCE
L011,TECH REP SVCS/NUCLEAR ORDNANCE
L012,TECHNICAL REPRESENTATIVE- FIRE CONTROL EQUIPMENT
L012,TECH REP SVCS/FIRE CONT EQ
L013,TECHNICAL REPRESENTATIVE- AMMUNITION AND EXPLOSIVES
L013,TECH REP SVCS/AMMO & EXPLOSIVES
L014,TECHNICAL REPRESENTATIVE- GUIDED MISSILES
L014,TECH REP SVCS/GUIDED MISSILES
L015,TECHNICAL REPRESENTATIVE- AIRCRAFT AND AIRFRAME STRUCTURAL COMPONENTS
L015,TECH REP SVCS/AIRCRAFT
L016,TECH REP SVCS/AIRCRAFT COMPONENTS
L016,TECHNICAL REPRESENTATIVE- AIRCRAFT COMPONENTS AND ACCESSORIES
L017,"TECHNICAL REPRESENTATIVE- AIRCRAFT LAUNCHING, LANDING, AND GROUND HANDLING EQUIPMENT"
L017,TECH REP SVCS/AIRCRAFT GROUND EQ
L018,TECHNICAL REPRESENTATIVE- SPACE VEHICLES
L018,TECH REP SVCS/SPACE VEHICLES
L019,TECH REP SVCS/SHIPS-SML CRAFT-DOCKS
L019,"TECHNICAL REPRESENTATIVE- SHIPS, SMALL CRAFT, PONTOONS, AND FLOATING DOCKS"
L020,TECHNICAL REPRESENTATIVE- SHIP AND MARINE EQUIPMENT
L020,TECH REP SVCS/SHIP & MARINE EQ
L022,TECHNICAL REPRESENTATIVE- RAILWAY EQUIPMENT
L022,TECH REP SVCS/RAILWAY EQ
L023,TECH REP SVCS/VEHICLES-TRAILERS-CYC
L023,"TECHNICAL REPRESENTATIVE- GROUND EFFECT VEHICLES, MOTOR VEHICLES, TRAILERS, AND CYCLES"
L024,TECHNICAL REPRESENTATIVE- TRACTORS
L024,TECH REP SVCS/TRACTORS
L025,TECH REP SVCS/VEHICULAR EQ
L025,TECHNICAL REPRESENTATIVE- VEHICULAR EQUIPMENT COMPONENTS
L026,TECHNICAL REPRESENTATIVE- TIRES AND TUBES
L026,TECH REP SVCS/TIRES & TUBES
L028,"TECHNICAL REPRESENTATIVE- ENGINES, TURBINES, AND COMPONENTS"
L028,TECH REP SVCS/ENGINES & TURBINES
L029,TECH REP SVCS/ENGINE ACCESSORIES
L029,TECHNICAL REPRESENTATIVE- ENGINE ACCESSORIES
L030,TECHNICAL REPRESENTATIVE- MECHANICAL POWER TRANSMISSION EQUIPMENT
L030,TECH REP SVCS/MECH POWER TRANS EQ
L031,TECH REP SVCS/BEARINGS
L031,TECHNICAL REPRESENTATIVE- BEARINGS
L032,TECHNICAL REPRESENTATIVE- WOODWORKING MACHINERY AND EQUIPMENT
L032,TECH REP SVCS/WOODWORKING MACHINE
L034,TECHNICAL REPRESENTATIVE- METALWORKING MACHINERY
L034,TECH REP SVCS/METALWORK MACHINE
L035,TECHNICAL REPRESENTATIVE- SERVICE AND TRADE EQUIPMENT
L035,TECH REP SVCS/SERVICE & TRADE EQ
L036,TECH REP SVCS/SP INDUSTRY MACHINERY
L036,TECHNICAL REPRESENTATIVE- SPECIAL INDUSTRY MACHINERY
L037,TECHNICAL REPRESENTATIVE- AGRICULTURAL MACHINERY AND EQUIPMENT
L037,TECH REP SVCS/AGRICULTURE MACHINE
L038,TECHNICAL REPRESENTATIVE- CONSTRUCTION/MINING/EXCAVATING/HIGHWAY MAINT EQUIP
L038,TECH REP SVCS/CONTRUCT EQ
L039,TECH REP SVCS/MATERIALS HANDLING EQ
L039,TECHNICAL REPRESENTATIVE- MATERIALS HANDLING EQUIPMENT
L040,"TECHNICAL REPRESENTATIVE- ROPE, CABLE, CHAIN, AND FITTINGS"
L040,TECH REP SVCS/ROPE-CABLE-CHAIN
L041,"TECHNICAL REPRESENTATIVE- REFRIGERATION, AIR CONDITIONING, AND AIR CIRCULATING EQUIPMENT"
L041,TECH REP SVCS/REFRIGERATION - AC EQ
L042,TECHNICAL REP- FIRE FIGHTING/RESCUE/SAFETY EQUIPMENT; ENVIRON PROTECT EQUIPMENT/MATLS
L042,TECH REP SVCS/FIRE-RESCUE-SAFETY EQ
L043,TECHNICAL REPRESENTATIVE- PUMPS AND COMPRESSORS
L043,TECH REP SVCS/PUMPS & COMPRESSORS
L044,"TECHNICAL REPRESENTATIVE- FURNACE, STEAM PLANT, AND DRYING EQUIPMENT; NUCLEAR REACTORS"
L044,TECH REP SVCS/FURNACE-NUCLEAR REAC
L045,"TECHNICAL REPRESENTATIVE- PLUMBING, HEATING, AND WASTE DISPOSAL EQUIPMENT"
L045,TECH REP SVCS/PLUMBING-HEATING EQ
L046,TECHNICAL REPRESENTATIVE- WATER PURIFICATION AND SEWAGE TREATMENT EQUIPMENT
L046,TECH REP SVCS/WATER PURIFICATION EQ
L047,"TECHNICAL REPRESENTATIVE- PIPE, TUBING, HOSE, AND FITTINGS"
L047,TECH REP SVCS/PIPE-TUBING-HOSE
L048,TECHNICAL REPRESENTATIVE- VALVES
L048,TECH REP SVCS/VALVES
L049,TECH REP SVCS/MAINT REPAIR SHOP EQ
L049,TECHNICAL REPRESENTATIVE- MAINTENANCE AND REPAIR SHOP EQUIPMENT
L051,TECH REP SVCS/HAND TOOLS
L051,TECHNICAL REPRESENTATIVE- HAND TOOLS
L052,TECHNICAL REPRESENTATIVE- MEASURING TOOLS
L052,TECH REP SVCS/MEASURING TOOLS
L053,TECHNICAL REPRESENTATIVE- HARDWARE AND ABRASIVES
L053,TECH REP SVCS/HARDWARE & ABRASIVES
L054,TECHNICAL REPRESENTATIVE- PREFABRICATED STRUCTURES AND SCAFFOLDING
L054,TECH REP SVCS/PREFAB STRUCTURES
L055,TECH REP SVCS/LUMBER & MILLWORK
L055,"TECHNICAL REPRESENTATIVE- LUMBER, MILLWORK, PLYWOOD, AND VENEER"
L056,TECH REP SVCS/CONTRUCT MATERIAL
L056,TECHNICAL REPRESENTATIVE- CONSTRUCTION AND BUILDING MATERIALS
L058,"TECHNICAL REPRESENTATIVE- COMMUNICATION, DETECTION, AND COHERENT RADIATION EQUIPMENT"
L058,TECH REP SVCS/COMMUNICATION EQ
L059,TECH REP SVCS/ELECT-ELCT EQ
L059,TECHNICAL REPRESENTATIVE- ELECTRICAL AND ELECTRONIC EQUIPMENT COMPONENTS
L060,TECH REP SVCS/FIBER OPTICS MAT
L060,"TECHNICAL REPRESENTATIVE- FIBER OPTICS MATERIALS, COMPONENTS, ASSEMBLIES, AND ACCESSORIES"
L061,TECHNICAL REPRESENTATIVE- ELECTRIC WIRE AND POWER DISTRIBUTION EQUIPMENT
L061,TECH REP SVCS/POWER DISTRIBUTION EQ
L062,TECHNICAL REPRESENTATIVE- LIGHTING FIXTURES AND LAMPS
L062,TECH REP SVCS/LIGHTING FIXTURES
L063,TECH REP SVCS/ALARM & SIGNAL SYSTEM
L063,"TECHNICAL REPRESENTATIVE- ALARM, SIGNAL, AND SECURITY DETECTION SYSTEMS"
L065,"TECHNICAL REPRESENTATIVE- MEDICAL, DENTAL, AND VETERINARY EQUIPMENT AND SUPPLIES"
L065,TECH REP SVCS/MEDICAL-DENTAL-VET EQ
L066,TECHNICAL REPRESENTATIVE- INSTRUMENTS AND LABORATORY EQUIPMENT
L066,TECH REP SVCS/INSTRUMENTS & LAB EQ
L067,TECHNICAL REPRESENTATIVE- PHOTOGRAPHIC EQUIPMENT
L067,TECH REP SVCS/PHOTOGRAPHIC EQ
L068,TECHNICAL REPRESENTATIVE- CHEMICALS AND CHEMICAL PRODUCTS
L068,TECH REP SVCS/CHEMICAL PRODUCTS
L069,TECHNICAL REPRESENTATIVE- TRAINING AIDS AND DEVICES
L069,TECH REP SVCS/TRAINING AIDS-DEVICES
L070,TECH REP SVCS/ADP EQ & SUPPLIES
L070,TECHNICAL REPRESENTATIVE- ADP EQUIPMENT/SOFTWARE/SUPPLIES/SUPPORT EQUIPMENT
L071,TECHNICAL REPRESENTATIVE- FURNITURE
L071,TECH REP SVCS/FURNITURE
L072,TECHNICAL REPRESENTATIVE- HOUSEHOLD AND COMMERCIAL FURNISHINGS AND APPLIANCES
L072,TECH REP SVCS/HOUSEHOLD FURNISHINGS
L073,TECHNICAL REPRESENTATIVE- FOOD PREPARATION AND SERVING EQUIPMENT
L073,TECH REP SVCS/FOOD PREP-SERVING EQ
L074,TECH REP SVCS/OFFICE MACHINES
L074,TECHNICAL REPRESENTATIVE- OFFICE MACHINES/TEXT PROCESSING SYS/VISIBLE RECORD EQUIPMENT
L075,TECH REP SVCS/OFFICE SUPPLIES
L075,TECHNICAL REPRESENTATIVE- OFFICE SUPPLIES AND DEVICES
L076,TECH REP SVCS/BOOKS-MAPS-PUBS
L076,"TECHNICAL REPRESENTATIVE- BOOKS, MAPS, AND OTHER PUBLICATIONS"
L077,TECH REP SVCS/MUSICAL INST-RADIO-TV
L077,TECHNICAL REPRESENTATIVE- MUSICAL INST/PHONOGRAPH/HOME RADIO
L078,TECH REP SVCS/RECREATIONAL EQ
L078,TECHNICAL REPRESENTATIVE- RECREATIONAL AND ATHLETIC EQUIPMENT
L079,TECHNICAL REPRESENTATIVE- CLEANING EQUIPMENT AND SUPPLIES
L079,TECH REP SVCS/CLEANING EQ
L080,"TECHNICAL REPRESENTATIVE- BRUSHES, PAINTS, SEALERS, AND ADHESIVES"
L080,TECH REP SVCS/BRUSHES-PAINTS-SEALER
L081,"TECHNICAL REPRESENTATIVE- CONTAINERS, PACKAGING, AND PACKING SUPPLIES"
L081,TECH REP SVCS/CONTAINERS-PACKAGING
L083,TECH REP SVCS/TEXTILES-LEATHER-FURS
L083,"TECHNICAL REPRESENTATIVE- TEXTILES, LEATHER, FURS, APPAREL/SHOE FINDINGS, TENTS/FLAGS"
L084,TECH REP SVCS/CLOTHING - INDIVID EQ
L084,"TECHNICAL REPRESENTATIVE- CLOTHING, INDIVIDUAL EQUIPMENT, AND INSIGNIA"
L085,TECHNICAL REPRESENTATIVE- TOILETRIES
L085,TECH REP SVCS/TOILETRIES
L087,TECHNICAL REPRESENTATIVE- AGRICULTURAL SUPPLIES
L087,TECH REP SVCS/AGRICULTURAL SUPPLIES
L088,TECHNICAL REPRESENTATIVE- LIVE ANIMALS
L088,TECH REP SVCS/LIVE ANIMALS
L089,TECH REP SVCS/SUBSISTENCE
L089,TECHNICAL REPRESENTATIVE- SUBSISTENCE
L091,TECH REP SVCS/FUELS-LUBRICANTS-OILS
L091,"TECHNICAL REPRESENTATIVE- FUELS, LUBRICANTS, OILS, AND WAXES"
L093,TECH REP SVCS/NONMETALIC FAB MAT
L093,TECHNICAL REPRESENTATIVE- NONMETALLIC FABRICATED MATERIALS
L094,TECHNICAL REPRESENTATIVE- NONMETALLIC CRUDE MATERIALS
L094,TECH REP SVCS/NONMETALIC CRUDE MAT
L095,"TECHNICAL REPRESENTATIVE- METAL BARS, SHEETS, AND SHAPES"
L095,TECH REP SVCS/METAL BARS & SHEETS
L096,"TECHNICAL REPRESENTATIVE- ORES, MINERALS, AND THEIR PRIMARY PRODUCTS"
L096,TECH REP SVCS/ORES & MINERALS
L099,TECHNICAL REPRESENTATIVE- MISCELLANEOUS
L099,TECH REP SVCS /MISC EQ
M,OPERATION OF GOVT OWNED FACILITY
M1,OPERATE GOVT OWNED BUILDINGS
M111,OPERATION OF OFFICE BUILDINGS
M112,OPER OF GOVT CONF SPACE & FAC
M119,OPER OF GOVT OTHER ADMIN-SVC BLDGS
M121,OPER OF GOVT AIR TRAFFIC TOWERS
M122,OPER OF GOVT AIR TRAFFIC TNG FAC
M123,OPER OF GOVT RADAR & NAV FACILITY
M124,OPERATION OF AIRPORT RUNWAYS
M125,OPERATION OF AIRPORT TERMINALS
M126,OPER OF GOVT MISSILE SYSTEMS FAC
M127,OPER OF GOVT ELCT & COMM SYS FAC
M129,OPER OF GOVT OTHER AIRFIELD STRUCT
M131,OPERATION OF SCHOOLS
M139,OPER OF GOVT OTHER EDUCATIONAL BLDG
M141,OPER OF GOVT HOSPITALS & INFIRMARY
M142,OPER OF GOVT LABS & CLINICS
M149,OPER OF GOVT OTHER HOSPITAL BLDGS
M151,OPERATION OF AMMUNITION FACILITIES
M152,OPERATION OF MAINTENANCE BUILDINGS
M153,OPERATION OF PRODUCTION BUILDINGS
M154,OPER OF GOVT SHIP CONST-REP FAC
M155,OPER OF GOVT TANK AUTOMOTIVE FAC
M159,OPER OF GOVT OTHER INDUSTRIAL BLDG
M161,OPER OF GOVT FAMILY HOUSING
M162,OPERATION OF RECREATIONAL BUILDINGS
M163,OPER OF GOVT TROOP HOUSING
M164,OPERATION OF DINING FACILITIES
M165,OPERATION OF RELIGIOUS FACILITIES
M166,OPERATION OF PENAL FACILITIES
M169,OPER OF GOVT OTHER RESIDENTIAL BLDG
M171,OPER OF GOVT AMMO STORAGE BLDGS
M172,OPER OF GOVT FOOD STORAGE BLDGS
M173,OPERATION OF FUEL STORAGE BUILDINGS
M174,OPER OF GOVT OPEN STORAGE FAC
M179,OPER OF GOVT OTHER WAREHOUSE BLDGS
M181,OPER OF GOVT R&D GOCO FACILITIES
M182,OPER OF GOVT R&D GOGO FACILITIES
M183,OPER OF GOVT R&D GOCO ENVIR LABS
M184,OPER OF GOVT R&D GOGO ENVIR LABS
M191,OPER OF GOVT EXHIBITION BUILDINGS
M192,OPER OF GOVT TEST BUILDINGS
M199,OPER OF GOVT MISC BLDGS
M1AA,OPERATION OF OFFICE BUILDINGS
M1AB,OPERATION OF CONFERENCE SPACE AND FACILITIES
M1AZ,OPERATION OF OTHER ADMINISTRATIVE FACILITIES AND SERVICE BUILDINGS
M1BA,OPERATION OF AIR TRAFFIC CONTROL TOWERS
M1BB,OPERATION OF AIR TRAFFIC CONTROL TRAINING FACILITIES
M1BC,OPERATION OF RADAR AND NAVIGATIONAL FACILITIES
M1BD,OPERATION OF AIRPORT RUNWAYS AND TAXIWAYS
M1BE,OPERATION OF AIRPORT TERMINALS
M1BF,OPERATION OF MISSILE SYSTEM FACILITIES
M1BG,OPERATION OF ELECTRONIC AND COMMUNICATIONS FACILITIES
M1BZ,OPERATION OF OTHER AIRFIELD STRUCTURES
M1CA,OPERATION OF SCHOOLS
M1CZ,OPERATION OF OTHER EDUCATIONAL BUILDINGS
M1DA,OPERATION OF HOSPITALS AND INFIRMARIES
M1DB,OPERATION OF LABORATORIES AND CLINICS
M1DZ,OPERATION OF OTHER HOSPITAL BUILDINGS
M1EA,OPERATION OF AMMUNITION FACILITIES
M1EB,OPERATION OF MAINTENANCE BUILDINGS
M1EC,OPERATION OF PRODUCTION BUILDINGS
M1ED,OPERATION OF SHIP CONSTRUCTION AND REPAIR FACILITIES
M1EE,OPERATION OF TANK AUTOMOTIVE FACILITIES
M1EZ,OPERATION OF OTHER INDUSTRIAL BUILDINGS
M1FA,OPERATION OF FAMILY HOUSING FACILITIES
M1FB,OPERATION OF RECREATIONAL BUILDINGS
M1FC,OPERATION OF TROOP HOUSING FACILITIES
M1FD,OPERATION OF DINING FACILITIES
M1FE,OPERATION OF RELIGIOUS FACILITIES
M1FF,OPERATION OF PENAL FACILITIES
M1FZ,OPERATION OF OTHER RESIDENTIAL BUILDINGS
M1GA,OPERATION OF AMMUNITION STORAGE BUILDINGS
M1GB,OPERATION OF FOOD OR GRAIN STORAGE BUILDINGS
M1GC,OPERATION OF FUEL STORAGE BUILDINGS
M1GD,OPERATION OF OPEN STORAGE FACILITIES
M1GZ,OPERATION OF OTHER WAREHOUSE BUILDINGS
M1HA,OPERATION OF GOVERNMENT-OWNED CONTRACTOR-OPERATED (GOCO) R&D FACILITIES
M1HB,OPERATION OF GOVERNMENT-OWNED GOVERNMENT-OPERATED (GOGO) R&D FACILITIES
M1HC,OPERATION OF GOVERNMENT-OWNED CONTRACTOR-OPERATED (GOCO) ENVIRONMENTAL LABORATORIES
M1HZ,OPERATION OF GOVERNMENT-OWNED GOVERNMENT-OPERATED (GOGO) ENVIRONMENTAL LABORATORIES
M1JA,OPERATION OF MUSEUMS AND EXHIBITION BUILDINGS
M1JB,OPERATION OF TESTING AND MEASUREMENT BUILDINGS
M1JZ,OPERATION OF MISCELLANEOUS BUILDINGS
M1KA,OPERATION OF DAMS
M1KB,OPERATION OF CANALS
M1KC,OPERATION OF MINE FIRE CONTROL FACILITIES
M1KD,OPERATION OF MINE SUBSIDENCE CONTROL FACILITIES
M1KE,OPERATION OF SURFACE MINE RECLAMATION FACILITIES
M1KF,OPERATION OF DREDGING FACILITIES
M1KZ,OPERATION OF OTHER CONSERVATION AND DEVELOPMENT FACILITIES
M1LA,OPERATION OF AIRPORT SERVICE ROADS
M1LB,"OPERATION OF HIGHWAYS, ROADS, STREETS, BRIDGES, AND RAILWAYS"
M1LC,OPERATION OF TUNNELS AND SUBSURFACE STRUCTURES
M1LZ,OPERATION OF PARKING FACILITIES
M1MA,OPERATION OF EPG FACILITIES - COAL
M1MB,OPERATION OF EPG FACILITIES - GAS
M1MC,OPERATION OF EPG FACILITIES - GEOTHERMAL
M1MD,OPERATION OF EPG FACILITIES - HYDRO
M1ME,OPERATION OF EPG FACILITIES - NUCLEAR
M1MF,OPERATION OF EPG FACILITIES - PETROLEUM
M1MG,OPERATION OF EPG FACILITIES - SOLAR
M1MH,OPERATION OF EPG FACILITIES - WIND
M1MZ,"OPERATION OF EPG FACILITIES - OTHER, INCLUDING TRANSMISSION"
M1NA,OPERATION OF FUEL SUPPLY FACILITIES
M1NB,OPERATION OF HEATING AND COOLING PLANTS
M1NC,OPERATION OF POLLUTION ABATEMENT AND CONTROL FACILITIES
M1ND,OPERATION OF SEWAGE AND WASTE FACILITIES
M1NE,OPERATION OF WATER SUPPLY FACILITIES
M1NZ,OPERATION OF OTHER UTILITIES
M1PA,OPERATION OF RECREATION FACILITIES (NON-BUILDING)
M1PB,OPERATION OF EXHIBIT DESIGN (NON-BUILDING)
M1PC,OPERATION OF UNIMPROVED REAL PROPERTY (LAND)
M1PD,OPERATION OF WASTE TREATMENT AND STORAGE FACILITIES
M1PZ,OPERATION OF OTHER NON-BUILDING FACILITIES
M1QA,OPERATION OF RESTORATION OF REAL PROPERTY (PUBLIC OR PRIVATE)
M2,"OPERATION OF SHIPS, SMALL CRAFTS, PONTOONS AND FLOATING DOCKS"
M2,OPERATE GOV OWNED NONBUILDING FACIL
M2AA,HUSBANDING SERVICES—COMMUNICATIONS SERVICES
M2AB,HUSBANDING SERVICES—FORCE PROTECTION
M2AC,HUSBANDING SERVICES—REMOVAL SERVICES
M2AD,HUSBANDING SERVICES—MATERIAL HANDLING
M2AE,HUSBANDING SERVICES—PURCHASING SERVICES
M2AF,HUSBANDING SERVICES—INCIDENTAL SERVICES
M2BA,HUSBANDING SERVICES—TRANSPORTATION SERVICES
M2BB,HUSBANDING SERVICES—FUEL SERVICES
M2BZ,HUSBANDING SERVICES—OTHER PORT SERVICES
M2CA,SHIP HUSBANDING SERVICES—MANAGEMENT/INTEGRATION SERVICE
M211,OPERATION OF DAMS
M212,OPERATION OF CANALS
M213,OPER OF GOVT MINE FIRE CONT
M214,OPER OF GOVT MINE SUBSIDENCE CONTR
M215,OPER OF GOVT SURFACE MINE RECLAM
M216,OPERATION OF DREDGING
M219,OPER OF GOVT OTHER CONSV STRUCTURE
M221,OPERATION OF AIRPORT SERVICE ROADS
M222,OPER OF GOVT HWYS-RDS-STS-BRDGS-RAI
M223,OPER OF GOVT TUNNELS-SUBSURF STRUC
M224,OPER OF GOVT PARKING FACILITIES
M231,OPERATION OF EPG FACILITIES - COAL
M232,OPERATION OF EPG FACILITIES - GAS
M233,OPER OF GOVT EPG - GEOTHERMAL
M234,OPERATION OF EPG FACILITIES - HYDRO
M235,OPER OF GOVT EPG - NUCLEAR
M236,OPER OF GOVT EPG - PETROLEUM
M237,OPERATION OF EPG FACILITIES - SOLAR
M239,OPER OF GOVT EPG - OTHER
M241,OPERATION OF FUEL SUPPLY FACILITIES
M242,OPER OF GOVT HEATING & COOL PLANTS
M243,OPER OF GOVT POLLUTION ABATEMENT
M244,OPER OF GOVT SEWAGE & WASTE
M245,OPER OF GOVT WATER SUPPLY
M249,OPERATION OF OTHER UTILITIES
M291,OPER OF GOVT RECREA NON-BLDG STRUC
M292,OPER OF GOVT EXHIBIT (NON BLDG)
M293,OPER OF GOVT UNIMPROVED REAL PROP
M294,OPER OF GOVT WASTE TRMT-STORE FAC
M299,OPER OF GOVT ALL OTH NON-BLDG FACS
M3,OPERATE RESTORATION ACTIVITIES
M300,OPER OF GOVT RESTORATION
N,INSTALLATION OF EQUIPMENT
N0,INSTALLATION OF EQUIPMENT
N010,INSTALLATION OF EQUIPMENT- WEAPONS
N010,INSTALLATION OF EQUIPMENT: WEAPONS
N011,INSTALLATION OF EQUIPMENT- NUCLEAR ORDNANCE
N011,INSTALL OF NUCLEAR ORDNANCE
N012,INSTALLATION OF EQUIPMENT- FIRE CONTROL EQUIPMENT
N012,INSTALL OF FIRE CONT EQ
N013,INSTALLATION OF EQUIPMENT- AMMUNITION AND EXPLOSIVES
N013,INSTALL OF AMMO & EXPLOSIVES
N014,INSTALLATION OF EQUIPMENT- GUIDED MISSILES
N014,INSTALL OF GUIDED MISSILES
N015,INSTALLATION OF EQUIPMENT- AIRCRAFT AND AIRFRAME STRUCTURAL COMPONENTS
N015,INSTALL OF AIRCRAFT
N016,INSTALLATION OF EQUIPMENT- AIRCRAFT COMPONENTS AND ACCESSORIES
N016,INSTALL OF AIRCRAFT COMPONENTS
N017,"INSTALLATION OF EQUIPMENT- AIRCRAFT LAUNCHING, LANDING, AND GROUND HANDLING EQUIPMENT"
N017,INSTALL OF AIRCRAFT GROUND EQ
N018,INSTALLATION OF EQUIPMENT- SPACE VEHICLES
N018,INSTALL OF SPACE VEHICLES
N019,INSTALL OF SHIPS-SML CRAFT-DOCKS
N019,"INSTALLATION OF EQUIPMENT- SHIPS, SMALL CRAFT, PONTOONS, AND FLOATING DOCKS"
N020,INSTALL OF SHIP & MARINE EQ
N020,INSTALLATION OF EQUIPMENT- SHIP AND MARINE EQUIPMENT
N022,INSTALLATION OF EQUIPMENT- RAILWAY EQUIPMENT
N022,INSTALL OF RAILWAY EQ
N023,"INSTALLATION OF EQUIPMENT- GROUND EFFECT VEHICLES, MOTOR VEHICLES, TRAILERS, AND CYCLES"
N023,INSTALL OF VEHICLES-TRAILERS-CYC
N024,INSTALLATION OF EQUIPMENT- TRACTORS
N024,INSTALLATION OF EQUIPMENT: TRACTORS
N025,INSTALL OF VEHICULAR EQ
N025,INSTALLATION OF EQUIPMENT- VEHICULAR EQUIPMENT COMPONENTS
N026,INSTALL OF TIRES & TUBES
N026,INSTALLATION OF EQUIPMENT- TIRES AND TUBES
N028,"INSTALLATION OF EQUIPMENT- ENGINES, TURBINES, AND COMPONENTS"
N028,INSTALL OF ENGINES & TURBINES
N029,INSTALL OF ENGINE ACCESSORIES
N029,INSTALLATION OF EQUIPMENT- ENGINE ACCESSORIES
N030,INSTALL OF MECH POWER TRANS EQ
N030,INSTALLATION OF EQUIPMENT- MECHANICAL POWER TRANSMISSION EQUIPMENT
N031,INSTALLATION OF EQUIPMENT- BEARINGS
N031,INSTALLATION OF EQUIPMENT: BEARINGS
N032,INSTALLATION OF EQUIPMENT- WOODWORKING MACHINERY AND EQUIPMENT
N032,INSTALL OF WOODWORKING MACHINE
N034,INSTALL OF METALWORK MACHINE
N034,INSTALLATION OF EQUIPMENT- METALWORKING MACHINERY
N035,INSTALL OF SERVICE & TRADE EQ
N035,INSTALLATION OF EQUIPMENT- SERVICE AND TRADE EQUIPMENT
N036,INSTALL OF SP INDUSTRY MACHINERY
N036,INSTALLATION OF EQUIPMENT- SPECIAL INDUSTRY MACHINERY
N037,INSTALL OF AGRICULTURE MACHINE
N037,INSTALLATION OF EQUIPMENT- AGRICULTURAL MACHINERY AND EQUIPMENT
N038,"INSTALLATION OF EQUIPMENT- CONSTRUCTION, MINING, EXCAVATING, AND HIGHWAY MAINTENANCE EQUIPMENT"
N038,INSTALL OF CONTRUCT EQ
N039,INSTALL OF MATERIALS HANDLING EQ
N039,INSTALLATION OF EQUIPMENT- MATERIALS HANDLING EQUIPMENT
N040,INSTALL OF ROPE-CABLE-CHAIN
N040,"INSTALLATION OF EQUIPMENT- ROPE, CABLE, CHAIN, AND FITTINGS"
N041,"INSTALLATION OF EQUIPMENT- REFRIGERATION, AIR CONDITIONING, AND AIR CIRCULATING EQUIPMENT"
N041,INSTALL OF REFRIGERATION - AC EQ
N042,INSTALLATION OF EQUIPMENT- FIRE FIGHTING/RESCUE/SAFETY EQUIPMENT; ENVIRON PROTECT EQUIPMENT/MATLS
N042,INSTALL OF FIRE-RESCUE-SAFETY EQ
N043,INSTALL OF PUMPS & COMPRESSORS
N043,INSTALLATION OF EQUIPMENT- PUMPS AND COMPRESSORS
N044,INSTALL OF FURNACE-NUCLEAR REAC
N044,"INSTALLATION OF EQUIPMENT- FURNACE, STEAM PLANT, AND DRYING EQUIPMENT; NUCLEAR REACTORS"
N045,INSTALL OF PLUMBING-HEATING EQ
N045,"INSTALLATION OF EQUIPMENT- PLUMBING, HEATING, AND WASTE DISPOSAL EQUIPMENT"
N046,INSTALL OF WATER PURIFICATION EQ
N046,INSTALLATION OF EQUIPMENT- WATER PURIFICATION AND SEWAGE TREATMENT EQUIPMENT
N047,"INSTALLATION OF EQUIPMENT- PIPE, TUBING, HOSE, AND FITTINGS"
N047,INSTALL OF PIPE-TUBING-HOSE
N048,INSTALLATION OF EQUIPMENT: VALVES
N048,INSTALLATION OF EQUIPMENT- VALVES
N049,INSTALLATION OF EQUIPMENT- MAINTENANCE AND REPAIR SHOP EQUIPMENT
N049,INSTALL OF MAINT REPAIR SHOP EQ
N051,INSTALL OF HAND TOOLS
N051,INSTALLATION OF EQUIPMENT- HAND TOOLS
N052,INSTALLATION OF EQUIPMENT- MEASURING TOOLS
N052,INSTALL OF MEASURING TOOLS
N053,INSTALLATION OF EQUIPMENT- HARDWARE AND ABRASIVES
N053,INSTALL OF HARDWARE & ABRASIVES
N054,INSTALLATION OF EQUIPMENT- PREFABRICATED STRUCTURES AND SCAFFOLDING
N054,INSTALL OF PREFAB STRUCTURES
N055,INSTALL OF LUMBER & MILLWORK
N055,"INSTALLATION OF EQUIPMENT- LUMBER, MILLWORK, PLYWOOD, AND VENEER"
N056,INSTALL OF CONTRUCT MATERIAL
N056,INSTALLATION OF EQUIPMENT- CONSTRUCTION AND BUILDING MATERIALS
N058,"INSTALLATION OF EQUIPMENT- COMMUNICATION, DETECTION, AND COHERENT RADIATION EQUIPMENT"
N058,INSTALL OF COMMUNICATION EQ
N059,INSTALL OF ELECT-ELCT EQ
N059,INSTALLATION OF EQUIPMENT- ELECTRICAL AND ELECTRONIC EQUIPMENT COMPONENTS
N060,INSTALL OF FIBER OPTICS MATERIAL
N060,"INSTALLATION OF EQUIPMENT- FIBER OPTICS MATERIALS, COMPONENTS, ASSEMBLIES, AND ACCESSORIES"
N061,INSTALL OF POWER DISTRIBUTION EQ
N061,INSTALLATION OF EQUIPMENT- ELECTRIC WIRE AND POWER DISTRIBUTION EQUIPMENT
N062,INSTALL OF LIGHTING FIXTURES
N062,INSTALLATION OF EQUIPMENT- LIGHTING FIXTURES AND LAMPS
N063,"INSTALLATION OF EQUIPMENT- ALARM, SIGNAL, AND SECURITY DETECTION SYSTEMS"
N063,INSTALL OF ALARM & SIGNAL SYSTEM
N065,"INSTALLATION OF EQUIPMENT- MEDICAL, DENTAL, AND VETERINARY EQUIPMENT AND SUPPLIES"
N065,INSTALL OF MEDICAL-DENTAL-VET EQ
N066,INSTALL OF INSTRUMENTS & LAB EQ
N066,INSTALLATION OF EQUIPMENT- INSTRUMENTS AND LABORATORY EQUIPMENT
N067,INSTALLATION OF EQUIPMENT- PHOTOGRAPHIC EQUIPMENT
N067,INSTALL OF PHOTOGRAPHIC EQ
N068,INSTALL OF CHEMICAL PRODUCTS
N068,INSTALLATION OF EQUIPMENT- CHEMICALS AND CHEMICAL PRODUCTS
N069,INSTALL OF TRAINING AIDS-DEVICES
N069,INSTALLATION OF EQUIPMENT- TRAINING AIDS AND DEVICES
N070,INSTALLATION OF EQUIPMENT- ADP EQUIPMENT/SOFTWARE/SUPPLIES/SUPPORT EQUIPMENT
N070,INSTALL OF ADP EQ & SUPPLIES
N071,INSTALLATION OF EQUIPMENT- FURNITURE
N071,INSTALL OF FURNITURE
N072,INSTALLATION OF EQUIPMENT- HOUSEHOLD AND COMMERCIAL FURNISHINGS AND APPLIANCES
N072,INSTALL OF HOUSEHOLD FURNISHINGS
N073,INSTALLATION OF EQUIPMENT- FOOD PREPARATION AND SERVING EQUIPMENT
N073,INSTALL OF FOOD PREP-SERVING EQ
N074,"INSTALLATION OF EQUIPMENT- OFFICE MACHINES, TEXT PROCESSING SYSTEMS, AND VISIBLE RECORD EQUIPMENT"
N074,INSTALL OF OFFICE MACHINES
N075,INSTALLATION OF EQUIPMENT- OFFICE SUPPLIES AND DEVICES
N075,INSTALL OF OFFICE SUPPLIES
N076,"INSTALLATION OF EQUIPMENT- BOOKS, MAPS, AND OTHER PUBLICATIONS"
N076,INSTALL OF BOOKS-MAPS-PUBS
N077,INSTALLATION OF EQUIPMENT- MUSICAL INST/PHONOGRAPH/HOME RADIO
N077,INSTALL OF MUSICAL INST-RADIO-TV
N078,INSTALLATION OF EQUIPMENT- RECREATIONAL AND ATHLETIC EQUIPMENT
N078,INSTALL OF RECREATIONAL EQ
N079,INSTALL OF CLEANING EQ
N079,INSTALLATION OF EQUIPMENT- CLEANING EQUIPMENT AND SUPPLIES
N080,INSTALL OF BRUSHES-PAINTS-SEALER
N080,"INSTALLATION OF EQUIPMENT- BRUSHES, PAINTS, SEALERS, AND ADHESIVES"
N081,INSTALL OF CONTAINERS-PACKAGING
N081,"INSTALLATION OF EQUIPMENT- CONTAINERS, PACKAGING, AND PACKING SUPPLIES"
N083,INSTALL OF TEXTILES-LEATHER-FURS
N083,"INSTALLATION OF EQUIPMENT- TEXTILES, LEATHER, FURS, APPAREL AND SHOE FINDINGS, TENTS AND FLAGS"
N084,INSTALL OF CLOTHING - INDIVID EQ
N084,"INSTALLATION OF EQUIPMENT- CLOTHING, INDIVIDUAL EQUIPMENT, AND INSIGNIA"
N085,INSTALLATION OF EQUIPMENT- TOILETRIES
N085,INSTALL OF TOILETRIES
N087,INSTALLATION OF EQUIPMENT- AGRICULTURAL SUPPLIES
N087,INSTALL OF AGRICULTURAL SUPPLIES
N088,INSTALLATION OF EQUIPMENT- LIVE ANIMALS
N088,INSTALL OF LIVE ANIMALS
N089,INSTALLATION OF EQUIPMENT- SUBSISTENCE
N089,INSTALL OF SUBSISTENCE
N091,"INSTALLATION OF EQUIPMENT- FUELS, LUBRICANTS, OILS, AND WAXES"
N091,INSTALL OF FUELS-LUBRICANTS-OILS
N093,INSTALLATION OF EQUIPMENT- NONMETALLIC FABRICATED MATERIALS
N093,INSTALL OF NONMETALIC FAB MAT
N094,INSTALL OF NONMETALIC CRUDE MAT
N094,INSTALLATION OF EQUIPMENT- NONMETALLIC CRUDE MATERIALS
N095,"INSTALLATION OF EQUIPMENT- METAL BARS, SHEETS, AND SHAPES"
N095,INSTALL OF METAL BARS & SHEETS
N096,INSTALL OF ORES & MINERALS
N096,"INSTALLATION OF EQUIPMENT- ORES, MINERALS, AND THEIR PRIMARY PRODUCTS"
N099,INSTALL OF MISC EQ
N099,INSTALLATION OF EQUIPMENT- MISCELLANEOUS
P,SALVAGE SERVICES
P1,DISPOSAL OF EXCESS/SURPLUS PROPERTY
P100,DISPOSAL OF SURPLUS PROPERTY
P100,SALVAGE- PREPARATION AND DISPOSAL OF EXCESS/SURPLUS PROPERTY
P2,SALVAGE OF AIRCRAFT
P200,SALVAGE OF AIRCRAFT
P200,SALVAGE- AIRCRAFT
P3,SALVAGE OF MARINE VESSELS
P300,SALVAGE OF MARINE VESSELS
P300,SALVAGE- MARINE VESSELS
P4,DEMOLITION OF BUILDINGS
P400,SALVAGE- DEMOLITION OF BUILDINGS
P400,DEMOLITION OF BUILDINGS
P5,DEMOLITION OF NONBUILDING FACILITY
P500,DEMOLITION OF STRUCTURES/FACILITIES
P500,SALVAGE- DEMOLITION OF STRUCTURES/FACILITIES (OTHER THAN BUILDINGS)
P9,OTHER SALVAGE SERVICES
P999,SALVAGE- OTHER
P999,OTHER SALVAGE SERVICES
Q,MEDICAL SERVICES
Q1,DEPENDENT MEDICARE SERVICES
Q101,MEDICAL- DEPENDENT MEDICARE
Q101,DEPENDENT MEDICARE SERVICES
Q2,GENERAL HEALTH CARE SERVICES
Q201,GENERAL HEALTH CARE SERVICES
Q201,MEDICAL- GENERAL HEALTH CARE
Q201,MEDICAL- MANAGED HEALTHCARE
Q3,LABORATORY TESTING SERVICES
Q301,LABORATORY TESTING SERVICES
Q301,MEDICAL- LABORATORY TESTING
Q301,REFERENCE LABORATORY TESTING
Q4,"NURSING, NURSING HOME, EVAL/SCREEN"
Q401,NURSING SERVICES
Q401,MEDICAL- NURSING
Q401,MEDICAL- NURSING
Q402,NURSING HOME CARE CONTRACTS
Q402,MEDICAL- NURSING HOME CARE CONTRACTS
Q402,"NURSING HOME, LONG-TERM & ADULT DAY CARE SERVICES"
Q403,EVALUATION AND SCREENING
Q403,MEDICAL- EVALUATION/SCREENING
Q403,MEDICAL- EVALUATION/SCREENING
Q5,"MEDICAL, DENTAL, AND SURGICAL SVCS"
Q501,ANESTHESIOLOGY SERVICES
Q501,MEDICAL- ANESTHESIOLOGY
Q501,MEDICAL- ANESTHESIOLOGY
Q502,CARDIO-VASCULAR SERVICES
Q502,MEDICAL- CARDIO-VASCULAR
Q502,CARDIOLOGY
Q503,DENTISTRY SERVICES
Q503,MEDICAL- DENTISTRY
Q503,MEDICAL- DENTISTRY
Q504,DERMATOLOGY SERVICES
Q504,MEDICAL- DERMATOLOGY
Q504,MEDICAL- DERMATOLOGY
Q505,GASTROENTEROLOGY SERVICES
Q505,MEDICAL- GASTROENTEROLOGY
Q505,MEDICAL- GASTROENTEROLOGY
Q506,GERIATRIC SERVICES
Q506,MEDICAL- GERIATRIC
Q507,GYNECOLOGY SERVICES
Q507,MEDICAL- GYNECOLOGY
Q507,OBSTETRICS & GYNECOLOGY
Q508,HEMATOLOGY SERVICES
Q508,MEDICAL- HEMATOLOGY
Q508,HEMATOLOGY & ONCOLOGY
Q509,INTERNAL MEDICINE SERVICES
Q509,MEDICAL- INTERNAL MEDICINE
Q509,FAMILY & INTERNAL MEDICINE SERVICES
Q510,NEUROLOGY SERVICES
Q510,MEDICAL- NEUROLOGY
Q510,MEDICAL- NEUROLOGY
Q511,OPHTHALMOLOGY SERVICES
Q511,MEDICAL- OPHTHALMOLOGY
Q511,OPHTHALMOLOGY & OPTOMETRY
Q512,OPTOMETRY SERVICES
Q512,MEDICAL- OPTOMETRY
Q513,ORTHOPEDIC SERVICES
Q513,MEDICAL- ORTHOPEDIC
Q513,ORTHOPEDIC SURGERY SERVICES
Q514,OTOLARYNGOLOGY SERVICES
Q514,MEDICAL- OTOLARYNGOLOGY
Q514,MEDICAL- OTOLARYNGOLOGY
Q515,PATHOLOGY SERVICES
Q515,MEDICAL- PATHOLOGY
Q515,MEDICAL- PATHOLOGY
Q516,PEDIATRIC SERVICES
Q516,MEDICAL- PEDIATRIC
Q516,MEDICAL- PEDIATRIC
Q517,PHARMACOLOGY SERVICES
Q517,MEDICAL- PHARMACOLOGY
Q517,PHARMACY SERVICES
Q518,PHYSICAL MEDICINE & REHABILITATION
Q518,MEDICAL- PHYSICAL MEDICINE/REHABILITATION
Q518,MEDICAL- PHYSICAL MEDICINE/REHABILITATION
Q519,PSYCHIATRY SERVICES
Q519,MEDICAL- PSYCHIATRY
Q519,BEHAVIORAL AND MENTAL HEALTH
Q520,PODIATRY SERVICES
Q520,MEDICAL- PODIATRY
Q520,MEDICAL- PODIATRY
Q521,PULMONARY SERVICES
Q521,MEDICAL- PULMONARY
Q521,MEDICAL- PULMONARY
Q522,RADIOLOGY SERVICES
Q522,MEDICAL- RADIOLOGY
Q522,MEDICAL- RADIOLOGY
Q523,SURGERY SERVICES
Q523,MEDICAL- SURGERY
Q523,MEDICAL- SURGERY
Q524,THORACIC SERVICES
Q524,MEDICAL- THORACIC
Q524,CARDIOTHORACIC SURGERY
Q525,UROLOGY SERVICES
Q525,MEDICAL- UROLOGY
Q525,MEDICAL- UROLOGY
Q526,MEDICAL/PSYCH CONSULTATION SVCS
Q526,MEDICAL- MEDICAL/PSYCHIATRIC CONSULTATION
Q527,NUCLEAR MEDICINE
Q527,MEDICAL- NUCLEAR MEDICINE
Q527,MEDICAL- NUCLEAR MEDICINE
Q528,SOCIAL WORK
Q529,EMERGENCY MEDICINE SERVICES
Q530,ENDOCRINOLOGY MEDICINE SERVICES
Q531,NEPHROLOGY MEDICINE SERVICES
Q532,CHIROPRACTIC & ACUPUNCTURE SERVICES
Q533,OCCUPATIONAL & PUBLIC HEALTH SERVICES
Q6,CERTIFIED MEDICAL SUPPORT
Q601,MEDICAL CODING AND AUDITING
Q601,MEDICAL CODING AND AUDITING
Q602,MEDICAL RECORDS
Q602,MEDICAL RECORDS
Q603,MEDICAL TRANSCRIPTIONS
Q603,MEDICAL TRANSCRIPTIONS
Q7,SPECIALIZED TECHNICAL/ MEDICAL SUPPORT
Q701,SPECIALIZED MEDICAL SUPPORT
Q701,SPECIALIZED MEDICAL SUPPORT
Q702,TECHNICAL MEDICAL SUPPORT
Q702,TECHNICAL MEDICAL SUPPORT
Q8,CLERICAL MEDICAL SUPPORT
Q801,MEDICAL APPOINTING SERVICES
Q801,MEDICAL APPOINTING SERVICES
Q802,CLERICAL MEDICAL SUPPORT
Q802,CLERICAL MEDICAL SUPPORT
Q9,OTHER MEDICAL SERVICES
Q901,ASEPTIC HOUSEKEEPING SERVICES
Q901,HEALTHCARE ENVIRONMENTAL CLEANING
Q901,HEALTHCARE ENVIRONMENTAL CLEANING
Q999,OTHER MEDICAL SERVICES
Q999,MEDICAL- OTHER
R,"SUPPORT SVCS (PROF, ADMIN, MGMT)"
R1,BUILDINGS AND FACILITIES (OBSOLETE)
R111,BLDGS & FAC / ADMIN & SVC BLDGS
R112,BLDGS & FAC / AIRFIELD & MSL FAC
R113,BLDGS & FAC / EDUCATIONAL BLDGS
R114,BLDGS & FAC / HOSPITAL BUILDINGS
R115,BLDGS & FAC / INDUSTRIAL BLDGS
R116,BLDGS & FAC / RESIDENTIAL BLDGS
R117,BLDGS & FAC / WAREHOUSE BLDGS
R118,BLDGS & FAC / R&D FACILITIES
R119,BLDGS & FAC / OTHER BUILDINGS
R121,NON-BLDG / CONSERVATION & DEV
R122,NON-BLDG / HWYS-ROADS-BRIDGES
R123,NON-BLDG / ELECTRIC POWER GENR
R124,NON-BLDG / UTILITIES
R129,NON-BLDG / OTHER
R199,
R2,ARCHITECT-ENGINEER (OBSOLETE CODES)
R211,A/E - NON CONTRUCT - GENERAL
R212,A/E - DRAFTING ENGINEERING
R213,A/E - INSPECT - NON CONTRUCT
R214,A/E - MANAGEMENT ENGINEERING
R215,A/E - PRODUCTION ENGINEERING
R216,A/E - MARINE ENGINEERING
R219,OTHER ARCHITECTS & ENGIN GEN
R3,ADP SERVICES (OBSOLETE CODES)
R301,ADP FACILITY MANAGEMENT
R302,ADP SYSTEMS DEVELOP & PROGRAMMING
R303,ADP SVCS/DATA ENTRY
R304,ADP SVCS/DATA TRANSMISSION
R305,ADP TELEPROCESSING SVCS
R306,ADP SYSTEM ANALYSIS
R307,AUTOMATED INFORMATION SYSTEM SVCS
R399,OTHER ADP SVCS
R4,PROFESSIONAL SERVICES
R401,PERSONAL CARE SERVICES
R401,SUPPORT- PROFESSIONAL: PERSONAL CARE (NON-MEDICAL)
R402,REAL ESTATE BROKERAGE SERVICES
R402,SUPPORT- PROFESSIONAL: REAL ESTATE BROKERAGE
R403,REAL ESTATE BROKERAGE SERVICES
R404,PROF SVCS/LAND SURVEYS - CADASTRAL
R404,SUPPORT- PROFESSIONAL: LAND SURVEYS-CADASTRAL (NON-CONSTRUCTION)
R405,SUPPORT- PROFESSIONAL: OPERATIONS RESEARCH/QUANTITATIVE ANALYSIS
R405,OPERATIONS RESEARCH & QUANTITATIVE
R406,SUPPORT- PROFESSIONAL: POLICY REVIEW/DEVELOPMENT
R406,POLICY REVIEW/DEVELOPMENT SERVICES
R407,PROGRAM EVALUATION SERVICES
R408,SUPPORT- PROFESSIONAL: PROGRAM MANAGEMENT/SUPPORT
R408,PROGRAM MANAGEMENT/SUPPORT SERVICES
R409,PROGRAM REVIEW/DEVELOPMENT SERVICES
R410,SUPPORT- PROFESSIONAL: PROGRAM EVALUATION/REVIEW/DEVELOPMENT
R411,SUPPORT- PROFESSIONAL: REAL PROPERTY APPRAISALS
R411,PROF SVCS/REAL PROPERTY APPRAISALS
R412,SUPPORT- PROFESSIONAL: SIMULATION
R412,SIMULATION
R413,SUPPORT- PROFESSIONAL: SPECIFICATIONS DEVELOPMENT
R413,SPECIFICATIONS DEVELOPMENT SERVICES
R414,SYSTEMS ENGINEERING SERVICES
R415,PROF SVCS/TECH SHARING-UTIL
R415,SUPPORT- PROFESSIONAL: TECHNOLOGY SHARING/UTILIZATION
R416,SUPPORT- PROFESSIONAL: VETERINARY/ANIMAL CARE
R416,VETERINARY/ANIMAL CARE SERVICES
R418,LEGAL SERVICES
R418,SUPPORT- PROFESSIONAL: LEGAL
R419,EDUCATIONAL SERVICES
R420,SUPPORT- PROFESSIONAL: CERTIFICATIONS AND ACCREDITATIONS (OTHER THAN EDUC OR INFO TECH C&A)
R420,CERTIFICATIONS & ACCREDIT PROD & IN
R421,TECHNICAL ASSISTANCE
R422,MARKET RESEARCH & PUBLIC OPINION SE
R422,SUPPORT- PROFESSIONAL: MARKET RESEARCH/PUBLIC OPINION
R423,SUPPORT- PROFESSIONAL: INTELLIGENCE
R423,INTELLIGENCE SERVICES
R424,SUPPORT- PROFESSIONAL: EXPERT WITNESS
R424,EXPERT WITNESS
R425,ENGINEERING AND TECHNICAL SERVICES
R425,SUPPORT- PROFESSIONAL: ENGINEERING/TECHNICAL
R426,SUPPORT- PROFESSIONAL: COMMUNICATIONS
R426,COMMUNICATIONS SERVICES
R427,PROF SVCS/WEATHER RPT-OBSERV
R427,SUPPORT- PROFESSIONAL: WEATHER REPORTING/OBSERVATION
R428,SUPPORT- PROFESSIONAL: INDUSTRIAL HYGIENICS
R428,INDUSTRIAL HYGIENICS
R429,SUPPORT- PROFESSIONAL: EMERGENCY RESPONSE/DISASTER PLANNING/PREPAREDNESS SUPPORT
R430,SUPPORT- PROFESSIONAL: PHYSICAL SECURITY AND BADGING
R431,SUPPORT- PROFESSIONAL: HUMAN RESOURCES
R497,PERSONAL SERVICES CONTRACTS
R497,SUPPORT- PROFESSIONAL: PERSONAL SERVICES CONTRACTS
R498,SUPPORT- PROFESSIONAL: PATENT AND TRADEMARK
R498,PATENT AND TRADEMARK SERVICES
R499,OTHER PROFESSIONAL SERVICES
R499,SUPPORT- PROFESSIONAL: OTHER
R5,STUDIES (OBSOLETE CODES)
R502,STUDY/AIR QUALITY
R503,STUDY/ARCHEOLOGICAL-PALEONTOLOGICAL
R504,STUDY/CHEMICAL-BIOLOGICAL
R505,STUDY/COST BENEFIT
R506,STUDY/DATA - OTHER THAN SCIENTIFIC
R507,STUDY/ECONOMIC/SOCIO-ECO AND LABOR
R509,STUDY/ENDANGERED SPECIES-PLANT/ANIM
R510,STUDY/ENVIRONMENTAL ASSESSMENTS
R511,STUDY/ENVIRONMENTAL BASELINE
R512,STUDY/ENVIRONMENTAL IMPACT
R513,STUDY/FEASIBILITY - NON-CONTRUCT
R516,STUDY/FISHERIES AND ANIMAL
R517,STUDY/GEOLOGICAL
R518,STUDY/GEOPHYSICAL
R519,STUDY/GEOTECHNICAL
R520,STUDY/GRAZING-RANGE USE
R521,STUDY/HISTORICAL
R522,STUDY/LEGAL-LITIGATION
R524,STUDY/MATHEMATICAL-STATISTICAL
R525,STUDY/NATURAL RESOURCE
R526,STUDY/OCEANOLOGICAL
R527,STUDY/RECREATION
R528,STUDY/REGULATORY
R529,STUDY/SCIENTIFIC DATA
R530,STUDY/SEISMOLOGICAL
R532,STUDY/SOILS
R533,STUDY/WATER QUALITY
R534,STUDY/WILDLIFE
R537,STUDY/MEDICAL AND HEALTH
R538,STUDY/INTELLIGENCE
R539,STUDY/AERONAUTIC/SPACE
R540,STUDY/BUILDING TECHNOLOGY
R541,STUDY/DEFENSE
R542,STUDY/EDUCATIONAL
R543,STUDY/ENERGY
R544,STUDY/TECHNOLOGY
R545,STUDY/HOUSING AND COMMUNITY DEVELOP
R546,STUDY/SECURITY (PHYSICAL & PERSONAL
R547,STUDY/ACCOUNTING/FINANCIAL MGT
R548,STUDY/TRADE ISSUES
R549,STUDY/FOREIGN & NAT'L SECURITY POL
R550,STUDY/ORGANIZATION/ADMIN/PERSONNEL
R551,STUDY/MOBILIZATION/PREPAREDNESS
R552,STUDY/MANPOWER
R553,STUDY/COMMUNICATIONS
R554,STUDY/ACQUISITION POLICY/PROCEDURES
R599,OTHER SPECIAL STUDY & Analysis
R6,ADMINISTRATIVE SUPPORT SERVICES
R601,ADMIN SVCS/MATERIAL MANAGEMENT
R602,SUPPORT- ADMINISTRATIVE: COURIER/MESSENGER
R602,COURIER AND MESSENGER SERVICES
R603,TRANSCRIPTION SERVICES
R603,SUPPORT- ADMINISTRATIVE: TRANSCRIPTION
R604,SUPPORT- ADMINISTRATIVE: MAILING/DISTRIBUTION
R604,MAILING AND DISTRIBUTION SERVICES
R605,SUPPORT- ADMINISTRATIVE: LIBRARY
R605,LIBRARY SERVICES
R606,COURT REPORTING SERVICES
R606,SUPPORT- ADMINISTRATIVE: COURT REPORTING
R607,WORD PROCESSING/TYPING SERVICES
R607,SUPPORT- ADMINISTRATIVE: WORD PROCESSING/TYPING
R608,SUPPORT- ADMINISTRATIVE: TRANSLATION AND INTERPRETING
R608,ADMIN SVCS/TRANSLATION-SIGN LANGUAG
R609,STENOGRAPHIC SERVICES
R609,SUPPORT- ADMINISTRATIVE: STENOGRAPHIC
R610,SUPPORT- ADMINISTRATIVE:- PERSONAL PROPERTY MANAGEMENT
R610,PERSONAL PROPERTY MANAGEMENT SERVIC
R611,SUPPORT- ADMINISTRATIVE: CREDIT REPORTING
R611,CREDIT REPORTING SERVICES
R612,SUPPORT- ADMINISTRATIVE: INFORMATION RETRIEVAL
R612,INFORMATION RETRIEVAL
R613,POST OFFICE SERVICES
R613,SUPPORT- ADMINISTRATIVE: POST OFFICE
R614,PAPER SHREDDING SERVICES
R614,SUPPORT- ADMINISTRATIVE: PAPER SHREDDING
R615,SUPPORT- ADMINISTRATIVE: BACKGROUND INVESTIGATION
R616,SUPPORT – ADMINISTRATIVE: PHYSICAL RECORDS MANAGEMENT SERVICES
R617,SUPPORT – ADMINISTRATIVE: ELECTRONIC RECORDS MANAGEMENT SERVICES
R699,OTHER ADMINISTRATIVE SUPPORT SVCS
R699,SUPPORT- ADMINISTRATIVE: OTHER
R7,MANAGEMENT SUPPORT SERVICES
R701,ADVERTISING SERVICES
R701,SUPPORT- MANAGEMENT: ADVERTISING
R702,DATA COLLECTION SERVICES
R702,SUPPORT- MANAGEMENT: DATA COLLECTION
R703,ACCOUNTING SERVICES
R703,SUPPORT- MANAGEMENT: ACCOUNTING
R704,SUPPORT- MANAGEMENT: AUDITING
R704,AUDITING SERVICES
R705,SUPPORT- MANAGEMENT: DEBT COLLECTION
R705,DEBT COLLECTION SERVICES
R706,LOGISTICS SUPPORT SERVICES
R706,SUPPORT- MANAGEMENT: LOGISTICS SUPPORT
R707,SUPPORT- MANAGEMENT: CONTRACT/PROCUREMENT/ACQUISITION SUPPORT
R707,MGT SVCS/CONTRACT & PROCUREMENT SUP
R708,SUPPORT- MANAGEMENT: PUBLIC RELATIONS
R708,PUBLIC RELATIONS SERVICES
R709,ONGOING AUDIT OPERATIONS SUPPORT
R710,FINANCIAL SERVICES
R710,SUPPORT- MANAGEMENT: FINANCIAL
R711,BANKING SERVICES
R711,SUPPORT- MANAGEMENT: BANKING
R712,SUPPORT- MANAGEMENT: COIN MINTING
R712,COIN MINTING
R713,SUPPORT- MANAGEMENT: BANKNOTE PRINTING
R713,BANKNOTE PRINTING
R799,OTHER MANAGEMENT SUPPORT SERVICES
R799,SUPPORT- MANAGEMENT: OTHER
S,UTILITIES AND HOUSEKEEPING
S1,UTILITIES
S111,UTILITIES- GAS
S111,GAS SERVICES
S112,UTILITIES- ELECTRIC
S112,ELECTRIC SERVICES
S113,TELEPHONE AND-OR COMMUNICATIONS SER
S114,WATER SERVICES
S114,UTILITIES- WATER
S119,UTILITIES- OTHER
S119,OTHER UTILITIES
S2,HOUSEKEEPING SERVICES
S201,HOUSEKEEPING- CUSTODIAL JANITORIAL
S201,CUSTODIAL JANITORIAL SERVICES
S202,FIRE PROTECTION SERVICES
S202,HOUSEKEEPING- FIRE PROTECTION
S203,HOUSEKEEPING- FOOD
S203,FOOD SERVICES
S204,HOUSEKEEPING- FUELING AND OTHER PETROLEUM
S204,FUELING SERVICE
S205,TRASH/GARBAGE COLLECTION
S205,HOUSEKEEPING- TRASH/GARBAGE COLLECTION
S206,HOUSEKEEPING- GUARD
S206,GUARD SERVICES
S207,INSECT AND RODENT CONTROL SERVICES
S207,HOUSEKEEPING- INSECT/RODENT CONTROL
S208,HOUSEKEEPING- LANDSCAPING/GROUNDSKEEPING
S208,LANDSCAPING/GROUNDSKEEPING SERVICES
S209,LAUNDRY AND DRYCLEANING SERVICES
S209,HOUSEKEEPING- LAUNDRY/DRYCLEANING
S211,SURVEILLANCE SERVICES
S211,HOUSEKEEPING- SURVEILLANCE
S212,HOUSEKEEPING- SOLID FUEL HANDLING
S212,SOLID FUEL HANDLING SERVICES
S213,MESSENGER SVCS
S214,HOUSEKEEPING- CARPET LAYING/CLEANING
S214,CARPET LAYING AND CLEANING
S215,WAREHOUSING AND STORAGE SERVICES
S215,HOUSEKEEPING- WAREHOUSING/STORAGE
S216,HOUSEKEEPING- FACILITIES OPERATIONS SUPPORT
S216,FACILITIES OPERATIONS SUPPORT SVCS
S217,INTERIOR PLANTSCAPING
S217,HOUSEKEEPING- INTERIOR PLANTSCAPING
S218,HOUSEKEEPING- SNOW REMOVAL/SALT
S218,SNOW REMOVAL/SALT SERVICE
S219,ASBESTOS REMOVAL
S220,TRAVEL AGENT SERVICES
S221,HAZARDOUS WASTE REMOVAL
S222,WASTE TREATMENT AND STORAGE
S222,HOUSEKEEPING- WASTE TREATMENT/STORAGE
S299,HOUSEKEEPING- OTHER
S299,OTHER HOUSEKEEPING SERVICES
T,"PHOTO, MAP, PRINT, PUBLICATION"
T0,"PHOTOGR, MAPPING, PRINTING, PUBLISH"
T001,ARTS/GRAPHICS SERVICES
T001,PHOTO/MAP/PRINT/PUBLICATION- ARTS/GRAPHICS
T002,PHOTO/MAP/PRINT/PUBLICATION- CARTOGRAPHY
T002,CARTOGRAPHY SERVICES
T003,CATALOGING SERVICES
T003,PHOTO/MAP/PRINT/PUBLICATION- CATALOGING
T004,CHARTING SERVICES
T004,PHOTO/MAP/PRINT/PUBLICATION- CHARTING
T005,PHOTO/MAP/PRINT/PUBLICATION- FILM PROCESSING
T005,FILM PROCESSING SERVICES
T006,PHOTO/MAP/PRINT/PUBLICATION- FILM/VIDEO TAPE PRODUCTION
T006,FILM/VIDEO TAPE PRODUCTION SERVICES
T007,PHOTO/MAP/PRINT/PUBLICATION- MICROFORM
T007,MICROFORM SERVICES
T008,PHOTOGRAMMETRY SERVICES
T008,PHOTO/MAP/PRINT/PUBLICATION- PHOTOGRAMMETRY
T009,AERIAL PHOTOGRAPHIC SERVICES
T009,PHOTO/MAP/PRINT/PUBLICATION- AERIAL PHOTOGRAPHIC
T010,PHOTO/MAP/PRINT/PUBLICATION- GENERAL PHOTOGRAPHIC: STILL
T010,PHOTOGRAPHIC - GENERAL - STILL
T011,PRINT/BINDING SERVICES
T011,PHOTO/MAP/PRINT/PUBLICATION- PRINT/BINDING
T012,REPRODUCTION SERVICES
T012,PHOTO/MAP/PRINT/PUBLICATION- REPRODUCTION
T013,PHOTO/MAP/PRINT/PUBLICATION- TECHNICAL WRITING
T013,TECHNICAL WRITING SERVICES
T014,TOPOGRAPHY SERVICES
T014,PHOTO/MAP/PRINT/PUBLICATION- TOPOGRAPHY
T015,PHOTO/MAP/PRINT/PUBLICATION- GENERAL PHOTOGRAPHIC: MOTION
T015,PHOTOGRAPHIC - GENERAL - MOTION
T016,PHOTO/MAP/PRINT/PUBLICATION- AUDIO/VISUAL
T016,AUDIO/VISUAL SERVICES
T099,PHOTO/MAP/PRINT/PUBLICATION- OTHER
T099,OTHER PHOTO MAPPING PRINTING SVC
U,EDUCATION AND TRAINING
U0,EDUCATION AND TRAINING SERVICES
U001,LECTURES FOR TRAINING
U001,EDUCATION/TRAINING- LECTURES
U002,PERSONNEL TESTING
U002,EDUCATION/TRAINING- PERSONNEL TESTING
U003,RESERVE TRAINING (MILITARY)
U003,EDUCATION/TRAINING- RESERVE TRAINING (MILITARY)
U004,SCIENTIFIC AND MANAGEMENT EDUCATION
U004,EDUCATION/TRAINING- SCIENTIFIC/MANAGEMENT
U005,EDUCATION/TRAINING- TUITION/REGISTRATION/MEMBERSHIP FEES
U005,TUITION/REG/MEMB FEES
U006,EDUCATION/TRAINING- VOCATIONAL/TECHNICAL
U006,VOCATIONAL/TECHNICAL
U007,FACULTY SALARIES DEPENDENT SCHOOLS
U007,EDUCATION/TRAINING- FACULTY SALARIES FOR DEPENDENT SCHOOLS
U008,TRAINING/CURRICULUM DEVELOPMENT
U008,EDUCATION/TRAINING- TRAINING/CURRICULUM DEVELOPMENT
U009,EDUCATION/TRAINING- GENERAL
U009,EDUCATION SERVICES
U010,EDUCATION/TRAINING- CERTIFICATIONS/ACCREDITATIONS FOR EDUCATIONAL INSTITUTIONS
U010,CERT & ACCREDIATIONS FOR EDUCATIONA
U011,EDUCATION/TRAINING- AIDS/HIV
U011,AIDS TRAINING
U012,INFORMATION TRAINING
U012,EDUCATION/TRAINING- INFORMATION TECHNOLOGY/TELECOMMUNICATIONS TRAINING
U013,EDUCATION/TRAINING- COMBAT
U014,EDUCATION/TRAINING- SECURITY
U099,OTHER ED & TRNG SVCS
U099,EDUCATION/TRAINING- OTHER
V,"TRANSPORT, TRAVEL, RELOCATION"
V0,MOTOR POOL OR PACKING/CRATING
V001,GBL & GTR PROCUREMENTS
V001,TRANSPORTATION/TRAVEL/RELOCATION- MOTOR POOL AND PACKING/CRATING: GBL/GTR PROCS
V002,TRANSPORTATION/TRAVEL/RELOCATION- MOTOR POOL AND PACKING/CRATING: MOTOR POOL OPERATIONS
V002,MOTOR POOL OPERATIONS
V003,PACKING/CRATING SERVICES
V003,TRANSPORTATION/TRAVEL/RELOCATION- MOTOR POOL AND PACKING/CRATING: PACKING/CRATING
V1,TRANSPORTATION OF THINGS
V111,AIR FREIGHT
V111,TRANSPORTATION/TRAVEL/RELOCATION- TRANSPORTATION: AIR FREIGHT
V112,TRANSPORTATION/TRAVEL/RELOCATION- TRANSPORTATION: MOTOR FREIGHT
V112,MOTOR FREIGHT
V113,TRANSPORTATION/TRAVEL/RELOCATION- TRANSPORTATION: RAIL FREIGHT
V113,RAIL FREIGHT
V114,STEVEDORING
V114,TRANSPORTATION/TRAVEL/RELOCATION- TRANSPORTATION: STEVEDORING
V115,TRANSPORTATION/TRAVEL/RELOCATION- TRANSPORTATION: VESSEL FREIGHT
V115,VESSEL FREIGHT
V119,OTHER CARGO AND FREIGHT SERVICES
V119,TRANSPORTATION/TRAVEL/RELOCATION- TRANSPORTATION: OTHER
V121,TRANSPORTATION/TRAVEL/RELOCATION- TRANSPORTATION: AIR CHARTER
V121,AIR CHARTER FOR THINGS
V122,TRANSPORTATION/TRAVEL/RELOCATION- TRANSPORTATION: MOTOR CHARTER
V122,MOTOR CHARTER FOR THINGS
V123,RAIL CHARTER FOR THINGS
V123,TRANSPORTATION/TRAVEL/RELOCATION- TRANSPORTATION: RAIL CHARTER
V124,MARINE CHARTER FOR THINGS
V124,TRANSPORTATION/TRAVEL/RELOCATION- TRANSPORTATION: MARINE CHARTER
V125,TRANSPORTATION/TRAVEL/RELOCATION- TRANSPORTATION: VESSEL TOWING
V125,VESSEL TOWING SERVICE
V126,SPACE TRANSP & LAUNCH
V126,TRANSPORTATION/TRAVEL/RELOCATION- TRANSPORTATION: SPACE TRANSPORTATION/LAUNCH
V127,TRANSPORTATION/TRAVEL/RELOCATION- TRANSPORTATION: SECURITY VEHICLE
V127,SECURITY VEHICLE SERVICES
V129,TRANSPORTATION/TRAVEL/RELOCATION- TRANSPORTATION: OTHER
V129,OTHER VEHICLE CHARTER FOR THINGS
V2,"TRAVEL, LODGING, RECRUITMENT SVCS"
V211,AIR PASSENGER SERVICE
V211,TRANSPORTATION/TRAVEL/RELOCATION- TRAVEL/LODGING/RECRUITMENT: AIR PASSENGER
V212,TRANSPORTATION/TRAVEL/RELOCATION- TRAVEL/LODGING/RECRUITMENT: MOTOR PASSENGER
V212,MOTOR PASSENGER SERVICES
V213,RAIL PASSENGER SERVICE
V213,TRANSPORTATION/TRAVEL/RELOCATION- TRAVEL/LODGING/RECRUITMENT: RAIL PASSENGER
V214,MARINE PASSENGER SERVICE
V214,TRANSPORTATION/TRAVEL/RELOCATION- TRAVEL/LODGING/RECRUITMENT: MARINE PASSENGER
V221,PASSENGER AIR CHARTER SERVICE
V221,TRANSPORTATION/TRAVEL/RELOCATION- TRAVEL/LODGING/RECRUITMENT: PASSENGER AIR CHARTER
V222,TRANSPORTATION/TRAVEL/RELOCATION- TRAVEL/LODGING/RECRUITMENT: PASSENGER MOTOR CHARTER
V222,PASSENGER MOTOR CHARTER SERVICE
V223,PASSENGER RAIL CHARTER SERVICE
V223,TRANSPORTATION/TRAVEL/RELOCATION- TRAVEL/LODGING/RECRUITMENT: PASSENGER RAIL CHARTER
V224,TRANSPORTATION/TRAVEL/RELOCATION- TRAVEL/LODGING/RECRUITMENT: PASSENGER MARINE CHARTER
V224,PASSENGER MARINE CHARTER SERVICE
V225,TRANSPORTATION/TRAVEL/RELOCATION- TRAVEL/LODGING/RECRUITMENT: AMBULANCE
V225,AMBULANCE SERVICE
V226,TRANSPORTATION/TRAVEL/RELOCATION- TRAVEL/LODGING/RECRUITMENT: TAXICAB
V226,TAXICAB SERVICES
V227,TRANSPORTATION/TRAVEL/RELOCATION- TRAVEL/LODGING/RECRUITMENT: NAVIGATIONAL AID AND PILOTAGE
V227,NAVIGATIONAL AID & PILOTAGE SVCS
V228,TRANSPORTATION/TRAVEL/RELOCATION- TRAVEL/LODGING/RECRUITMENT: PORT OPERATIONS
V229,TRANSPORT/TRAVEL/RELOCATION- TRAVEL/LODGING/RECRUIT: PURCH OF TRANSIT/PUBLIC TRANSPORT FARE MEDIA
V230,
V231,"TRANSPORTATION/TRAVEL/RELOCATION- TRAVEL/LODGING/RECRUITMENT: LODGING, HOTEL/MOTEL"
V231,LODGING - HOTEL/MOTEL
V241,TRANSPORTATION/TRAVEL/RELOCATION- TRAVEL/LODGING/RECRUITMENT: MILITARY PERSONNEL RECRUITMENT
V241,MILITARY PERSONNEL RECRUITMENT
V251,TRANSPORTATION/TRAVEL/RELOCATION- TRAVEL/LODGING/RECRUITMENT: CIVILIAN PERSONNEL RECRUITMENT
V251,CIVILIAN PERSONNEL RECRUITMENT
V3,RELOCATION OR TRAVEL AGENT SERVICES
V301,RELOCATION SERVICES
V301,TRANSPORTATION/TRAVEL/RELOCATION- RELOCATION: RELOCATION
V302,TRAVEL AGENT SERVICES
V302,TRANSPORTATION/TRAVEL/RELOCATION- RELOCATION: TRAVEL AGENT
V9,"OTHER TRANSPORT, TRAVEL, RELOCAT SV"
V999,OTHER TRAVEL SVCS
V999,TRANSPORTATION/TRAVEL/RELOCATION- OTHER: OTHER
W,LEASE/RENT EQUIPMENT
W0,LEASE OR RENTAL OF EQUIPMENT
W010,LEASE OR RENTAL OF EQUIPMENT- WEAPONS
W010,LEASE-RENT OF WEAPONS
W011,LEASE-RENT OF NUCLEAR ORDNANCE
W011,LEASE OR RENTAL OF EQUIPMENT- NUCLEAR ORDNANCE
W012,LEASE OR RENTAL OF EQUIPMENT- FIRE CONTROL EQUIPMENT
W012,LEASE-RENT OF FIRE CONT EQ
W013,LEASE-RENT OF AMMO & EXPLOSIVES
W013,LEASE OR RENTAL OF EQUIPMENT- AMMUNITION AND EXPLOSIVES
W014,LEASE-RENT OF GUIDED MISSILES
W014,LEASE OR RENTAL OF EQUIPMENT- GUIDED MISSILES
W015,LEASE-RENT OF AIRCRAFT
W015,LEASE OR RENTAL OF EQUIPMENT- AIRCRAFT AND AIRFRAME STRUCTURAL COMPONENTS
W016,LEASE-RENT OF AIRCRAFT COMPONENTS
W016,LEASE OR RENTAL OF EQUIPMENT- AIRCRAFT COMPONENTS AND ACCESSORIES
W017,"LEASE OR RENTAL OF EQUIPMENT- AIRCRAFT LAUNCHING, LANDING, AND GROUND HANDLING EQUIPMENT"
W017,LEASE-RENT OF AIRCRAFT GROUND EQ
W018,LEASE-RENT OF SPACE VEHICLES
W018,LEASE OR RENTAL OF EQUIPMENT- SPACE VEHICLES
W019,LEASE-RENT OF SHIPS-SML CRAFT-DOCKS
W019,"LEASE OR RENTAL OF EQUIPMENT- SHIPS, SMALL CRAFT, PONTOONS, AND FLOATING DOCKS"
W020,LEASE-RENT OF SHIP & MARINE EQ
W020,LEASE OR RENTAL OF EQUIPMENT- SHIP AND MARINE EQUIPMENT
W022,LEASE OR RENTAL OF EQUIPMENT- RAILWAY EQUIPMENT
W022,LEASE-RENT OF RAILWAY EQ
W023,"LEASE OR RENTAL OF EQUIPMENT- GROUND EFFECT VEHICLES, MOTOR VEHICLES, TRAILERS, AND CYCLES"
W023,LEASE-RENT OF VEHICLES-TRAILERS-CYC
W024,LEASE OR RENTAL OF EQUIPMENT- TRACTORS
W024,LEASE-RENT OF TRACTORS
W025,LEASE-RENT OF VEHICULAR EQ
W025,LEASE OR RENTAL OF EQUIPMENT- VEHICULAR EQUIPMENT COMPONENTS
W026,LEASE-RENT OF TIRES & TUBES
W026,LEASE OR RENTAL OF EQUIPMENT- TIRES AND TUBES
W028,"LEASE OR RENTAL OF EQUIPMENT- ENGINES, TURBINES, AND COMPONENTS"
W028,LEASE-RENT OF ENGINES & TURBINES
W029,LEASE-RENT OF ENGINE ACCESSORIES
W029,LEASE OR RENTAL OF EQUIPMENT- ENGINE ACCESSORIES
W030,LEASE-RENT OF MECH POWER TRANS EQ
W030,LEASE OR RENTAL OF EQUIPMENT- MECHANICAL POWER TRANSMISSION EQUIPMENT
W031,LEASE-RENT OF BEARINGS
W031,LEASE OR RENTAL OF EQUIPMENT- BEARINGS
W032,LEASE OR RENTAL OF EQUIPMENT- WOODWORKING MACHINERY AND EQUIPMENT
W032,LEASE-RENT OF WOODWORKING MACHINE
W034,LEASE OR RENTAL OF EQUIPMENT- METALWORKING MACHINERY
W034,LEASE-RENT OF METALWORK MACHINE
W035,LEASE OR RENTAL OF EQUIPMENT- SERVICE AND TRADE EQUIPMENT
W035,LEASE-RENT OF SERVICE & TRADE EQ
W036,LEASE-RENT OF SP INDUSTRY MACHINERY
W036,LEASE OR RENTAL OF EQUIPMENT- SPECIAL INDUSTRY MACHINERY
W037,LEASE OR RENTAL OF EQUIPMENT- AGRICULTURAL MACHINERY AND EQUIPMENT
W037,LEASE-RENT OF AGRICULTURE MACHINE
W038,"LEASE OR RENTAL OF EQUIPMENT- CONSTRUCTION, MINING, EXCAVATING, AND HIGHWAY MAINTENANCE EQUIPMENT"
W038,LEASE-RENT OF CONTRUCT EQ
W039,LEASE-RENT OF MATERIALS HANDLING EQ
W039,LEASE OR RENTAL OF EQUIPMENT- MATERIALS HANDLING EQUIPMENT
W040,LEASE-RENT OF ROPE-CABLE-CHAIN
W040,"LEASE OR RENTAL OF EQUIPMENT- ROPE, CABLE, CHAIN, AND FITTINGS"
W041,"LEASE OR RENTAL OF EQUIPMENT- REFRIGERATION, AIR CONDITIONING, AND AIR CIRCULATING EQUIPMENT"
W041,LEASE-RENT OF REFRIGERATION - AC EQ
W042,LEASE OR RENTAL OF EQUIPMENT- FIRE FIGHTING/RESCUE/SAFETY EQUIPMENT; ENVIRON PROTECT EQUIPMENT/MATLS
W042,LEASE-RENT OF FIRE-RESCUE-SAFETY EQ
W043,LEASE-RENT OF PUMPS & COMPRESSORS
W043,LEASE OR RENTAL OF EQUIPMENT- PUMPS AND COMPRESSORS
W044,LEASE-RENT OF FURNACE-NUCLEAR REAC
W044,"LEASE OR RENTAL OF EQUIPMENT- FURNACE, STEAM PLANT, AND DRYING EQUIPMENT; NUCLEAR REACTORS"
W045,LEASE-RENT OF PLUMBING-HEATING EQ
W045,"LEASE OR RENTAL OF EQUIPMENT- PLUMBING, HEATING, AND WASTE DISPOSAL EQUIPMENT"
W046,LEASE-RENT OF WATER PURIFICATION EQ
W046,LEASE OR RENTAL OF EQUIPMENT- WATER PURIFICATION AND SEWAGE TREATMENT EQUIPMENT
W047,"LEASE OR RENTAL OF EQUIPMENT- PIPE, TUBING, HOSE, AND FITTINGS"
W047,LEASE-RENT OF PIPE-TUBING-HOSE
W048,LEASE-RENT OF VALVES
W048,LEASE OR RENTAL OF EQUIPMENT- VALVES
W049,LEASE-RENT OF MAINT REPAIR SHOP EQ
W049,LEASE OR RENTAL OF EQUIPMENT- MAINTENANCE AND REPAIR SHOP EQUIPMENT
W051,LEASE-RENT OF HAND TOOLS
W051,LEASE OR RENTAL OF EQUIPMENT- HAND TOOLS
W052,LEASE OR RENTAL OF EQUIPMENT- MEASURING TOOLS
W052,LEASE-RENT OF MEASURING TOOLS
W053,LEASE OR RENTAL OF EQUIPMENT- HARDWARE AND ABRASIVES
W053,LEASE-RENT OF HARDWARE & ABRASIVES
W054,LEASE OR RENTAL OF EQUIPMENT- PREFABRICATED STRUCTURES AND SCAFFOLDING
W054,LEASE-RENT OF PREFAB STRUCTURES
W055,LEASE-RENT OF LUMBER & MILLWORK
W055,"LEASE OR RENTAL OF EQUIPMENT- LUMBER, MILLWORK, PLYWOOD, AND VENEER"
W056,LEASE-RENT OF CONTRUCT MATERIAL
W056,LEASE OR RENTAL OF EQUIPMENT- CONSTRUCTION AND BUILDING MATERIALS
W058,"LEASE OR RENTAL OF EQUIPMENT- COMMUNICATION, DETECTION, AND COHERENT RADIATION EQUIPMENT"
W058,LEASE-RENT OF COMMUNICATION EQ
W059,LEASE-RENT OF ELECT-ELCT EQ
W059,LEASE OR RENTAL OF EQUIPMENT- ELECTRICAL AND ELECTRONIC EQUIPMENT COMPONENTS
W060,LEASE-RENT OF FIBER OPTICS MAT
W060,"LEASE OR RENTAL OF EQUIPMENT- FIBER OPTICS MATERIALS, COMPONENTS, ASSEMBLIES, AND ACCESSORIES"
W061,LEASE OR RENTAL OF EQUIPMENT- ELECTRIC WIRE AND POWER DISTRIBUTION EQUIPMENT
W061,LEASE-RENT OF POWER DISTRIBUTION EQ
W062,LEASE-RENT OF LIGHTING FIXTURES
W062,LEASE OR RENTAL OF EQUIPMENT- LIGHTING FIXTURES AND LAMPS
W063,"LEASE OR RENTAL OF EQUIPMENT- ALARM, SIGNAL, AND SECURITY DETECTION SYSTEMS"
W063,LEASE-RENT OF ALARM & SIGNAL SYSTEM
W065,"LEASE OR RENTAL OF EQUIPMENT- MEDICAL, DENTAL, AND VETERINARY EQUIPMENT AND SUPPLIES"
W065,LEASE-RENT OF MEDICAL-DENTAL-VET EQ
W066,LEASE-RENT OF INSTRUMENTS & LAB EQ
W066,LEASE OR RENTAL OF EQUIPMENT- INSTRUMENTS AND LABORATORY EQUIPMENT
W067,LEASE OR RENTAL OF EQUIPMENT- PHOTOGRAPHIC EQUIPMENT
W067,LEASE-RENT OF PHOTOGRAPHIC EQ
W068,LEASE-RENT OF CHEMICAL PRODUCTS
W068,LEASE OR RENTAL OF EQUIPMENT- CHEMICALS AND CHEMICAL PRODUCTS
W069,LEASE-RENT OF TRAINING AIDS-DEVICES
W069,LEASE OR RENTAL OF EQUIPMENT- TRAINING AIDS AND DEVICES
W070,LEASE-RENT OF ADP EQ & SUPPLIES
W070,LEASE OR RENTAL OF EQUIPMENT- ADP EQUIPMENT/SOFTWARE/SUPPLIES/SUPPORT EQUIPMENT
W070,LEASE OR RENTAL OF EQUIPMENT- INFORMATION TECHNOLOGY/SOFTWARE/SUPPLIES/SUPPORT EQUIPMENT
W071,LEASE OR RENTAL OF EQUIPMENT- FURNITURE
W071,LEASE-RENT OF FURNITURE
W072,LEASE OR RENTAL OF EQUIPMENT- HOUSEHOLD AND COMMERCIAL FURNISHINGS AND APPLIANCES
W072,LEASE-RENT OF HOUSEHOLD FURNISHINGS
W073,LEASE OR RENTAL OF EQUIPMENT- FOOD PREPARATION AND SERVING EQUIPMENT
W073,LEASE-RENT OF FOOD PREP-SERVING EQ
W074,"LEASE OR RENTAL OF EQUIPMENT- OFFICE MACHINES, TEXT PROCESSING SYSTEMS, AND VISIBLE RECORD EQUIPMENT"
W074,LEASE-RENT OF OFFICE MACHINES
W075,LEASE OR RENTAL OF EQUIPMENT- OFFICE SUPPLIES AND DEVICES
W075,LEASE-RENT OF OFFICE SUPPLIES
W076,LEASE-RENT OF BOOKS-MAPS-PUBS
W076,"LEASE OR RENTAL OF EQUIPMENT- BOOKS, MAPS, AND OTHER PUBLICATIONS"
W077,LEASE OR RENTAL OF EQUIPMENT- MUSICAL INST/PHONOGRAPH/HOME RADIO
W077,LEASE-RENT OF MUSICAL INST-RADIO-TV
W078,LEASE OR RENTAL OF EQUIPMENT- RECREATIONAL AND ATHLETIC EQUIPMENT
W078,LEASE-RENT OF RECREATIONAL EQ
W079,LEASE-RENT OF CLEANING EQ
W079,LEASE OR RENTAL OF EQUIPMENT- CLEANING EQUIPMENT AND SUPPLIES
W080,LEASE-RENT OF BRUSHES-PAINTS-SEALER
W080,"LEASE OR RENTAL OF EQUIPMENT- BRUSHES, PAINTS, SEALERS, AND ADHESIVES"
W081,"LEASE OR RENTAL OF EQUIPMENT- CONTAINERS, PACKAGING, AND PACKING SUPPLIES"
W081,LEASE-RENT OF CONTAINERS-PACKAGING
W083,"LEASE OR RENTAL OF EQUIPMENT- TEXTILES, LEATHER, FURS, APPAREL AND SHOE FINDINGS, TENTS AND FLAGS"
W083,LEASE-RENT OF TEXTILES-LEATHER-FURS
W084,LEASE-RENT OF CLOTHING - INDIVID EQ
W084,"LEASE OR RENTAL OF EQUIPMENT- CLOTHING, INDIVIDUAL EQUIPMENT, AND INSIGNIA"
W085,LEASE OR RENTAL OF EQUIPMENT- TOILETRIES
W085,LEASE-RENT OF TOILETRIES
W087,LEASE-RENT OF AGRICULTURAL SUPPLIES
W087,LEASE OR RENTAL OF EQUIPMENT- AGRICULTURAL SUPPLIES
W088,LEASE OR RENTAL OF EQUIPMENT- LIVE ANIMALS
W088,LEASE-RENT OF LIVE ANIMALS
W089,LEASE OR RENTAL OF EQUIPMENT- SUBSISTENCE
W089,LEASE-RENT OF SUBSISTENCE
W091,"LEASE OR RENTAL OF EQUIPMENT- FUELS, LUBRICANTS, OILS, AND WAXES"
W091,LEASE-RENT OF FUELS-LUBRICANTS-OILS
W093,LEASE OR RENTAL OF EQUIPMENT- NONMETALLIC FABRICATED MATERIALS
W093,LEASE-RENT OF NONMETALIC FAB MAT
W094,LEASE-RENT OF NONMETALIC CRUDE MAT
W094,LEASE OR RENTAL OF EQUIPMENT- NONMETALLIC CRUDE MATERIALS
W095,"LEASE OR RENTAL OF EQUIPMENT- METAL BARS, SHEETS, AND SHAPES"
W095,LEASE-RENT OF METAL BARS & SHEETS
W096,LEASE-RENT OF ORES & MINERALS
W096,"LEASE OR RENTAL OF EQUIPMENT- ORES, MINERALS, AND THEIR PRIMARY PRODUCTS"
W099,LEASE-RENT OF MISC EQ
W099,LEASE OR RENTAL OF EQUIPMENT- MISCELLANEOUS
X,LEASE/RENT FACILITIES
X1,LEASE/RENTAL OF BUILDINGS
X111,LEASE/RENTAL OF OFFICE BUILDINGS
X112,LEASE-RENT OF CONF SPACE & FAC
X119,LEASE-RENT OF OTHER ADMIN-SVC BLDGS
X121,LEASE-RENT OF AIR TRAFFIC TOWERS
X122,LEASE-RENT OF AIR TRAFFIC TNG FAC
X123,LEASE-RENT OF RADAR & NAV FACILITY
X124,LEASE/RENTAL OF AIRPORT RUNWAYS
X125,LEASE/RENTAL OF AIRPORT TERMINALS
X126,LEASE-RENT OF MISSILE SYSTEMS FAC
X127,LEASE-RENT OF ELCT & COMM SYS FAC
X129,LEASE-RENT OF OTHER AIRFIELD STRUCT
X131,LEASE/RENTAL OF SCHOOLS
X139,LEASE-RENT OF OTHER EDUCATIONAL BLD
X141,LEASE-RENT OF HOSPITALS & INFIRMARY
X142,LEASE-RENT OF LABS & CLINICS
X149,LEASE-RENT OF OTHER HOSPITAL BLDGS
X151,LEASE-RENT OF AMMUNITION FACILITIES
X152,LEASE-RENT OF MAINT BLDGS
X153,LEASE-RENT OF PRODUCTION BLDGS
X154,LEASE-RENT OF SHIP CONST-REP FAC
X155,LEASE-RENT OF TANK AUTOMOTIVE FAC
X159,LEASE-RENT OF OTHER INDUSTRIAL BLDG
X161,LEASE-RENT OF FAMILY HOUSING
X162,LEASE-RENT OF RECREATIONAL BLDGS
X163,LEASE-RENT OF TROOP HOUSING
X164,LEASE/RENTAL OF DINING FACILITIES
X165,LEASE-RENT OF RELIGIOUS
X166,LEASE/RENTAL OF PENAL FACILITIES
X169,LEASE-RENT OF OTHER RESIDENTIAL BLD
X171,LEASE-RENT OF AMMO STORAGE BLDGS
X172,LEASE-RENT OF FOOD STORAGE BLDGS
X173,LEASE-RENT OF FUEL STORAGE BLDGS
X174,LEASE-RENT OF OPEN STORAGE FAC
X179,LEASE-RENT OF OTHER WAREHOUSE BLDGS
X181,LEASE-RENT OF R&D GOCO FACILITIES
X182,LEASE-RENT OF R&D GOGO FACILITIES
X183,LEASE-RENT OF R&D GOCO ENVIR LAB
X184,LEASE-RENT OF R&D GOGO ENVIR LAB
X191,LEASE-RENT OF EXHIBITION BUILDINGS
X192,LEASE-RENT OF TEST BUILDINGS
X199,LEASE-RENT OF MISC BLDGS
X1AA,LEASE/RENTAL OF OFFICE BUILDINGS
X1AB,LEASE/RENTAL OF CONFERENCE SPACE AND FACILITIES
X1AZ,LEASE/RENTAL OF OTHER ADMINISTRATIVE FACILITIES AND SERVICE BUILDINGS
X1BA,LEASE/RENTAL OF AIR TRAFFIC CONTROL TOWERS
X1BB,LEASE/RENTAL OF AIR TRAFFIC CONTROL TRAINING FACILITIES
X1BC,LEASE/RENTAL OF RADAR AND NAVIGATIONAL FACILITIES
X1BD,LEASE/RENTAL OF AIRPORT RUNWAYS AND TAXIWAYS
X1BE,LEASE/RENTAL OF AIRPORT TERMINALS
X1BF,LEASE/RENTAL OF MISSILE SYSTEM FACILITIES
X1BG,LEASE/RENTAL OF ELECTRONIC AND COMMUNICATIONS FACILITIES
X1BZ,LEASE/RENTAL OF OTHER AIRFIELD STRUCTURES
X1CA,LEASE/RENTAL OF SCHOOLS
X1CZ,LEASE/RENTAL OF OTHER EDUCATIONAL BUILDINGS
X1DA,LEASE/RENTAL OF HOSPITALS AND INFIRMARIES
X1DB,LEASE/RENTAL OF LABORATORIES AND CLINICS
X1DZ,LEASE/RENTAL OF OTHER HOSPITAL BUILDINGS
X1EA,LEASE/RENTAL OF AMMUNITION FACILITIES
X1EB,LEASE/RENTAL OF MAINTENANCE BUILDINGS
X1EC,LEASE/RENTAL OF PRODUCTION BUILDINGS
X1ED,LEASE/RENTAL OF SHIP CONSTRUCTION AND REPAIR FACILITIES
X1EE,LEASE/RENTAL OF TANK AUTOMOTIVE FACILITIES
X1EZ,LEASE/RENTAL OF OTHER INDUSTRIAL BUILDINGS
X1FA,LEASE/RENTAL OF FAMILY HOUSING FACILITIES
X1FB,LEASE/RENTAL OF RECREATIONAL BUILDINGS
X1FC,LEASE/RENTAL OF TROOP HOUSING FACILITIES
X1FD,LEASE/RENTAL OF DINING FACILITIES
X1FE,LEASE/RENTAL OF RELIGIOUS FACILITIES
X1FF,LEASE/RENTAL OF PENAL FACILITIES
X1FZ,LEASE/RENTAL OF OTHER RESIDENTIAL BUILDINGS
X1GA,LEASE/RENTAL OF AMMUNITION STORAGE BUILDINGS
X1GB,LEASE/RENTAL OF FOOD OR GRAIN STORAGE BUILDINGS
X1GC,LEASE/RENTAL OF FUEL STORAGE BUILDINGS
X1GD,LEASE/RENTAL OF OPEN STORAGE FACILITIES
X1GZ,LEASE/RENTAL OF OTHER WAREHOUSE BUILDINGS
X1HA,LEASE/RENTAL OF GOVERNMENT-OWNED CONTRACTOR-OPERATED (GOCO) R&D FACILITIES
X1HB,LEASE/RENTAL OF GOVERNMENT-OWNED GOVERNMENT-OPERATED (GOGO) R&D FACILITIES
X1HC,LEASE/RENTAL OF GOVERNMENT-OWNED CONTRACTOR-OPERATED (GOCO) ENVIRONMENTAL LABORATORIES
X1HZ,LEASE/RENTAL OF GOVERNMENT-OWNED GOVERNMENT-OPERATED (GOGO) ENVIRONMENTAL LABORATORIES
X1JA,LEASE/RENTAL OF MUSEUMS AND EXHIBITION BUILDINGS
X1JB,LEASE/RENTAL OF TESTING AND MEASUREMENT BUILDINGS
X1JZ,LEASE/RENTAL OF MISCELLANEOUS BUILDINGS
X1KA,LEASE/RENTAL OF DAMS
X1KB,LEASE/RENTAL OF CANALS
X1KC,LEASE/RENTAL OF MINE FIRE CONTROL FACILITIES
X1KD,LEASE/RENTAL OF MINE SUBSIDENCE CONTROL FACILITIES
X1KE,LEASE/RENTAL OF SURFACE MINE RECLAMATION FACILITIES
X1KF,LEASE/RENTAL OF DREDGING FACILITIES
X1KZ,LEASE/RENTAL OF OTHER CONSERVATION AND DEVELOPMENT FACILITIES
X1LA,LEASE/RENTAL OF AIRPORT SERVICE ROADS
X1LB,"LEASE/RENTAL OF HIGHWAYS, ROADS, STREETS, BRIDGES, AND RAILWAYS"
X1LC,LEASE/RENTAL OF TUNNELS AND SUBSURFACE STRUCTURES
X1LZ,LEASE/RENTAL OF PARKING FACILITIES
X1MA,LEASE/RENTAL OF EPG FACILITIES - COAL
X1MB,LEASE/RENTAL OF EPG FACILITIES - GAS
X1MC,LEASE/RENTAL OF EPG FACILITIES - GEOTHERMAL
X1MD,LEASE/RENTAL OF EPG FACILITIES - HYDRO
X1ME,LEASE/RENTAL OF EPG FACILITIES - NUCLEAR
X1MF,LEASE/RENTAL OF EPG FACILITIES - PETROLEUM
X1MG,LEASE/RENTAL OF EPG FACILITIES - SOLAR
X1MH,LEASE/RENTAL OF EPG FACILITIES - WIND
X1MZ,"LEASE/RENTAL OF EPG FACILITIES - OTHER, INCLUDING TRANSMISSION"
X1NA,LEASE/RENTAL OF FUEL SUPPLY FACILITIES
X1NB,LEASE/RENTAL OF HEATING AND COOLING PLANTS
X1NC,LEASE/RENTAL OF POLLUTION ABATEMENT AND CONTROL FACILITIES
X1ND,LEASE/RENTAL OF SEWAGE AND WASTE FACILITIES
X1NE,LEASE/RENTAL OF WATER SUPPLY FACILITIES
X1NZ,LEASE/RENTAL OF OTHER UTILITIES
X1PA,LEASE/RENTAL OF RECREATION FACILITIES (NON-BUILDING)
X1PB,LEASE/RENTAL OF EXHIBIT DESIGN (NON-BUILDING)
X1PC,LEASE/RENTAL OF UNIMPROVED REAL PROPERTY (LAND)
X1PD,LEASE/RENTAL OF WASTE TREATMENT AND STORAGE FACILITIES
X1PZ,LEASE/RENTAL OF OTHER NON-BUILDING FACILITIES
X1QA,LEASE/RENTAL OF RESTORATION OF REAL PROPERTY (PUBLIC OR PRIVATE)
X2,LEASE/RENTAL NONBUILDING FACILITIES
X211,LEASE/RENTAL OF DAMS
X212,LEASE/RENTAL OF CANALS
X213,LEASE-RENT OF MINE FIRE CONT
X214,LEASE-RENT OF MINE SUBSIDENCE CONT
X215,LEASE-RENT OF SURFACE MINE RECLAM
X216,LEASE/RENTAL OF DREDGING
X219,LEASE-RENT OF OTHER CONSV STRUCTURE
X221,LEASE-RENT OF AIRPORT SERVICE ROADS
X222,LEASE-RENT OF HWYS-RDS-STS-BRDGS-RA
X223,LEASE-RENT OF TUNNELS-SUBSURF STRUC
X224,LEASE-RENT OF PARKING FACILITIES
X231,LEASE-RENT OF EPG - COAL
X232,LEASE-RENT OF EPG - GAS
X233,LEASE-RENT OF EPG - GEOTHERMAL
X234,LEASE-RENT OF EPG - HYDRO
X235,LEASE-RENT OF EPG - NUCLEAR
X236,LEASE-RENT OF EPG - PETROLEUM
X237,LEASE-RENT OF EPG - SOLAR
X239,LEASE-RENT OF EPG - OTHER
X241,LEASE-RENT OF FUEL SUPPLY
X242,LEASE-RENT OF HEATING & COOL PLANTS
X243,LEASE-RENT OF POLLUTION ABATEMENT
X244,LEASE-RENT OF SEWAGE & WASTE
X245,LEASE-RENT OF WATER SUPPLY
X249,LEASE/RENTAL OF OTHER UTILITIES
X291,LEASE-RENT OF RECREA NON-BLDG STRUC
X292,LEASE-RENT OF EXHIBIT (NON-BLDG)
X293,LEASE-RENT OF UNIMPROVED REAL PROP
X294,LEASE-RENT OF WASTE TRMT-STORE FAC
X299,LEASE-RENT OF ALL OTH NON-BLDG FACS
X3,LEASE/RENTAL OF RESTORATION ACTIVS
X300,LEASE-RENT OF RESTORATION
Y,CONSTRUCT OF STRUCTURES/FACILITIES
Y1,CONSTRUCTION OF BUILDINGS
Y111,CONSTRUCTION OF OFFICE BUILDINGS
Y112,CONSTRUCT/CONF SPACE & FAC
Y119,CONSTRUCT/OTHER ADMIN & SVCS BLDGS
Y121,CONSTRUCT/AIR TRAFFIC CONT TOWERS
Y122,CONSTRUCT/AIR TRAFFIC TRAINING FAC
Y123,CONSTRUCT/RADAR & NAVIGATIONAL FAC
Y124,CONSTRUCTION OF AIRPORT RUNWAYS
Y125,CONSTRUCTION OF AIRPORT TERMINALS
Y126,CONSTRUCT/MISSILE SYSTEM FACILITIES
Y127,CONSTRUCT/ELCT & COMM SYSTEM FAC
Y129,CONSTRUCT/OTHER AIRFIELD STRUCTURES
Y131,CONSTRUCTION OF SCHOOLS
Y139,CONSTRUCT/OTHER EDUCATIONAL BLDGS
Y141,CONSTRUCT/HOSPITALS & INFIRMARIES
Y142,CONSTRUCT/LABORATORIES & CLINICS
Y149,CONSTRUCT/OTHER HOSPITAL BLDGS
Y151,CONSTRUCT/AMMUNITION FACILITIES
Y152,CONSTRUCT/MAINT BLDGS
Y153,CONSTRUCT/PRODUCTION BLDGS
Y154,CONSTRUCT/SHIP CONSTR & REP FAC
Y155,CONSTRUCT/TANK AUTOMOTIVE FAC
Y159,CONSTRUCT/OTHER INDUSTRIAL BLDGS
Y161,CONSTRUCT/FAMILY HOUSING
Y162,CONSTRUCT/RECREATIONAL BLDGS
Y163,CONSTRUCT/TROOP HOUSING
Y164,CONSTRUCTION OF DINING FACILITIES
Y165,CONSTRUCT/RELIGIOUS FACILITIES
Y166,CONSTRUCTION OF PENAL FACILITIES
Y169,CONSTRUCT/OTHER RESIDENTIAL BLDGS
Y171,CONSTRUCT/AMMUNITION STORAGE BLDG
Y172,CONSTRUCT/FOOD/GRAIN STORAGE BLDGS
Y173,CONSTRUCT/FUEL STORAGE BLDGS
Y174,CONSTRUCT/OPEN STORAGE FACILITIES
Y179,CONSTRUCT/OTHER WAREHOUSE BLDGS
Y181,CONSTRUCT/R&D - GOCO FACILITIES
Y182,CONSTRUCT/R&D - GOGO FACILITIES
Y183,CONSTRUCT/R&D-GOCO ENVIR LABS
Y184,CONSTRUCT/R&D-GOGO ENVIR LABS
Y191,CONSTRUCT/MUSEUMS & EXHIBITION BLDG
Y192,CONSTRUCT/TEST & MEASUREMENT BLDGS
Y199,CONSTRUCT/MISC BLDGS
Y1AA,CONSTRUCTION OF OFFICE BUILDINGS
Y1AB,CONSTRUCTION OF CONFERENCE SPACE AND FACILITIES
Y1AZ,CONSTRUCTION OF OTHER ADMINISTRATIVE FACILITIES AND SERVICE BUILDINGS
Y1BA,CONSTRUCTION OF AIR TRAFFIC CONTROL TOWERS
Y1BB,CONSTRUCTION OF AIR TRAFFIC CONTROL TRAINING FACILITIES
Y1BC,CONSTRUCTION OF RADAR AND NAVIGATIONAL FACILITIES
Y1BD,CONSTRUCTION OF AIRPORT RUNWAYS AND TAXIWAYS
Y1BE,CONSTRUCTION OF AIRPORT TERMINALS
Y1BF,CONSTRUCTION OF MISSILE SYSTEM FACILITIES
Y1BG,CONSTRUCTION OF ELECTRONIC AND COMMUNICATIONS FACILITIES
Y1BZ,CONSTRUCTION OF OTHER AIRFIELD STRUCTURES
Y1CA,CONSTRUCTION OF SCHOOLS
Y1CZ,CONSTRUCTION OF OTHER EDUCATIONAL BUILDINGS
Y1DA,CONSTRUCTION OF HOSPITALS AND INFIRMARIES
Y1DB,CONSTRUCTION OF LABORATORIES AND CLINICS
Y1DZ,CONSTRUCTION OF OTHER HOSPITAL BUILDINGS
Y1EA,CONSTRUCTION OF AMMUNITION FACILITIES
Y1EB,CONSTRUCTION OF MAINTENANCE BUILDINGS
Y1EC,CONSTRUCTION OF PRODUCTION BUILDINGS
Y1ED,CONSTRUCTION OF SHIP CONSTRUCTION AND REPAIR FACILITIES
Y1EE,CONSTRUCTION OF TANK AUTOMOTIVE FACILITIES
Y1EZ,CONSTRUCTION OF OTHER INDUSTRIAL BUILDINGS
Y1FA,CONSTRUCTION OF FAMILY HOUSING FACILITIES
Y1FB,CONSTRUCTION OF RECREATIONAL BUILDINGS
Y1FC,CONSTRUCTION OF TROOP HOUSING FACILITIES
Y1FD,CONSTRUCTION OF DINING FACILITIES
Y1FE,CONSTRUCTION OF RELIGIOUS FACILITIES
Y1FF,CONSTRUCTION OF PENAL FACILITIES
Y1FZ,CONSTRUCTION OF OTHER RESIDENTIAL BUILDINGS
Y1GA,CONSTRUCTION OF AMMUNITION STORAGE BUILDINGS
Y1GB,CONSTRUCTION OF FOOD OR GRAIN STORAGE BUILDINGS
Y1GC,CONSTRUCTION OF FUEL STORAGE BUILDINGS
Y1GD,CONSTRUCTION OF OPEN STORAGE FACILITIES
Y1GZ,CONSTRUCTION OF OTHER WAREHOUSE BUILDINGS
Y1HA,CONSTRUCTION OF GOVERNMENT-OWNED CONTRACTOR-OPERATED (GOCO) R&D FACILITIES
Y1HB,CONSTRUCTION OF GOVERNMENT-OWNED GOVERNMENT-OPERATED (GOGO) R&D FACILITIES
Y1HC,CONSTRUCTION OF GOVERNMENT-OWNED CONTRACTOR-OPERATED (GOCO) ENVIRONMENTAL LABORATORIES
Y1HZ,CONSTRUCTION OF GOVERNMENT-OWNED GOVERNMENT-OPERATED (GOGO) ENVIRONMENTAL LABORATORIES
Y1JA,CONSTRUCTION OF MUSEUMS AND EXHIBITION BUILDINGS
Y1JB,CONSTRUCTION OF TESTING AND MEASUREMENT BUILDINGS
Y1JZ,CONSTRUCTION OF MISCELLANEOUS BUILDINGS
Y1KA,CONSTRUCTION OF DAMS
Y1KB,CONSTRUCTION OF CANALS
Y1KC,CONSTRUCTION OF MINE FIRE CONTROL FACILITIES
Y1KD,CONSTRUCTION OF MINE SUBSIDENCE CONTROL FACILITIES
Y1KE,CONSTRUCTION OF SURFACE MINE RECLAMATION FACILITIES
Y1KF,CONSTRUCTION OF DREDGING FACILITIES
Y1KZ,CONSTRUCTION OF OTHER CONSERVATION AND DEVELOPMENT FACILITIES
Y1LA,CONSTRUCTION OF AIRPORT SERVICE ROADS
Y1LB,"CONSTRUCTION OF HIGHWAYS, ROADS, STREETS, BRIDGES, AND RAILWAYS"
Y1LC,CONSTRUCTION OF TUNNELS AND SUBSURFACE STRUCTURES
Y1LZ,CONSTRUCTION OF PARKING FACILITIES
Y1MA,CONSTRUCTION OF EPG FACILITIES - COAL
Y1MB,CONSTRUCTION OF EPG FACILITIES - GAS
Y1MC,CONSTRUCTION OF EPG FACILITIES - GEOTHERMAL
Y1MD,CONSTRUCTION OF EPG FACILITIES - HYDRO
Y1ME,CONSTRUCTION OF EPG FACILITIES - NUCLEAR
Y1MF,CONSTRUCTION OF EPG FACILITIES - PETROLEUM
Y1MG,CONSTRUCTION OF EPG FACILITIES - SOLAR
Y1MH,CONSTRUCTION OF EPG FACILITIES - WIND
Y1MZ,"CONSTRUCTION OF EPG FACILITIES - OTHER, INCLUDING TRANSMISSION"
Y1NA,CONSTRUCTION OF FUEL SUPPLY FACILITIES
Y1NB,CONSTRUCTION OF HEATING AND COOLING PLANTS
Y1NC,CONSTRUCTION OF POLLUTION ABATEMENT AND CONTROL FACILITIES
Y1ND,CONSTRUCTION OF SEWAGE AND WASTE FACILITIES
Y1NE,CONSTRUCTION OF WATER SUPPLY FACILITIES
Y1NZ,CONSTRUCTION OF OTHER UTILITIES
Y1PA,CONSTRUCTION OF RECREATION FACILITIES (NON-BUILDING)
Y1PB,CONSTRUCTION OF EXHIBIT DESIGN (NON-BUILDING)
Y1PC,CONSTRUCTION OF UNIMPROVED REAL PROPERTY (LAND)
Y1PD,CONSTRUCTION OF WASTE TREATMENT AND STORAGE FACILITIES
Y1PZ,CONSTRUCTION OF OTHER NON-BUILDING FACILITIES
Y1QA,CONSTRUCTION OF RESTORATION OF REAL PROPERTY (PUBLIC OR PRIVATE)
Y2,CONSTRUCT NONBUILDING FACILITIES
Y211,CONSTRUCTION OF DAMS
Y212,CONSTRUCTION OF CANALS
Y213,CONSTRUCT/MINE FIRE CONT
Y214,CONSTRUCT/MINE SUBSIDENCE CONT
Y215,CONSTRUCT/SURFACE MINE RECLAMATION
Y216,CONSTRUCTION OF DREDGING
Y217,"Dredging, incl. Dustpan and Sea-Going Hoppers"
Y219,CONSTRUCT/OTHER CONSERVATION
Y221,CONSTRUCT/AIRPORT SERVICE ROADS
Y222,CONSTRUCT/HIGHWAYS-RDS-STS-BRDGS-RA
Y223,CONSTRUCT/TUNNEL & SUBSURF STRUCT
Y224,CONSTRUCT/PARKING FACILITIES
Y231,CONSTRUCT/EPG - COAL
Y232,CONSTRUCT/EPG - GAS
Y233,CONSTRUCT/EPG - GEOTHERMAL
Y234,CONSTRUCT/EPG - HYDRO
Y235,CONSTRUCT/EPG - NUCLEAR
Y236,CONSTRUCT/EPG - PETROLEUM
Y237,CONSTRUCT/EPG - SOLAR
Y239,CONSTRUCT/EPG - OTHER INCL TRANSM
Y241,CONSTRUCT/FUEL SUPPLY
Y242,CONSTRUCT/HEATING & COOLING PLANTS
Y243,CONSTRUCT/POLLUTE ABATEMENT & CONTR
Y244,CONSTRUCT/SEWAGE & WASTE
Y245,CONSTRUCT/WATER SUPPLY
Y249,CONSTRUCTION OF OTHER UTILITIES
Y291,CONSTRUCT/REC NON-BLDG STRUCTS
Y292,CONSTRUCT/EXHIBIT (NON-BLDG)
Y293,CONSTRUCT/UNIMPROVED REAL PROP
Y294,CONSTRUCT/WASTE TRMT-STORE FAC
Y299,CONTRUCT/ALL OTHER NON-BLDG FACS
Y3,CONSTRUCT OF RESTORATION ACTIVITIES
Y300,CONSTRUCT/RESTORATION
Z,"MAINT, REPAIR, ALTER REAL PROPERTY"
Z1,"MAINT, ALTER, REPAIR BUILDINGS"
Z111,MAINT-REP-ALT/OFFICE BLDGS
Z112,MAINT-REP-ALT/CONF SPACE & FAC
Z119,MAINT-REP-ALT/OTHER ADMIN BLDGS
Z121,MAINT-REP-ALT/AIR TRAFFIC TOWERS
Z122,MAINT-REP-ALT/AIR TRAFFIC TNG FAC
Z123,MAINT-REP-ALT/RADAR & NAV FAC
Z124,MAINT-REP-ALT/AIRPORT RUNWAYS
Z125,MAINT-REP-ALT/AIRPORT TERMINALS
Z126,MAINT-REP-ALT/MISSILE SYSTEMS FAC
Z127,MAINT-REP-ALT/ELCT & COMM SYS FAC
Z128,
Z129,MAINT-REP-ALT/OTH AIRFIELD STRUCT
Z131,MAINT-REP-ALT/SCHOOLS
Z139,MAINT-REP-ALT/OTHER EDUCATIONAL BLD
Z141,MAINT-REP-ALT/HOSPITALS & INFIRMARY
Z142,MAINT-REP-ALT/LABS & CLINICS
Z149,MAINT-REP-ALT/OTHER HOSPITAL BLDGS
Z151,MAINT-REP-ALT/AMMUNITION FACILITIES
Z152,MAINT-REP-ALT/MAINT BLDGS
Z153,MAINT-REP-ALT/PRODUCTION BLDGS
Z154,MAINT-REP-ALT/SHIP CONST-REPAIR FAC
Z155,MAINT-REP-ALT/TANK AUTOMOTIVE FAC
Z159,MAINT-REP-ALT/OTHER INDUSTRIAL BLDG
Z161,MAINT-REP-ALT/FAMILY HOUSING
Z162,MAINT-REP-ALT/RECREATIONAL BLDGS
Z163,MAINT-REP-ALT/TROOP HOUSING
Z164,MAINT-REP-ALT/DINING FACILITIES
Z165,MAINT-REP-ALT/RELIGIOUS FACILITIES
Z166,MAINT-REP-ALT/PENAL FACILITIES
Z169,MAINT-REP-ALT/OTHER RESIDENTIAL BLD
Z171,MAINT-REP-ALT/AMMO STORAGE BLDGS
Z172,MAINT-REP-ALT/FOOD STORAGE BLDGS
Z173,MAINT-REP-ALT/FUEL STORAGE BLDGS
Z174,MAINT-REP-ALT/OPEN STORAGE FAC
Z179,MAINT-REP-ALT/OTHER WAREHOUSE BLDGS
Z181,MAINT-REP-ALT/R&D GOCO FACILITIES
Z182,MAINT-REP-ALT/R&D GOGO FACILITIES
Z183,MAINT-REP-ALT/R&D GOCO ENVIR LABS
Z184,MAINT-REP-ALT/R&D GOGO ENVIR LABS
Z191,MAINT-REP-ALT/EXHIBITION BUILDINGS
Z192,MAINT-REP-ALT/TEST BUILDINGS
Z199,MAINT-REP-ALT/MISC BLDGS
Z1AA,MAINTENANCE OF OFFICE BUILDINGS
Z1AB,MAINTENANCE OF CONFERENCE SPACE AND FACILITIES
Z1AZ,MAINTENANCE OF OTHER ADMINISTRATIVE FACILITIES AND SERVICE BUILDINGS
Z1BA,MAINTENANCE OF AIR TRAFFIC CONTROL TOWERS
Z1BB,MAINTENANCE OF AIR TRAFFIC CONTROL TRAINING FACILITIES
Z1BC,MAINTENANCE OF RADAR AND NAVIGATIONAL FACILITIES
Z1BD,MAINTENANCE OF AIRPORT RUNWAYS AND TAXIWAYS
Z1BE,MAINTENANCE OF AIRPORT TERMINALS
Z1BF,MAINTENANCE OF MISSILE SYSTEM FACILITIES
Z1BG,MAINTENANCE OF ELECTRONIC AND COMMUNICATIONS FACILITIES
Z1BZ,MAINTENANCE OF OTHER AIRFIELD STRUCTURES
Z1CA,MAINTENANCE OF SCHOOLS
Z1CZ,MAINTENANCE OF OTHER EDUCATIONAL BUILDINGS
Z1DA,MAINTENANCE OF HOSPITALS AND INFIRMARIES
Z1DB,MAINTENANCE OF LABORATORIES AND CLINICS
Z1DZ,MAINTENANCE OF OTHER HOSPITAL BUILDINGS
Z1EA,MAINTENANCE OF AMMUNITION FACILITIES
Z1EB,MAINTENANCE OF MAINTENANCE BUILDINGS
Z1EC,MAINTENANCE OF PRODUCTION BUILDINGS
Z1ED,MAINTENANCE OF SHIP CONSTRUCTION AND REPAIR FACILITIES
Z1EE,MAINTENANCE OF TANK AUTOMOTIVE FACILITIES
Z1EZ,MAINTENANCE OF OTHER INDUSTRIAL BUILDINGS
Z1FA,MAINTENANCE OF FAMILY HOUSING FACILITIES
Z1FB,MAINTENANCE OF RECREATIONAL BUILDINGS
Z1FC,MAINTENANCE OF TROOP HOUSING FACILITIES
Z1FD,MAINTENANCE OF DINING FACILITIES
Z1FE,MAINTENANCE OF RELIGIOUS FACILITIES
Z1FF,MAINTENANCE OF PENAL FACILITIES
Z1FZ,MAINTENANCE OF OTHER RESIDENTIAL BUILDINGS
Z1GA,MAINTENANCE OF AMMUNITION STORAGE BUILDINGS
Z1GB,MAINTENANCE OF FOOD OR GRAIN STORAGE BUILDINGS
Z1GC,MAINTENANCE OF FUEL STORAGE BUILDINGS
Z1GD,MAINTENANCE OF OPEN STORAGE FACILITIES
Z1GZ,MAINTENANCE OF OTHER WAREHOUSE BUILDINGS
Z1HA,MAINTENANCE OF GOVERNMENT-OWNED CONTRACTOR-OPERATED (GOCO) R&D FACILITIES
Z1HB,MAINTENANCE OF GOVERNMENT-OWNED GOVERNMENT-OPERATED (GOGO) R&D FACILITIES
Z1HC,MAINTENANCE OF GOVERNMENT-OWNED CONTRACTOR-OPERATED (GOCO) ENVIRONMENTAL LABORATORIES
Z1HZ,MAINTENANCE OF GOVERNMENT-OWNED GOVERNMENT-OPERATED (GOGO) ENVIRONMENTAL LABORATORIES
Z1JA,MAINTENANCE OF MUSEUMS AND EXHIBITION BUILDINGS
Z1JB,MAINTENANCE OF TESTING AND MEASUREMENT BUILDINGS
Z1JZ,MAINTENANCE OF MISCELLANEOUS BUILDINGS
Z1KA,MAINTENANCE OF DAMS
Z1KB,MAINTENANCE OF CANALS
Z1KC,MAINTENANCE OF MINE FIRE CONTROL FACILITIES
Z1KD,MAINTENANCE OF MINE SUBSIDENCE CONTROL FACILITIES
Z1KE,MAINTENANCE OF SURFACE MINE RECLAMATION FACILITIES
Z1KF,MAINTENANCE OF DREDGING FACILITIES
Z1KZ,MAINTENANCE OF OTHER CONSERVATION AND DEVELOPMENT FACILITIES
Z1LA,MAINTENANCE OF AIRPORT SERVICE ROADS
Z1LB,MAINTENANCE OF HIGHWAYS/ROADS/STREETS/BRIDGES/RAILWAYS
Z1LC,MAINTENANCE OF TUNNELS AND SUBSURFACE STRUCTURES
Z1LZ,MAINTENANCE OF PARKING FACILITIES
Z1MA,MAINTENANCE OF EPG FACILITIES - COAL
Z1MB,MAINTENANCE OF EPG FACILITIES - GAS
Z1MC,MAINTENANCE OF EPG FACILITIES - GEOTHERMAL
Z1MD,MAINTENANCE OF EPG FACILITIES - HYDRO
Z1ME,MAINTENANCE OF EPG FACILITIES - NUCLEAR
Z1MF,MAINTENANCE OF EPG FACILITIES - PETROLEUM
Z1MG,MAINTENANCE OF EPG FACILITIES - SOLAR
Z1MH,MAINTENANCE OF EPG FACILITIES - WIND
Z1MZ,"MAINTENANCE OF EPG FACILITIES - OTHER, INCLUDING TRANSMISSION"
Z1NA,MAINTENANCE OF FUEL SUPPLY FACILITIES
Z1NB,MAINTENANCE OF HEATING AND COOLING PLANTS
Z1NC,MAINTENANCE OF POLLUTION ABATEMENT AND CONTROL FACILITIES
Z1ND,MAINTENANCE OF SEWAGE AND WASTE FACILITIES
Z1NE,MAINTENANCE OF WATER SUPPLY FACILITIES
Z1NZ,MAINTENANCE OF OTHER UTILITIES
Z1PA,MAINTENANCE OF RECREATION FACILITIES (NON-BUILDING)
Z1PB,MAINTENANCE OF EXHIBIT DESIGN (NON-BUILDING)
Z1PC,MAINTENANCE OF UNIMPROVED REAL PROPERTY (LAND)
Z1PD,MAINTENANCE OF WASTE TREATMENT AND STORAGE FACILITIES
Z1PZ,MAINTENANCE OF OTHER NON-BUILDING FACILITIES
Z1QA,MAINTENANCE OF RESTORATION OF REAL PROPERTY (PUBLIC OR PRIVATE)
Z2,"MAINT, ALTER, REPAIR NONBUILDINGS"
Z211,MAINT-REP-ALT/DAMS
Z212,MAINT-REP-ALT/CANALS
Z213,MAINT-REP-ALT/MINE FIRE CONT
Z214,MAINT-REP-ALT/MINE SUBSIDENCE CONT
Z215,MAINT-REP-ALT/SURFACE MINE RECLAM
Z216,MAINT-REP-ALT/DREDGING
Z217,"Dredging, incl. Dustpan and Sea-Going Hoppers"
Z219,MAINT-REP-ALT/OTHER CONSV STRUCTURE
Z221,MAINT-REP-ALT/AIRPORT SERVICE ROADS
Z222,MAINT-REP-ALT/HWYS-RDS-STS-BRDGS-RA
Z223,MAINT-REP-ALT/TUNNELS-SUBSURF STRUC
Z224,MAINT-REP-ALT/PARKING FACILITIES
Z231,MAINT-REP-ALT/EPG - COAL
Z232,MAINT-REP-ALT/EPG - GAS
Z233,MAINT-REP-ALT/EPG - GEOTHERMAL
Z234,MAINT-REP-ALT/EPG - HYDRO
Z235,MAINT-REP-ALT/EPG - NUCLEAR
Z236,MAINT-REP-ALT/EPG - PETROLEUM
Z237,MAINT-REP-ALT/EPG - SOLAR
Z239,MAINT-REP-ALT/EPG - OTHER
Z241,MAINT-REP-ALT/FUEL SUPPLY
Z242,MAINT-REP-ALT/HEATING & COOL PLANTS
Z243,MAINT-REP-ALT/POLLUTION ABATEMENT
Z244,MAINT-REP-ALT/SEWAGE & WASTE
Z245,MAINT-REP-ALT/WATER SUPPLY
Z249,MAINT-REP-ALT/OTHER UTILITIES
Z291,MAINT-REP-ALT/RECREA NON-BLDG STRUC
Z292,MAINT-REP-ALT/EXHIBIT (NON-BLDG)
Z293,MAINT-REP-ALT/UNIMPROVED REAL PROP
Z294,MAINT-REP-ALT/WASTE TRMT-STORE FAC
Z299,"MAINT, REP/ALTER/ALL OTHER"
Z2AA,REPAIR OR ALTERATION OF OFFICE BUILDINGS
Z2AB,REPAIR OR ALTERATION OF CONFERENCE SPACE AND FACILITIES
Z2AZ,REPAIR OR ALTERATION OF OTHER ADMINISTRATIVE FACILITIES AND SERVICE BUILDINGS
Z2BA,REPAIR OR ALTERATION OF AIR TRAFFIC CONTROL TOWERS
Z2BB,REPAIR OR ALTERATION OF AIR TRAFFIC CONTROL TRAINING FACILITIES
Z2BC,REPAIR OR ALTERATION OF RADAR AND NAVIGATIONAL FACILITIES
Z2BD,REPAIR OR ALTERATION OF AIRPORT RUNWAYS AND TAXIWAYS
Z2BE,REPAIR OR ALTERATION OF AIRPORT TERMINALS
Z2BF,REPAIR OR ALTERATION OF MISSILE SYSTEM FACILITIES
Z2BG,REPAIR OR ALTERATION OF ELECTRONIC AND COMMUNICATIONS FACILITIES
Z2BZ,REPAIR OR ALTERATION OF OTHER AIRFIELD STRUCTURES
Z2CA,REPAIR OR ALTERATION OF SCHOOLS
Z2CZ,REPAIR OR ALTERATION OF OTHER EDUCATIONAL BUILDINGS
Z2DA,REPAIR OR ALTERATION OF HOSPITALS AND INFIRMARIES
Z2DB,REPAIR OR ALTERATION OF LABORATORIES AND CLINICS
Z2DZ,REPAIR OR ALTERATION OF OTHER HOSPITAL BUILDINGS
Z2EA,REPAIR OR ALTERATION OF AMMUNITION FACILITIES
Z2EB,REPAIR OR ALTERATION OF MAINTENANCE BUILDINGS
Z2EC,REPAIR OR ALTERATION OF PRODUCTION BUILDINGS
Z2ED,REPAIR OR ALTERATION OF SHIP CONSTRUCTION AND REPAIR FACILITIES
Z2EE,REPAIR OR ALTERATION OF TANK AUTOMOTIVE FACILITIES
Z2EZ,REPAIR OR ALTERATION OF OTHER INDUSTRIAL BUILDINGS
Z2FA,REPAIR OR ALTERATION OF FAMILY HOUSING FACILITIES
Z2FB,REPAIR OR ALTERATION OF RECREATIONAL BUILDINGS
Z2FC,REPAIR OR ALTERATION OF TROOP HOUSING FACILITIES
Z2FD,REPAIR OR ALTERATION OF DINING FACILITIES
Z2FE,REPAIR OR ALTERATION OF RELIGIOUS FACILITIES
Z2FF,REPAIR OR ALTERATION OF PENAL FACILITIES
Z2FZ,REPAIR OR ALTERATION OF OTHER RESIDENTIAL BUILDINGS
Z2GA,REPAIR OR ALTERATION OF AMMUNITION STORAGE BUILDINGS
Z2GB,REPAIR OR ALTERATION OF FOOD OR GRAIN STORAGE BUILDINGS
Z2GC,REPAIR OR ALTERATION OF FUEL STORAGE BUILDINGS
Z2GD,REPAIR OR ALTERATION OF OPEN STORAGE FACILITIES
Z2GZ,REPAIR OR ALTERATION OF OTHER WAREHOUSE BUILDINGS
Z2HA,REPAIR OR ALTERATION OF GOVERNMENT-OWNED CONTRACTOR-OPERATED (GOCO) R&D FACILITIES
Z2HB,REPAIR OR ALTERATION OF GOVERNMENT-OWNED GOVERNMENT-OPERATED (GOGO) R&D FACILITIES
Z2HC,REPAIR OR ALTERATION OF GOVERNMENT-OWNED CONTRACTOR-OPERATED (GOCO) ENVIRONMENTAL LABORATORIES
Z2HZ,REPAIR OR ALTERATION OF GOVERNMENT-OWNED GOVERNMENT-OPERATED (GOGO) ENVIRONMENTAL LABORATORIES
Z2JA,REPAIR OR ALTERATION OF MUSEUMS AND EXHIBITION BUILDINGS
Z2JB,REPAIR OR ALTERATION OF TESTING AND MEASUREMENT BUILDINGS
Z2JZ,REPAIR OR ALTERATION OF MISCELLANEOUS BUILDINGS
Z2KA,REPAIR OR ALTERATION OF DAMS
Z2KB,REPAIR OR ALTERATION OF CANALS
Z2KC,REPAIR OR ALTERATION OF MINE FIRE CONTROL FACILITIES
Z2KD,REPAIR OR ALTERATION OF MINE SUBSIDENCE CONTROL FACILITIES
Z2KE,REPAIR OR ALTERATION OF SURFACE MINE RECLAMATION FACILITIES
Z2KF,REPAIR OR ALTERATION OF DREDGING FACILITIES
Z2KZ,REPAIR OR ALTERATION OF OTHER CONSERVATION AND DEVELOPMENT FACILITIES
Z2LA,REPAIR OR ALTERATION OF AIRPORT SERVICE ROADS
Z2LB,REPAIR OR ALTERATION OF HIGHWAYS/ROADS/STREETS/BRIDGES/RAILWAYS
Z2LC,REPAIR OR ALTERATION OF TUNNELS AND SUBSURFACE STRUCTURES
Z2LZ,REPAIR OR ALTERATION OF PARKING FACILITIES
Z2MA,REPAIR OR ALTERATION OF EPG FACILITIES - COAL
Z2MB,REPAIR OR ALTERATION OF EPG FACILITIES - GAS
Z2MC,REPAIR OR ALTERATION OF EPG FACILITIES - GEOTHERMAL
Z2MD,REPAIR OR ALTERATION OF EPG FACILITIES - HYDRO
Z2ME,REPAIR OR ALTERATION OF EPG FACILITIES - NUCLEAR
Z2MF,REPAIR OR ALTERATION OF EPG FACILITIES - PETROLEUM
Z2MG,REPAIR OR ALTERATION OF EPG FACILITIES - SOLAR
Z2MH,REPAIR OR ALTERATION OF EPG FACILITIES - WIND
Z2MZ,"REPAIR OR ALTERATION OF EPG FACILITIES - OTHER, INCLUDING TRANSMISSION"
Z2NA,REPAIR OR ALTERATION OF FUEL SUPPLY FACILITIES
Z2NB,REPAIR OR ALTERATION OF HEATING AND COOLING PLANTS
Z2NC,REPAIR OR ALTERATION OF POLLUTION ABATEMENT AND CONTROL FACILITIES
Z2ND,REPAIR OR ALTERATION OF SEWAGE AND WASTE FACILITIES
Z2NE,REPAIR OR ALTERATION OF WATER SUPPLY FACILITIES
Z2NZ,REPAIR OR ALTERATION OF OTHER UTILITIES
Z2PA,REPAIR OR ALTERATION OF RECREATION FACILITIES (NON-BUILDING)
Z2PB,REPAIR OR ALTERATION OF EXHIBIT DESIGN (NON-BUILDING)
Z2PC,REPAIR OR ALTERATION OF UNIMPROVED REAL PROPERTY (LAND)
Z2PD,REPAIR OR ALTERATION OF WASTE TREATMENT AND STORAGE FACILITIES
Z2PZ,REPAIR OR ALTERATION OF OTHER NON-BUILDING FACILITIES
Z2QA,REPAIR OR ALTERATION OF RESTORATION OF REAL PROPERTY (PUBLIC OR PRIVATE)
Z3,"MAINT, ALTER, REPAIR RESTOR ACVIVS"
Z300,"MAINT, REP-ALT/RESTORATION"